:0200000480007A
:1200200073646820737468A0036568CA0BC30030009058
:200034004E414E000F05D011174580010B00D0010F00B02142218B0101110F2010006B0591
:20005400002000903256FF0626003B00FEFF3FF617000F6510308B0602601745802600906C
:200074003256FF0618003B00FEFF3FF60F000F6500308B060260174580260090A2F637054E
:20009400C13F0F6510200090A2F682030F6500200090DA207FF60700174580360F640020BC
:2000B4000090A2F682020F64003000906E616E00494E4600696E6600000600F000AE03F05F
:2000D4000100000000000000000600F000AF03F00300000001000000000600F000AE03F0D8
:0800F400000000009000000074
:200100000000000000000000000000000000000000000000000000000000000000000000DF
:200120000000000000000000000000000000000000000000000000000000000000000000BF
:2001400000000000000000000000000000000000000000000000000000000000000000009F
:2001600000000000000000000000000000000000000000000000000000000000000000007F
:2001800000000000000000000000000000000000000000000000000000000000000000005F
:2001A00000000000000000000000000000000000000000000000000000000000000000003F
:2001C00000000000000000000000000000000000000000000000000000000000000000001F
:2001E0000000000000000000000000000000000000000000000000000000000000000000FF
:20020000820C822D3C130757FFCF8755BFDFCE57460546048B1480408B05A050CE77460781
:2002200046068B1680608B07A07082028203820082013A260B2700F26E023C4F0B6430F132
:200240000B7500F20B75A0F26E04024002513C453A640B7500F26E0382123C3F3B0004E0E3
:200260000B6030F10B7100F20B71A0F2DE1087559FFF06116701801F8B1FE00602480259BB
:2002800006156745805F0614C2FE3CEB0284029506F067101F0006F1C21E82087AE86E1DC0
:2002A00087559FFF06116701801F8B1FE0060B60C0A00B71D0B007BB9FFF06156745805F49
:2002C000061406136723803F8B1FE0266E0302A002B1C2183FE8E67F76C7460346028B125B
:2002E00080208B03A030DF2D0B00071DE0FF76F7460146008B1080008B01A01000903B00CA
:20030000034040F440C5007074DF3B00034040C4007061000E00370A6800DA0A4BF0110262
:200320000070610006003BE0024040C4007054DFC21F74DF0070DA0C7FF40B00538420F0F3
:20034000911000F8D9FF44E210FFD4F23C02A0023C0100902010094F4C18161F3C018200A4
:200360003E0782203E0782405F0F28003C2982023C298202911000F8D9FFF86349FF000A09
:2003800049A2000AA0F404FF242FFC4E913000FF39FF0016160F6E0F82246D00D71D9130BC
:2003A00000FF39FF0016160F10AF14FF4B0F61F14BF251203C013C066D00561C3C0382027E
:2003C0003C013C01009082F282003C17538020F0911000F8D9FF44E210FFD4FF7D4F0D8015
:2003E000538020F0911000F8D9FF44E210FF481F370F48203C04C210BFC0EAFF3C01009018
:20040000404F40F46DFFA8FF09FFD408370F6CF0C21F4B0F41F14BF251203C0100906DFF2C
:20042000D4FF53C220F060FF9140003F30F3D93F101849F2080A3C0100906DFFC6FF53C292
:2004400020F060FF9140003F30F3D9321018B0423C0100906DFFB9FF53C220F060FF91408F
:20046000003F30F3D93210183C010090494F081A3C0554FF345FB015C2F4FF14FCFF02426C
:200480003C0100902010404F0B541088026A89A7080909FF4C18161F78033C0140F46DFF33
:2004A000B1FFC2188B4860F3370F68F074AF8B1A60F3370F68F0780154AF4B0F61F14BF9C9
:2004C00041503BF026F19B3FA8F34BF5413082044B5251004B00716182108F461FF06E0DA1
:2004E0007B0018144B1941104B1251104B0171118F411FF06E023C010269821882074B00AF
:2005000061014B0241F04B0661014B0F51006B0031F582014B1F01F0AE046B0031B53C05EA
:200520006B0031F567FFBFBF4B3B01F016038B0F20F26E028214822D3C39DF2D05808210BD
:20054000821E3C0773D70A004B8011028B1000E03C234B0D61A14BA241A0036D0AC04B0CF3
:2005600061F14BFA51C06B0C31F5820A4BAF01F0AE046B0C31A53C056B0C31F567FFBFAF0E
:200580004BAB01F0370F61F16E0602AB02D8036D0A900207C2107F0EDEFF4B3B01F0160302
:2005A0008B0F20F26E023C09C21DF647736D0AF03BF0FF007FF0C3FF820440F46D0036002C
:2005C00009FFE00837097000370F0CF089FFA00809FFE20837087000370F0CF089FFA208F4
:2005E00009F0560854AFC2FF370F68F037F004F089FF160809F05708580137F004F089FF2D
:20060000170858026E03DA013C02DA0009F0570837F081F389FF170840F409A40C096D0000
:20062000050082123C010090094F4C18374F05F0894F0C18F6493C01094F4F18370FE1F3CC
:200640003C01EEFB3C093C01094F4F18370FE1F33C01DF1FFBFF0090494F041A3C05145FEA
:2006600074FFB015C2F4FF14FCFF02423C0100902008F4A4405DD4DFF44F40F46D00C407AE
:20068000820440F46DFFD2FFDA0009F05A0837F002F089FF1A0809DFC80809F0D408C2FF1D
:2006A000370F70F037F00CF0ACFA09D46C0840F46DFFBCFF09D4040909D54A0809D64D08D1
:2006C00009D74C0840F46DFFDFFE0228820440F46DFFACFF09DF7C086E0382103C0282003F
:2006E000087F370F01F22CF709DF56086E03DA013C02DA0009F05B0837F001F389FF1B084B
:2007000009DF540809F05B0837F081F389FF1B0809DF510809F0590837F083F089FF190815
:2007200009DF530809F05B0837F001F289FF1B0809DF550809F05C0837F004F089FF1C08EC
:2007400009D0580808CF370F02F32CFC09DF590809F0500837F002F389FF100809DF500890
:2007600009F0D80837F003F3ACFC09D05A0808DF8BF0200337006800370F04F02CFD09DF31
:200780005B0809F051088BFF20F3370F68F037F004F089FF110809D05D0808CF370F02F25E
:2007A0002CFC09DF5E0809F0500837F002F289FF100809DF520809F05A0837F002F089FF79
:2007C0001A0809DCA809BD0C7900D4CEBD0E280009C0040809C95D084CE16E2109E4840948
:2007E00009E44808370068506D00620A09E4840909E4480802956D008D0AD4E2DA016E03A0
:2008000082103C0282000C27370F81F22C27D4E20CEC0920460837F002F02C2609CE88094F
:20082000BD0E1E0009C00C0809C95D084CE16E1709E4840909E44808370068506D00380AB4
:2008400009E4840909E4480802956D00630AD4E20CEC0920440837F003F02C2409CE900973
:20086000BD0E150009C5540809C95D0809E4840909E448080CECA6F56D001A0A09E48409E2
:2008800009E4480802956D00450A09CE9809BD0E150009C55C0809C95D0809E4840909E4A0
:2008A00048080CECA6F56D00030A09E4840909E4480802956D002E0A09D46C0840F46DFFF7
:2008C000B5FEDA0089FF001982FF6CFFDA00D4A22C2E09DF6D082E0CDA016E03DA013C0258
:2008E000DA0009F0421837F001F089FF021809DF6D082E1CDA016E03DA013C02DA0009F032
:20090000421837F001F189FF021809DF6D082E2CDA016E03DA013C02DA0009F0431837F051
:2009200001F189FF031809DF6D082E3CDA016E03DA013C02DA0009F0431837F081F189FFA7
:20094000031809DF6D082E4CDA016E03DA013C02DA0009F0431837F001F389FF0318DA007A
:200960002C2DDA002C2C09DF7D082C2FD20089205409DA006C240C2F82003E0482103E040F
:200980003C0682193C063BC000903C0382093C014CDC6E0C09D4B00909D4AE0802956D00D7
:2009A0001B29D4A4894284093C0909D4AE0802956D00FE28D4A4894284094CDE6E0C09D4D0
:2009C000B80909D4B40802956D000629D4A4894288093C0909D4B40802956D00E928D4A44B
:2009E0008942880909D9660809DFE208EE03DF19228040F46DFF23FD09DFE2081420370FE2
:200A000068F037F008F0342F0C21379F83F12C210C2396022C23DA016E03DA013C02DA00E3
:200A200009F0431837F001F289FF03180C2196042C2109DFE008EE03DF19228040F46DFF96
:200A40000BFD09DFE0081420370F68F037F008F0342F0C21379F83F12C210C2396022C2390
:200A6000DA016E03DA013C02DA0009F0431837F081F389FF03180C2196042C2109DFE408BD
:200A80006E2140F46DFFCDFC09DFE4081420370F68F037F008F0342F0C21379F83F12C2172
:200AA0000C2396022C23DA016E03DA013C02DA0009F0421837F001F089FF02180C2196040D
:200AC0002C21DA016E03DA013C02DA0009F0500837F081F089FF1008DA016E0382103C02E5
:200AE000820008CF370F81F02CFC09FF5008960189FF100808CF96012CFC02823C01009040
:200B0000F445DA00894F3C08DA02894F2C08DA01AC447B107EF46C41DA032C4ADA002C4CA4
:200B2000DA032C4DDA00894F1008DA01894F1108DA01894F1208DA00894F1308DA00894F7D
:200B40001608DA00894F1408DA07894F1508DA01894F1808DA01894F1908DA00894F1A0858
:200B6000DA00894F1B08DA00894F1C08DA00894F1D08DA00894F1E08DA00894FA208DA00E5
:200B8000894FA008DA00894FA408DA00894F2608DAFF894F2D08A00FEC4AA00FEC4EA00F34
:200BA000EC4CDA00894FAE08DA00894FB408DA00894F3D080090D44F09FF760816013C01A3
:200BC0006E0909FF7E08960189FF3E080C4E96012C4E09FF7608370F61F13C016E0909FF66
:200BE0007E08960489FF3E080C4E96022C4E09FF7708370F61F13C016E0909FF7F0896049F
:200C000089FF3F080C4E96042C4E09FF7708370FE1F13C016E0909FF7F08960889FF3F0848
:200C20000C4E96082C4E09FF7708370F61F33C016E0909FF7F08964089FF3F080C4E961039
:200C40002C4E0090404F6D00BA25022F02F46D00B624821074F002F46D00D1253C0114FFA2
:200C6000370FE1F0BA0F3C01DF1FFB7F0090404F6D00A525022F02F46D00A12414F0B70075
:200C8000010034F002F46D00BA253C0114FF370FE1F0BA0F3C016EFB0090FF240B00538482
:200CA00020F0911000F8D9FF881210FFD4F23C02A0023C01009082F282003C17538020F06B
:200CC000911000F8D9FF881210FFD4FF7D4F0D80538020F0911000F8D9FF881210FF481F6A
:200CE000370F48203C04C210BF20EAFF3C01009002486DFFE2FF914000FFD9FF00B8530253
:200D000021F010FF534820F010F23C0100907643DF140980094F6C28375F02F0894F2C2864
:200D20003C42DF240400DF340980094F6C28375F02F1894F2C283C37DF440400DF5409809B
:200D4000094F6C28375F02F2894F2C283C2CDA0C7E48094F6C28375F02F3894F2C283C23DB
:200D6000DA0A3E43DA0D7E48094F6D28375F02F0894F2D283C18DF640400DF740980094FF0
:200D80006D28375F02F1894F2D283C0DDA083E43DA097E48094F6D28375F02F2894F2D280F
:200DA0003C0200A00090404F0B451088026A6D00FE18022B4B8B51406D001B290220820373
:200DC0003C0782224B200102F6023C05C213DA103FF3F9FFDA107FF34B8076A682204B0963
:200DE00011029AF03C029AF9370F700009F1E4083701100089F0A408DA018200820137F174
:200E000001133701011789F138198F7300F182005380201082700F10000009F2301982F460
:200E2000C64026020F1F00F0A6F289F230198F8300F18B0F20F26E0DDA00538F20F0C23F13
:200E400082100FF0000009FF3019A60F89FF301909FF701837AF81F389FF3018DA010F3F47
:200E600000F04B0F61F14BFB51203C0282023C010090094054080C5C8B4FA0F237F001F3FC
:200E8000894F1408094051080C5C37F002F3894F11080090404F024F02586D008818022945
:200EA0004BF951406D00A528022082033C0782224B200102F6023C05C213DA103FF3F9FF05
:200EC000DA107FF33F80C2F83708700009F1D4183701100089F09418820082118202370269
:200EE00001233712012789F238198F7300F182105380201082700F10000009F2301982F43E
:200F0000C64026020F1F00F0A6F289F230198F8300F18B0F20F26E0DDA01538F20F0C23F31
:200F200082100FF0000009FF3019A60F89FF3019DA010F3F00F04B0F61F14BF951203C0291
:200F400082023C010090094054080C5C8B4FA0F237F081F3894F1408094054080C5C37F004
:200F600002F0894F14080090404D405FC86C89DC900914CF370FE1F0BA0F3C01EE0440C4A7
:200F80006DFF77FE09FF5C081E1409FF5D086E5CDA0182100FF000004CC1260F6E03DA01A1
:200FA0003C02DA003C01EE08DA0182100FF000004CC1A60F6CC109FF69086E2248BF6E0508
:200FC000C864C8B56DFFC1FFDA0109F07008532F2010C22182320F1200204CC582F3C632E8
:200FE000262F0F100000A60F6CC5483F370F70F009C0D41837F010F089CF94183C064824DC
:20100000483540C46DFF48FF09FFF80809C0D01837F010F089CF901809FF5D186E1409FFB5
:201020005D08EE1109FF7A0809C0741837F003F189CF341809FF7B0809C0741837F082F233
:2010400089CF34183C0109FF5C086E0709FF5D18EE0409FF5D086E644818820182100F108C
:2010600000004CC126F07603DA013C02DA003C01EE08820082110F0100104CC1A61F6CC17A
:2010800009FF5D186E0B09FF5D08EE08484F6E0609FF7A085E5248483C0109FF60086E31D6
:2010A000489F6E05C864C8956DFFE5FEDA0009F06808532F20F09221DA030F1F00204CC53A
:2010C00082F3C632262F0F100000A60F6CC509FF740809C0701837F081F389CF301809FF31
:2010E00074085E16DA024BF811028BF01F80370870F009C0E40837F010F089CFA4083C08F1
:2011000054F409F6740840C402856DFF4EFE09FFF60809C0E00837F010F089CFA00809FEE4
:20112000A019BD0E2300D4ECBCCF09EF080809C4840909C44808370F68506D00B905D4C47D
:2011400040C56DFF98FE09EC8409BCCF09EF080809C4840909C44808370F68506D00A805E4
:20116000D4C440C56DFFF1FE09FFFE086E2CC86209F07C08DA010F0F00F009203029A6F027
:2011800089203029C86409F47C0809F57D086DFFC0FDC86409F47D086DFFACFD09F04018E0
:2011A00009FFFE081421370F68F037F108F0342F0C21370F83F12C210C2396022C230C2154
:2011C00096042C2109FFC4186E2CC86209F04218DA010F0F00F009203029A6F0892030292A
:2011E000C86409F4421809F543186DFF92FDC86409F443186DFF7EFD09F0461809FFC41872
:201200001421370F68F037F108F0342F0C21370F83F12C210C2396022C230C2196042C211A
:2012200009FFCA186E2CC86209F04818DA010F0F00F009203029A6F089203029C86409F47B
:20124000481809F549186DFF64FDC86409F449186DFF50FD09F04C1809FFCA181421370FFD
:2012600068F037F108F0342F0C21370F83F12C210C2396022C230C2196042C2109FFD01845
:201280006E2CC86209F04E18DA010F0F00F009203029A6F089203029C86409F44E1809F59B
:2012A0004F186DFF36FDC86409F44F186DFF22FD09F0521809FFD0181421370F68F037F1BF
:2012C00008F0342F0C21370F83F12C210C2396022C230C2196042C2109FF5C0889DF140865
:2012E00049FF141A49D2180AA02444FF642FFC4E00902068911000F8D9FF64F249FF000A26
:2013000049A2000AC506180044FF642FFC6E49AF000A4942000AC506180044FF642FFC6EFB
:20132000894598090090404F09FF5408DF1F3780C842DA008210820137F101133701011781
:201340008921381909FF6108EE28487F6E1BC842821009FF6008532020008B80001082304F
:201360000F1000000922341982F3C63026020F1F00F0A6F289223419C844C8756DFFE5FDFE
:201380003C0BC842DA008210820137F1811037018114892138193C013C0109FF54086E043C
:2013A00009FF61086E32C842DA018200820137F101133701011789213819486F6E1BC84261
:2013C000820009FF6008532020008B80001082300F1000000922341982F3C63026020F1F63
:2013E00000F0A6F289223419C844C8656DFF43FD3C0BC84FDA018200820137F18110370159
:20140000811489F138193C010090DA000950DA08370F0EF009505C08370F03F809505D088A
:20142000370F81F909505E08370F01FA09505F08370F83FA09506108370F01FE09506008A1
:20144000370F03FC6C4582010950640837010310095065083701811109506608370104145C
:2014600009506B083701011A09506708370103120950680837018113095069083701041687
:2014800009506C083701811A09506A083701041809506D083701011B09506E083701011C47
:2014A00009506F083701811C095F70086E0382203C028200095F71086E03DA013C02DA008F
:2014C000A6F03701021D095F720837F1041E89411009095F0408534F20F0D45FD4FF10FFD5
:2014E00019F0C081095F730837F00102095F0408534F20F0D45FD4FF10FF59F0C081095F68
:2015000006096C42095F0A096C43095F16096C41095F1209744F095F6A086E0A095F6A083E
:201520001E17095F6A081E24095F0E096C460090F4450090404F405CD4C2D42DF4FD09CF45
:2015400004082CF409CF0408530F22F010D2D9220002E822C82440C56DFF59FF820009CF0F
:2015600063086E05DA0137F001083C04DA0137F0810809FF0408534F20F010D25920C08155
:2015800009CFF4086E22D4F209FF0408BC21534F20F060FF9140003F30F3D93F30D83C018F
:2015A00009C0760809CFF40814F1370F68F037F108F034FF081F370F83F12CF1083F96023D
:2015C0002CF3081F96042CF100902038911000F8D9FF981249FF000A49A2000AA0D644FF0B
:2015E000642FFC6E49AF000A4942000AA0D644FF642FFC6EF44500906DFF09FF0090D45FA1
:20160000F44F0090404F6D00DA20022F02F46D00D61F14F0B700010034F002F46D00EF2026
:201620000090404C025809C488090CCC3704685002F46D003D0309C4880909C44C08028562
:201640006D0068030CC482203E0B8230BE018240BE078250BE0D82605F0F23003C29D4CFE7
:2016600009C05008084F370F81F02CF43C22D4CF09C05008084F370F02F22CF43C1AD4CF4F
:2016800009C05008085F370F02F02CF53C12D4CF09C05008085F370F81F12CF53C0AD4CF2E
:2016A00009C05008085F370F81F22CF53C023C010090404C025809C488090CCC37046850AE
:2016C00002F46D00F50209C4880909C44C0802856D0020030CC482203E0B8230BE0182402C
:2016E000BE078250BE0D82605F0F23003C29D4CF09C05008084F370F01F02CF43C22D4CF3D
:2017000009C05008084F370F02F12CF43C1AD4CF09C05008084F370F02F32CF43C12D4CF3B
:2017200009C05008085F370F01F12CF53C0AD4CF09C05008085F370F01F22CF53C023C0182
:201740000090404F6D003B20022F02F46D00371F91A0003030F3D933C04F1430B70001001D
:2017600091A0003030F3D933C04F343002F46D0046200090094F302953242000570F62F00D
:20178000EE0382023C076D0008004B0F61F14BF251203C010090913000FF39FF3006370F81
:2017A00064F2EE0382023C105E186D0000147B0000F44BF241203C0882046D00C7134B0FA3
:2017C00061F14BF251203C013C01009037046800DA084BF00102DA0203F10AF6370F68F0CE
:2017E000DF15068082220FF210203C0482120FF210203C010090404F026F82066DFFE8FFED
:201800006E04681268223C0268120090404F026F82066DFFDDFF6E04684268523C0268427C
:201820000090404F3B0001606DFFD2FF74F20090404F024F0269820602F46DFFC9FF022893
:201840003B0001600BF910486DFFC2FF8F0201F0A6F868680090DA01744F0090804F53048F
:201860002800420F60FF3C0148423C010090BC41DA024BF50102534020F053042100600F56
:201880009140003F30F3D93FF0B810F23C010090804F53042800420F60FF3C0168550090FE
:2018A000804F53042800420F60FF3C0168350090804F53042800420F60FF3C016845009048
:2018C000804F53042800420F60FF3C0168250090804F53042800420F60FF3C01481F375F78
:2018E00002F06CF10090804F53042800420F60FF3C014890DA006CF948BF375F02F06CFBC1
:2019000068907663DA013C02DA0037F001F0767382103C028200370F81F06CF90090804F35
:2019200053042800420F60FF3C01DF15048082103C028200481F370F81F56CF10090404CD5
:20194000405F8218D4F2F4C2084F2CC4084F3B008000E20FD4F2102291F000303023D93D76
:20196000000889CD880909FF05082CC549DE001A89CE8C0909FF53085E1709F405088215CC
:2019800040E46DFF50FF09F405088215821640E46DFF50FF09F4050809F5500840D46DFF70
:2019A000C0FF09F40508086540D46DFF93FF487F6E08C87409F4600809F561086D003101FB
:2019C00009FF56081E1509FF5708DF1F278009F4050809F5580809F6560809F7570840D42A
:2019E0006DFF83FFD4F4084409F505086DFF41FF09F0590809FFDA081421370F68F037F1EF
:201A000008F0342F0C21370F83F12C210C2396022C230C2196042C2109FF53085E1E09F431
:201A20000508482540D46DFF4DFF09F40508483540D46DFF37FF3C0D09F40508482540D44F
:201A40006DFF38FF09F40508483540D46DFF22FF09F405088215820640E46DFFCEFE09F439
:201A600005088215820640E46DFFD2FE09FF54085E1509C48C096DFFF0FE02823C010090F6
:201A8000F445DA002C44DA002C45DA146C42DA0A6C43DA01894F1008DA022C46DA00894F7E
:201AA0001108DA00894F1308DA01894F1408DA00894F1608DA00894F1708DA02894F1808FC
:201AC000DA00894F1908DA00AC4DA00FEC47DA80894F2008DA00894F21080090404F024FD9
:201AE000C83409F40508821502F66DFF86FEC83409F40508821502F66DFF8AFEC8346DFF70
:201B0000ACFE0090404F024FC83409F40508820502F66DFF72FEC83409F40508820502F6C5
:201B20006DFF76FEC8346DFF98FE0090594400C00090194F08C0370F78F04B0F41F1194087
:201B400004C0370078004B0041014B0F51F06D0006004BF241203C01009082046DFF0CFE10
:201B60003C010090404F0B54108840F46DFFE3FF4B8251007B00F8136B0131004B00718112
:201B80004B0861116B0131007B00F0134B1001F0370F61F16E02C2186D00111E022A02A4C9
:201BA0006D000D1DDA00BE90DA013E9EDA023E9CDA033E9ADA043E98DA053E96DA06BE91AE
:201BC000DA07BE9C3C28534920F010F2534920F010FF19FF0CC0378F18F0592F0CC03C1C9F
:201BE000534920F010F2534920F010FF19FF0CC0378F18F0592F0CC03C0F534920F010F27D
:201C0000534920F010FF19FF0CC0378F18F0592F0CC03C023C0102A46D00F11D0090404F48
:201C20000258481F8FDF1F00481F1607534F2020082F0F2F0010DA0F0F2F002091A0012FC3
:201C4000D922E05F534020F01022542F82F0C620260F2621A61F742FC82408CF09F550089D
:201C6000A64502F46D002400C82408C402856D0051000090A00282003C13538020F091106E
:201C800000F8D9FF58A310FF481F7E49538020F0911000F8D9FF58A310FFD4F2C210DA115B
:201CA0007FF00480BD02EB7F3C010090404F0B4510A849FC100A82404B0A01828F3A00F1F1
:201CC000538F20C09140002FD922800C7D2F15806D00751D022F02F46D00711C09F0201928
:201CE00082110FA1101082F2C621261089F0201902F46D00841D534820F010CFDAFF0FCFF9
:201D000000F00FCB10B002F302B249F240080090404F0B4510886D00521D022A02A46D00EB
:201D20004E1C49FF001ADA084BF801028F7800F1534F2040534020F010FFDA0F0F4F00F0CC
:201D40000F49109002F3029249F2400802A46D00561D00902020404CDA084BF401826D008C
:201D6000CD10534920F010A2534920F010CF488F742F09CF500816FFC21F4B0F41F14BF234
:201D80005100534920F010AF14FF163FC21F4B0F41F14BF05100534920F010AF14FF370F62
:201DA00062F39211534920F010AF081F160342F1534920F010AF081F370F62F142F14B01A3
:201DC00041F14BF051203C01009020080248405F3705E8FB8B0F20F26E01820949A6000A89
:201DE000028440F56D003900DA0037F9019014AF37F983900CA137F903920CA237F983937B
:201E00000CA337F903950CA437F983960CA537F90398081FAE63DA003C02DA0137F9819961
:201E2000DA0037F9019A14FFAE53DA003C02DA0137F9819ADA0037F9019B09FFC008370FEF
:201E400066F3C2FF370F70F037F9859B3789049E02923C010090406C82088209DA084BF4CD
:201E60000122094F500816FF9210534320F0104F09FF6008163FC21FE2F0534320F0104F56
:201E800009FF6008370F62F39211534320F0104F09FF6108160342F1534320F0104F09FFC5
:201EA0006108370F62F142F173100AA0B025405D820B3C4E534B20F010DF54FFE2AF4B0F5C
:201EC00061F17B0000044B0F51C0820D820E3C328210532E20F00FF010004B0041F14BFC43
:201EE00051F07B00F0036B00214F6D005420FF922180532E20F00FF210F04B0F41F14BCF0D
:201F000001F016068B0F20F26E09C2F28B0240F3370F689002E8821D3C0FFF820B809A1253
:201F2000C2FF8B0F40F3370F689002E8821D3C04C21EBF8ECFFFF6D382798278532B20F0C5
:201F400010CF2819532B20F010CF34F8C21BBF3BB3FF0090404C405F7641820854CF6E01B1
:201F60006D00CC0F3C0109CF500816FFC21F4B0F41F14BF251F03C017B00F8034BF051303D
:201F800048103B800040821502463700E81BBA016E037B00F8037B00F8134B0151703B0065
:201FA00040929B499794024A3C4D4B0A41014B0341004B0751107B00F0236B0221114B0119
:201FC00031B1DA407FBF05003B0004B03C0973AB0A10FF410400822B3C034EB2821B4B0B33
:201FE00041114B1041006B07311082024B2101F0AE046B0731003C056B0731F067FFBF0F02
:202000004B9001F06F2F1E804B9001F0AE264B9001F0AE036F060580020902A602B56F06C2
:202020001180DA004BF001F0AE27DA004BF001F0370F61F06E03DA003C02DA016E023C0483
:20204000C2FAFF2AB47F3F5409006F0607006F050580025F026502F6DA024BF601229AD2EB
:20206000370F4800C2F5370568F037F80680DA024BF601421A52C2FF370F68F037F80283F3
:202080008E03020F3C02DA0037F802858E0382323C01370268F037F80284088FAE43DA01A5
:2020A0003C02DA0037F80186088FAE33DA003C02DA0137F88186089F370FE1F237F801873A
:2020C00002823C0100907B0000F44BF45180544F6E016D00130F3C01BB0068099B80B10456
:2020E000820182033C1DDA01534320400F4F00F04B0F61F14BF251406B0831F482054B5F1D
:2021000001F0AE046B0831443C056B0831F467FFBF4F4B0401F0AE230B431008C213BF8359
:20212000E4FF02123C0100900248BC416D00E60EDA004BF801F0AE217B0008F44BF841F06B
:202140004BF251004B0031F14B0F41F16B0F31F07B00F0134B1F01F0AE244B0031F13C0405
:202160004B0031F1C21F8B1F40134B0161F14BF251F06B0F31F882004B0F01F0AE084B0186
:2021800061F14BF251F06B0F31583C094B0161F14BF251F06B0F31F867FFBF5F82463C2CB4
:2021A0004B0661F14BF841F04BF251F07B00F0036B0021FF4B0F710173600AF04B0F61F14C
:2021C0004BF251306B0331F882044B4F01F0AE046B0331383C056B0331F867FFBF3F4B5336
:2021E00001F0AE247603023502013705E8FB6E02F6023C06C2163B801FF07F6FD3FFC2F18B
:202200008B0140233C010090FF540B00538420F0911000F8D9FFD06310FFD4F23C02A00264
:202220003C01009082F282003C17538020F0911000F8D9FFD06310FFD4FF7D4F0D805380F3
:2022400020F0911000F8D9FFD06310FF481F370F48203C04C210BF50EAFF3C010090494F37
:20226000102A3C0554FFB45FB025C2F4FF14FC7F0090494F102A3C0554FF745FB045C2F4F0
:20228000FF14FC7F0090494F102A3C0554FF345FB015C2F4FF14FC7F0090DA010F4F10F055
:2022A000370F70F009410819765737017008A6F0370110183C083701700882F2C6F2262034
:2022C00037011018766737017000A6F0370110103C083701700082F2C62F26F03701101068
:2022E000894108190090DA084BF40102534120F0104F49FF241A3C06095FC00874FFB025FC
:20230000C2F5FF15FB7F0090DA084BF40102534120F0104F49FF241A3C05545F74FFB045DF
:20232000C2F5FF15FC7F0090DA084BF40102534120F0104F49FF241A3C05145F74FFB0152E
:20234000C2F5FF15FC7F0090094F5418EE047B1000F03C02DA01CC4D094078080F0F10F05D
:202360006CF10090094288093C010090094F5418EE03DA013C037B1000F0CC4D094078089B
:202380000F0F10F06CF10090404F405C406D0248D4FE40E46D00A4050229DF093680ECE26D
:2023A000084F96012CF4E84CA8A8821089F01618E86DA8E848FF6E05C8F240F42D02000096
:2023C00009FF58181E1409FF58185E3540F46D008E093C1A09FF5818DE4209E2A80909E499
:2023E000A809094FD818C2F837087000370F10F0892F981840F46D007A093C06C8AF09E403
:2024000088092D0F000002923C01009082020C44AE04D44F481F6E0282123C01009020107D
:20242000404C405DD4D2D42FF802C8AFF4AFD4DFF4CF0CC4B70F01F02CC409DF640889CF1D
:20244000171809DF650889CF181809DF260989CF1A1909DF2A0989CF1E190CD8370F61F1A8
:20246000D4AF09F0510837F0010389F0110849DF1C0AF8015E1754FFEE05DA0089CF04187A
:202480003C07CCD7481F370F68F089CF041809C04418DA084BF00182534920F0D4A4104F95
:2024A000029440D56DFF58FD022F6CF809C4441849D5080A4CD1D4A402F56DFF88FC022F15
:2024C0006CCC09CF5018DE1309D40409D4A46DFFFCFDD4A4094F682837026800370F03F092
:2024E000894F282849C5081A6D000305821009CF44180FF000008F0001100CD9AE43DA00FA
:202500003C02DA0109C444180F4F10F0D4A4494F081A8F000140A640A6F10203021249F248
:20252000400809CF7308370F64F28F7F00416DFF13FC4B0231F189CF0A09D80154FFEE079F
:20254000A00FECCFA00F89CF80193C47D4FF09F2C80989C2F4090CD9370F61F289CF141805
:202560000CD86F1F2280910000F8D9FF08D2ECCF910000F8D9FF2CD289CF801940C46DFF91
:20258000F7FED801D4FF09D5600809DA6108DA80C82408C4A6F56DFF8BFBC82408C402A50A
:2025A0006DFFB8FB3C1AA00FECCFA00F89CF801909A28409D42F09D5600809DA6108D422D9
:2025C000092F5008C82408C4A6F56DFF71FBC82408C402A56DFF9EFB09DFC808370F66F385
:2025E00089CF1518910000F8D9FF0403ECCA910000F8D9FFD2D2ECCBD80209FF46186E11BD
:202600009110002F09F00518534920F0D4AF10FF49FF241A530022F0102280FF592F0C0264
:2026200082023C010090404C40C46D00171CA00FECC7DA8089CF2008DA0089CF2108A00FD3
:20264000ECC7DA0089CF2008DA0089CF2408DA0289CF250882FF89CF2609DA0089CF2A0941
:2026600000902040404C405DCCD5F80F6D00A718022802846D00A31714FFB70F01F034FF99
:2026800009DF58086E03DA003C02DA0114F037F081F134FF02846D00B218820809D4100981
:2026A00009A4BC096DFF42FD370268F037F80880DA0F37F80485DA0037F8828C09DF5908B4
:2026C0006E03DA013C02DA0037F8818DDA0137F8028FDA0137F8818E68484CD489CF08195C
:2026E000820009DFC6086E043BF01FF03C02DA0037F00900820109DFC408EE0409DF66082F
:202700006E02821137108104820109DFC208EE0409DF66086E0282113710010509DF5B08D2
:2027200037F0020809DF5C0837F0020909DF680837F0020D09DF690837F0020E685009DE2D
:20274000A009BD0E3B00D4EFBCFF0CE409E85508C814088408C5A6F56DFFAAFAC8140884C6
:2027600002856DFFD7FACCE2BCFF0CEC09E85508C814088408C5A6F56DFF9AFAC8140884AE
:2027800002856DFFC7FACCE4BD0F180009EF140809E85508C8140884370F68506DFF88FA3B
:2027A000C814088402856DFFB5FAD4F2D4F40C4408C0370F03F02C24D80FECCAF4CCDA00A9
:2027C0006CC1A00FECC2910000F8D9FF08E2ECC5910000F8D9FF4C02ECC609DF66086E0C42
:2027E000910000F8D9FF98E2ECC7910000F8D9FF8CC2ECC83C0B910000F8D9FFC2B2ECC719
:20280000910000F8D9FFE8A2ECC8910000F8D9FFCA62ECC909DF6608DF0F8C00DA0189CFD4
:20282000061849A4000A9110005F6DFF83F649A4040A49A5000A6DFFCAF609DF250889CF12
:20284000051809CF05182CA8DA0089AF2708DA0189AF3408DA0089AF0A09DA0089AF2A0899
:20286000DA0089AF2F08DA00ACAFDA0089AF2308D80F49FF241A80FF89AF0E09DA0089AF50
:202880002D08DA0189AF3008DA0089AF2108DA0089AF2208DA0089AF20080CD889AF3A08A9
:2028A00009DFC40889AFB80849C4380A49A5040A6DFF42F609DF240889CF041809CF041801
:2028C0002CA8DA0089AF2708DA0189AF3408D80F49FF102A80FF89AF0A09DA0089AF2A081D
:2028E000DA0189AF2F08DA0089AF0E09DA0089AF2D08DA0089AF3008DA00ACAFDA0089AF8D
:202900002108DA0089AF2208DA0089AF2308DA0089AF20080CD889AF3A0809DFC20889AF93
:20292000B80849C42C0A49A5040A6DFF05F63C04DA0089CF0618BBF0FFFFD80F89FF14195C
:2029400009CF46186E4509A4BC096DFF6DFC914000FFD9FF3038534221F010FF3C018210B3
:2029600009DF2508370F70F014F1370F68F037F108F034FF081F370F83F12CF1083F9602C9
:202980002CF3081F96042CF109A4BC096DFF4CFC914000FFD9FF3038534221F010FFB04F50
:2029A0003C01821009DF2408370F70F014F1370F68F037F108F034FF081F370F83F12CF19A
:2029C000083F96022CF3081F96042CF13C6D09DFC4086E2109A4BC096DFF26FC914000FF5F
:2029E000D9FF3038534221F010FF3C0109D0480809DFC40814F1370F68F037F108F034FFD2
:202A0000081F370F83F12CF1083F96022CF3081F96042CF109DFC2086E2209A4BC096DFFBC
:202A200003FC914000FFD9FF3038534221F010FFB04F3C0109D0480809DFC20814F1370F70
:202A400068F037F108F034FF081F370F83F12CF1083F96022CF3081F96042CF109DFC6083B
:202A60006E2309A4BC096DFFDFFB914000FFD9FF3038534221F010FF49FF080A3C0109D0D8
:202A8000480809DFC60814F1370F68F037F108F034FF081F370F83F12CF1083F96022CF33E
:202AA000081F96042CF1D80F09FF5308960189FF13080090404F405C40F46D001B1AE85CDF
:202AC000DA0089FF1808DA0089FF1908DA0089FF1A08DA0089FF1B08DA0089FF1C08DA0088
:202AE00089FF2808DA0089FF2908A002E88282FF89FF240882FF89FF2508DA0089FF260884
:202B0000BB00C2FB9BEFC3F46CF40090911000CF094804186DFF28FC402F530822F010C2F1
:202B2000392F1E02370F61F18B0F2002DF100D80530822F010C2530822F010C4394F1F0214
:202B40009604E92F1F023C01DF00110009FF00196E0609F2801940F42D020000084FB70FCC
:202B600001F02CF4D4F46D004C02530822F010CF39FF1E02370FE1F18B0F20F25E1C530884
:202B800022F010CF530822F010C2392F1F029604E9FF1F023C010090404C40C46DFFE4FB31
:202BA000402F9110005F09C1051809C6A80949F7100A530122F01052392F1E02370FE1F17D
:202BC0008B0F2002DF100D80530122F01052530122F01054394F1F029604E92F1F023C0172
:202BE000DF001A00530122F0105F39FF1E02370F61F18B0F20F25E1C530122F0105F5301C8
:202C000022F01052392F1F029604E9FF1F023C011D00BC0009FF58181E1509FF5818DF3FBD
:202C20002580530122F0105F39FF1E02370F61F18B0F20F25E1C530122F0105F530122F0C9
:202C40001052392F1F029604E9FF1F023C01534120F0105F534120F01052392FC28196024D
:202C6000E9FFC2811D00920009FF5818DF4F2480530122F0105F39FF1E02370F61F18B0FD1
:202C800020F25E1C530122F0105F530122F01052392F1F029604E9FF1F023C01534120F0FE
:202CA000105F534120F01052392FC2819602E9FFC2813C6B530122F01052392F1E02370FF4
:202CC00061F18B0F2002DF100D80530122F01052530122F01054394F1F029604E92F1F025C
:202CE0003C01DF00530088AFBF2F5000530122F01052530122F01054394F1F029604E92F03
:202D00001F02534120F01052534120F01054394FC2819602E92FC281547FEE0C48CF821050
:202D2000370F01F0896F201909FF1A19896F24193C2C48CF8210370F01F0896F201909FF3A
:202D40005518FF9F0A80D47288AF102F09FF7FF8896F24193C1A09F05518DA103F0F0D80ED
:202D600088AFC2FF532F20F0D47F10FF09FFC008896F24193C0A88AFC2FF534F20F0D47F1F
:202D800010FF54FF896F24190090404C09C2A809092FC0188FFF1F813C01BBF0FF0F892027
:202DA000141940C46DFFE0FA402F911000DF6F08070009FF5918960189FF19186F180700D8
:202DC00009FF5918960289FF19186F28070009FF5918960489FF19186F78070009FF591858
:202DE000968089FF19186F38070009FF5918960889FF19186F48070009FF5918961089FF21
:202E000019186F58070009FF5918962089FF19186F68070009FF5918964089FF1918DF08FE
:202E2000110009FF00196E0609F2801940F42D020000084FB70F01F02CF4D4F46D00E100B1
:202E400009CF46186E3109C00418530022F010DF39FF1E02370F61F18B0F20F25E1C5300FB
:202E600022F010DF530022F010D2392F1F029604E9FF1F023C0109C00518530022F010DF67
:202E800039FF1E02370F61F18B0F20F25E1C530022F010DF530022F010D2392F1F0296045E
:202EA000E9FF1F023C010090404F40F46DFF5CFA0925AC0940242D050000484FC21F6CF466
:202EC0000090404F40F46DFF4FFA0925A80940242D050000483FC21F6CF30090DA01494FAB
:202EE0000408EE0382023C0282123C0100900C5109406A2837F001F0894F2A280C52094091
:202F00006A2837F001F1894F2A280C5309406A2837F081F1894F2A280C5409406A2837F07D
:202F200001F2894F2A280C5509406A2837F001F3894F2A280C5609406A2837F081F3894F43
:202F40002A280C5709406B2837F001F3894F2B280090404FD4F2D4220924A80949FC180A7A
:202F6000094F4218370FE3013C0188EF0B0F80F1370F508054CFEE0A82003C0509411029BF
:202F80003C01C2103F80FC7F3C2609F05518FF900B80D4C502846DFF78F9D4C20128002625
:202FA000F4C23C1909F05518DA103F0F0C80D4C502846DFF56F9532820F0D4C21022F4C2F9
:202FC0003C0AD4C502846DFF56F9534820F0D4C21022F4C288EFA28FACFE88EFEE1009FFD9
:202FE00000196E0609F2801940F42D020000084FB70F01F02CF4D4F46D0003000090DA007D
:203000006C4100902008404F49FD100AD4F2D42C09CF4618DF0F7E02911000EF09C4A809E4
:20302000F4A46DFF01F9534221F03C0109C8051809C904184DC0E2FF370FE1F78B0F20A26B
:203040003C010D00400300003C0188AFBF2FE50088AF92F0530822F010E2530822F010E423
:20306000B94F140237007000370F0EF0F92F140209FF5518FF9F10808200530822F010E285
:20308000530822F010E4394F1602370F83F2E92F16023C2109F05518DA103F0F1080821027
:2030A000530822F010E2530822F010E4394F1602370F83F2E92F16023C0E8220530822F06C
:2030C00010E2530822F010E4394F1602370F83F2E92F160254DFEE4049F21A1A802FB70FCD
:2030E0001C007B0000FDFE014DC0E1FF16073C0149F21A1A8020B7000C0AB770030E7B0067
:203100000011E21FA2F03C0449F21A1A8020530822F010E2592008028200821182225308C6
:2031200022F010E219231002370303303713813137230434530822F010E2592310025308FA
:2031400022F010E2530822F010E4394F12029610E92F12023C3A54DFB70F1C007B0000FD99
:203160007E0F4DC0E1FF16073C0154D0B7000C0AB770030E7B000011E21FA2F03C0254D0D1
:20318000530822F010E259200802820082118202530822F010E21923100237030330371350
:2031A000813137230434530822F010E259231002530822F010E2530822F010E4394F120282
:2031C000B70F01F2E92F1202D4A24922241A530822F010E4802F594F0C028200821182028C
:2031E000530822F010E219231002370303323713813337230436530822F010E25923100234
:20320000530822F010E2530822F010E4394F1F029604E92F1F0288A0530922F010E253098E
:2032200022F010E4B94F140237007000370F0EF0F92F140209FF5518FF9F108082005309C0
:2032400022F010E2530922F010E4394F1602370F83F2E92F16023C2109F05518DA103F0F82
:2032600010808210530922F010E2530922F010E4394F1602370F83F2E92F16023C0E8220F3
:20328000530922F010E2530922F010E4394F1602370F83F2E92F1602486FEE4049F21E1A89
:2032A000802FB70F1C007B0000FDFE014DC0E1FF16073C0149F21E1A8020B7000C0AB770B8
:2032C000030E7B000011E21FA2F03C0449F21E1A8020530922F010E259200C02820082116F
:2032E0008222530922F010E219231002370303323713813337230436530922F010E259239F
:203300001002530922F010E2530922F010E4394F12029620E92F12023C3B486FB70F1C004B
:203320007B0000FDFE004DC0E1FF8F7F00013C01486FB70F0CFAB77F031E7B0000F1E2F0C6
:20334000A2013C024861530922F010E259210C02820082118202530922F010E219231002B4
:20336000370303323713813337230436530922F010E259231002530922F010E2530922F090
:2033800010E4394F1202B70F81F2E92F1202530922F010E2530922F010E4394F1F02960433
:2033A000E92F1F02BBF0FFFFD4A4894F14196DFF3BF79140002FD9223038534221F01022D5
:2033C0003C010C2396022C23D4A46DFF2DF79140002FD9223038534221F01022B0423C0128
:2033E0000C2396022C23D4A46DFF1EF79140002FD9223038534221F010224922080A3C01C9
:203400000C2396022C23530922F010E2530922F010E4394F1F029604E92F1F02534920F0AC
:2034200010E2534920F010E4394FC2819601E92FC28188AFBF2F2B00530822F010E2530833
:2034400022F010E4394F1F029604E92F1F02534820F010E2534820F010E4394FC28196014C
:20346000E92FC28109FF5718EE0948CF8200370F01F0D4AF89FF20193C0848CF8210370F3C
:2034800001F0D4AF89FF20193C3F54DFEE0E48CF8210370F01F0D4A2892F201909FF1A19CB
:2034A000D4AF89FF24193C3048CF8210370F01F0D4A2892F201909FF5518FF9F0B80D4D2CD
:2034C00088AF102F09FF7FF8D4AF89FF24193C1C09F05518DA103F0F0E8088AFC2FF532FB1
:2034E00020F0D4DF10FF09FFC008D4AF89FF24193C0B88AFC2FF534F20F0D4DF10FF54FFDC
:20350000D4AF89FF241976A30D0000031D00EE0088AFBF1FEB00D4F2D422092CA80909FF85
:203520007308370F644209CF421816073C018B4F000109FF56185E12C2F088AF7E02C2F0BC
:2035400088AF0B0F80F1370F5080BF18CF0088AF5280A8A088AFEE0382113C02820109FF18
:203560005618DE11BF28100088AF6E0D4DC0E20F3700E1078B0020923C010D00400300005E
:203580003C013C084DC0E20F3700E1078B0020923C0109FF5618DE14820089F0161809FF7A
:2035A0005718EE0848CF8200370F01F089CF20193C0748CF8210370F01F089CF201954DF5E
:2035C000EE1E09F01A19DF01130082013C0489C02419C2119AF83FF1FC7F48CF8211371F67
:2035E00001F089CF201989C024193C08DA003C0489C02419C21F3F8FFD7F3C7409FF55188F
:20360000FF9F2480DF011800BF280800D4D59AF840C402F56DFF8AF648CF8210370F01F07F
:2036200089CF2019D4DF01F800F609FF7FF889CF24193C06D4D540C402856DFF77F6D4DF41
:2036400001F800F6F4DF3C4E09F05518DA103F0F2780DF011A00BF280800D4D59AF840C4B1
:2036600002F56DFF42F648CF8210370F01F089CF2019C2F8532820F0D4DF10FF09FFC00867
:2036800089CF24193C0BD4D540C402856DFF2DF6532820F0D4DF10FFF4DF3C24DF01190012
:2036A000BF280800D4D59AF840C402F56DFF2EF648CF8210370F01F089CF2019C2F853488F
:2036C00020F0D4DF10FF54FF89CF24193C0BD4D540C402856DFF1AF6534820F0D4DF10FFCC
:2036E000F4DF76930D00000300902008404D49DF100AD4D2D42C8CDA82404B0F0102F6181E
:203700008CDA82404B0F0102370068F03C088CDA82404B0F0102370068F0C21F370F68802E
:2037200009DF58189E4B8CDA3B0001004B0F0102F6198CDA3B0001004B0F0102370068F0AC
:203740003C098CDA3B0001004B0F0102370068F0C21F42F8C2F83708688009CF4618DF0F76
:203760002102911000EF09C4A809F4A46DFF5CF5534221F03C0109C9051809CA04184DC0F5
:20378000E2FF370FE1F78B0F20B23C010D00400300003C01530922F010E2530922F010E432
:2037A000B940140237800E00F92014028220530922F010E2530922F010E4394F1602370FBC
:2037C00083F2E92F160254FFB70F1C007B0000FD7E0F4DC0E1FF16073C0154F0B7000C0AB2
:2037E000B770030E7B000011E21FA2F03C0254F0530922F010EF59F0080282008211820297
:20380000530922F010EF19F31002370303303713813137230434530922F010EF59F3100257
:20382000530922F010EF530922F010E2392F1202B70F01F2E9FF120209DF58189E4DD4AFC4
:2038400049FF1C1A530922F010E280FF592F0C02820082118202530922F010EF19F3100251
:20386000370303323713813337230436530922F010EF59F31002530922F010EF530922F0A1
:2038800010E2392F1F029604E9FF1F028CDA82404B0F0102F6188CDA82404B0F01023700BB
:2038A00068003C088CDA82404B0F010237006800C210530A22F010EF530A22F010E2B92FAF
:2038C000140237007000370F0EF0F9FF14028220530A22F010EF530A22F010E2392F1602E8
:2038E000370F83F2E9FF16024CD6EE4049DF1E1A80FFB70F1C007B0000FDFE014DC0E1FF98
:2039000016073C0149DF1E1A80F0B7000C0AB770030E7B000011E21FA2F03C0449DF1E1AB9
:2039200080F0530A22F010EF59F00C02820082118222530A22F010EF19F31002370303329E
:203940003713813337230436530A22F010EF59F31002530A22F010EF530A22F010E2392FD2
:2039600012029620E9FF12023C3C4CD6B70F1C007B0000FDFE004DC0E1FF8F7F00013C0156
:203980004CD6B70F0CFAB77F031E7B0000F1E2F0A2013C0309D11809530A22F010EF59F10F
:2039A0000C02820082118202530A22F010EF19F31002370303323713813337230436530A76
:2039C00022F010EF59F31002530A22F010EF530A22F010E2392F1202B70F81F2E9FF1202F8
:2039E000530A22F010EF530A22F010E2392F1F029604E9FF1F02BBF0FFFFD4A4894F1419A6
:203A00006DFF12F4914000FFD9FF3038534221F010FF3C01083F96022CF3D4A46DFF04F458
:203A2000914000FFD9FF3038534221F010FFB04F3C01083F96022CF3D4A46DFFF5F39140EA
:203A400000FFD9FF3038534221F010FF49FF080A3C01083F96022CF3530A22F010EF530A12
:203A600022F010E2392F1F029604E9FF1F02534A20F010EF534A20F010E2392FC281960189
:203A8000E9FFC28109DF5818DF3F308009D09408DA103FF00A0009D0F208DA0F37F085F3E2
:203AA00089DFB2083C0B09D0F2088CDAC2FF370F70F037F085F389DFB20809D09408DA10DD
:203AC0003FF0090009DF7008B70F01F089DF30083C0609DF7008960189DF300809DF7208BC
:203AE000964089DF32083C3709DF5818DF1F248009D09408DA103FF00A0009D0F208DA0F8D
:203B000037F085F389DFB2083C0B09D0F2088CDAC2FF370F70F037F085F389DFB20809DF54
:203B20007008960189DF300809DF7208964089DF32083C1109DF7008960189DF300809DF30
:203B40007208964089DF320809DFF208B70F85F389DFB208530922F010EF530922F010E264
:203B6000392F1F029604E9FF1F02534920F010EF534920F010E2392FC2819601E9FFC28163
:203B800009DF58181E464CDCD4AF89FF1C193C054CDCD4AF89FF201976B30D0000033C01DE
:203BA0000090534420F0911000F8D9FFC87310FF54F1404CB04C913000FFD9FF00069130E7
:203BC000002F392F1B06370F62F3EE06BB00C2FB9BEFCBF43C1A9130002F392F1B06370FC8
:203BE00062F35E16BB0068F99B8FB9F43C0E9130002F392F1B06370F62F35E26BB0068F90B
:203C00009B8FB9F43C02DA003C0109F059083700E700C2104B0041014B0F410009FF5B089B
:203C20001607C21F4B0F41F14BF051F07B802C044B0151007B0000144B104100BB00A01B15
:203C40009BB1A5144B1F51F04BF041F0744F544F7B0020047B00F0136B0F61416D00C91162
:203C6000B4C2009020108208911000F8D9FFF86349FF000A49A2000AA0F404FF242FFC4E3D
:203C8000913000FF39FF0116370F62F282103E048220BE073C1C82146D005801913000FFCC
:203CA00039FF0116160F6E0C913000FF39FF0116160F10AF14FF4B0F61F14BF251803C0812
:203CC000BB0068899B88B9843C013C023C0102823C01009002486D00B2018200DA003E8645
:203CE000DA013E89DA023E8C3C10913000FF19F000263C0D913000FF19F004263C08913000
:203D000000FF19F008263C0382023C01760B8B0004F14B0F61F17B0028044B0F51F04BF241
:203D200041203C010090913000FFD9FF00069130002F392F1B06370F62F3EE06BB00C2FB37
:203D40009BEFCBF43C1A9130002F392F1B06370F62F35E16BB0068F99B8FB9F43C0E91303E
:203D6000002F392F1B06370F62F35E26BB0068F99B8FB9F43C02DA003C0109F06908370083
:203D8000E700C2104B0041014B0F411009FF6B081607921009FF6C081607C21FE2F04B0061
:203DA00041F14BF151203C010090913000FFD9FF00069130002F392F1B06370F62F3EE06B1
:203DC000BB00C2FB9BEFCBF43C1A9130002F392F1B06370F62F35E16BB0068F99B8FB9F451
:203DE0003C0E9130002F392F1B06370F62F35E26BB0068F99B8FB9F43C02DA003C0109F0A0
:203E000068086F001F8009F069083700E700C2104B0041014B0F411009FF6B081607921058
:203E200009FF6D081607C21FE2F04B0041F1BBD0CC0C9BC0FC034B0F41F04BF151203C196E
:203E400009F069083700E700C2104B0041014B0F411009FF6B081607921009FF6D081607FC
:203E6000C21FE2F0532020F04B0F41F14BF151203C010090913000FFD9FF00069130002F78
:203E8000392F1B06370F62F3EE06BB00C2FB9BEFCBF43C1A9130002F392F1B06370F62F3DF
:203EA0005E16BB0068F99B8FB9F43C0E9130002F392F1B06370F62F35E26BB0068F99B8F73
:203EC000B9F43C02DA003C0109F059083700E700C2104B0041014B0F411009FF5C081607D5
:203EE000921009FF5B081607C21FE2F04B0041F14BF151203C01009082088202913000FF20
:203F000039FF3706370F62F282103E0482203E063C0982146D001A003C0682246D0016000B
:203F20003C023C01913000FF39FF3706160F6E0A913000FF39FF3706160F4B0F41F14BF211
:203F4000518002823C010090913000FF39FF3306370F62F282003E0482103E083C23BB00BE
:203F6000C22B9BE2CB243C013C1FDA003E46DA013E47DA02BE413C136DFF7EFF3C126DFFC5
:203F8000D4FE913000FF39FF3406AE757B0000F44BF251203C066DFF0AFF3C0382023C0126
:203FA0003C0382023C013C01009082046DFFCEFF913000FF39FF3106370F6302DA003E0E75
:203FC000DA015F0F2400DA025F0F2600DA035F0F2800DA045F0F2A003C2D913000FF39FFBA
:203FE0003206160F6E07913000FF39FF3206160F5E1382023C0A913000FF39FF3206160F0A
:204000004B0F41F14BF251203C177B001FF44BF251203C127B0027F44BF251203C0D7B0081
:204020002FF44BF251203C087B0037F44BF251203C0382023C013C01009082046DFF86FFD3
:20404000913000FF39FF3106370F6302DA003E0CDA01BE0CDA02BE0FDA035F0F2200DA04C9
:204060005F0F24003C27913000FF39FF3106160FEE0382023C0A913000FF39FF3106160FE8
:204080004B0F41F14BF251203C177B001FF44BF251203C127B0027F44BF251203C0D7B0001
:2040A0002FF44BF251203C087B0037F44BF251203C0382023C013C010090404F82029130F6
:2040C000002FD92228A6542F370F6EF18FFF83113C019130002F192F28A66F1F12008F210B
:2040E00020F096019130002F192028A6370070088F002100A60F9130002F592F28A68F2118
:2041000020F096029130002F192028A6370070088F002100A60F9130002F592F28A63C0169
:204120009130002F192F28A61601DF1FFB7F3B0000013C05C2F04E0382123C089130002FA2
:20414000392F3306370FE1F3EEF69130002F192F30068200370F02FE8210370F01FF9130F1
:20416000002F592F30063B0000013C05C2F04E0382123C089130002F392F3306370FE1F34F
:20418000EEF6DABC9130002F592FB4069130002F192FA0563B20FE0F260F9130002F592F30
:2041A000A0569130002F192FA4563B20FE0F260F9130002F592FA4569130002F192FA85692
:2041C0003B20FE0F260F9130002F592FA856DA009130002F592FB4069130002F392F1A0648
:2041E000B70F01F09130002FE92F1A069130002F392F2A06B70F01F09130002FE92F2A0669
:204200003B0000F33C05C2FF4EF382123C0D9130002F392014066F10F87F9130002F3920AE
:2042200024066F10F27F084F1E13084FDE289130002F192F10068200370F82F254F03B90E6
:20424000D03306634B3011428B141F0037006800370F05F89130002F592F10069130002F06
:2042600019201806086F37F0030C087F37F08704084F37F0020F9130002F5920180691302A
:20428000002F1920280608EF37F0010008AF37F0030C08BF37F087049130002F592028066C
:2042A0009130002F392F1A0696019130002FE92F1A069130002F392F2A0696019130002FB8
:2042C000E92F2A063B0000F33C05C2FF4EF382123C119130002F392014063700E100DF10DA
:2042E000F67F9130002F392024063700E100DF10EE7F3B0000063C05C2F04E0382123C16F7
:204300009130002F392F1406370FE1F26EF69130002F392F2406370FE1F26EEF9130002FC6
:20432000392F2406370F61F26EE89130002F39201C06088F37F003F09130002FE92F1C06B6
:204340009130002F19202C0608CF37F0030008DF37F003049130002F59202C063B00000610
:204360003C05C2F04E0382123C169130002F392F1406370FE1F26EF69130002F392F2406A2
:20438000370FE1F26EEF9130002F392F2406370F61F26EE83BF0490206503C05C2F04E0326
:2043A00082123C0C9130002F392F1006AE179130002F392F11066F0FF37F9130002F392F37
:2043C0001A0696049130002FE92F1A069130002F392F2A0696049130002FE92F2A063B0066
:2043E00000F33C05C2FF4EF382123C0D9130002F392014066F20F87F9130002F39202406CE
:204400006F20F27FDABC9130002F592FB406DA059130002F592FA006DA1D9130002F592F68
:20442000A076DA009130002F592FB4069130002F19203006DA0137F0020EDA0137F0010FD7
:204440003B0000313C05C2F34E3382123C089130002F392F3306370FE1F3EEF69130002F22
:20446000592030063B0000013C05C2F04E0382123C089130002F392F3306370FE1F3EEF6A6
:204480009130002F192F28A66F1F12008F2120F096019130002F192028A6370070088F00EA
:2044A0002100A60F9130002F592F28A686218F3140F19130002F192028A6370070088F0013
:2044C0002100A60F9130002F592F28A63C019130002F192F28A66F0FFC7F022F3C01EE0523
:2044E00009F498196D008502DF0FCF8149F21C0A82029130004FD94428A6544F370F6EF1B4
:204500008FFF83113C019130004F194F28A66F1F12008F2120F096019130004F194028A6C8
:20452000370070088F002100A60F9130004F594F28A68F2120F096029130004F194028A652
:20454000370070088F002100A60F9130004F594F28A63C019130004F194F28A61601DF1F29
:20456000FB7F9130004F19403006488F82F3C63F26F0488F5423263FA6F03B0000313C05C5
:20458000C2F34E3382123C089130002F392F3306370FE1F3EEF69130002F592030063B00A4
:2045A00000013C05C2F04E0382123C089130002F392F3306370FE1F3EEF69130002F192026
:2045C0003406370062F2EE07370062FAEE04370062FE6E369130002F1920340648AF82F392
:2045E000C63F26F048AF4893263FA6F0DA0037F00202DA0037F0020ADA0037F0020E3B0075
:2046000000313C05C2F34E3382123C089130002F392F3706370FE1F3EEF69130002F59201E
:2046200034063B0000013C05C2F04E0382123C089130002F392F3706370FE1F3EEF6913094
:20464000002F1920340648AF82F3C63F26F048AF4893263FA6F03B0000313C05C2F34E3381
:2046600082123C089130002F392F3706370FE1F3EEF69130002F592034063B0000013C05AF
:20468000C2F04E0382123C089130002F392F3706370FE1F3EEF69130002F192F0016370F18
:2046A00062F66E309130002F1920001648CF82F3C63F26F048CF48B3263FA6F0DA0037F010
:2046C00002063B0000313C05C2F34E3382123C089130002F392F0316370FE1F3EEF69130E7
:2046E000002F592000163B0000013C05C2F04E0382123C089130002F392F0316370FE1F319
:20470000EEF69130002F1920001648CF82F3C63F26F048CF48B3263FA6F03B0000313C0515
:20472000C2F34E3382123C089130002F392F0316370FE1F3EEF69130002F592000163B0042
:2047400000013C05C2F04E0382123C089130002F392F0316370FE1F3EEF69130002F1920A4
:204760000C1648EF82F3C63F26F048EF48D3263FA6F0DA0137F0010F3B0000313C05C2F38F
:204780004E3382123C089130002F392F0F16370FE1F3EEF69130002F59200C163B0000017E
:2047A0003C05C2F04E0382123C089130002F392F0F16370FE1F3EEF69130002F1920002613
:2047C00009FF001982F3C63F26F009F3001948FF26F3A6309130002F592000269130002F5E
:2047E000192F042609F0081982F3C630260F09F0081909F304192630A60F9130002F592FD7
:2048000004269130002F192F082609F0101982F3C630260F09F0101909F30C192630A60FF8
:204820009130002F592F08269130002F192F28A66F1F12008F2120F096019130002F1920AC
:2048400028A6370070088F002100A60F9130002F592F28A686218F3140F19130002F19206F
:2048600028A6370070088F002100A60F9130002F592F28A63C019130002F192F28A66F0F4F
:20488000FC7F022F3C01DF0FB18049FC140A82089130002FD92228A6542F370F6EF18FFFB4
:2048A00083A13C0182091D009C009130002F192F28A66F1F12008F2A20F096019130002F5D
:2048C000192028A6370070088F002100A60F9130002F592F28A68F2A20F096029130002F26
:2048E000192028A6370070088F002100A60F9130002F592F28A63C019130002F192F28A614
:204900001601DF1FFB7F3B0000063C05C2F04E0382183C089130002F392F1406370FE1F21A
:204920006EF69130002F39201C06536920F0C8621022142F37F003F09130002FE92F1C06F9
:204940009130002F192F28A66F1F12008F2A20F096019130002F192028A6370070088F001C
:204960002100A60F9130002F592F28A68F2A20F096039130002F192028A6370070088F0084
:204980002100A60F9130002F592F28A63C019130002F192F28A66F0FFC7F536920F0C862C9
:2049A0001022092B020982046DFFD0FA9130002F392F3006160F4B0F41F14BF251F03C01D0
:2049C0004BBF41F04B0F71F185F110013C0185F01001A2103FF0FDFFC2193709689014CFC3
:2049E0003FF965FF028F3C0102F23C0100902008144F09444108DF1F298049A4000A6DFF61
:204A0000D2F86D00F006022F02F46D000006913000FF19F1200609A0C408BB00402FA6207A
:204A200037011010913000FF59F12006913000FF19F01806821137100101913000FF59F022
:204A4000180602F46D0002070090DA018B0401000F0F10F0913000FF59FF248600908FF4DE
:204A60003F10913000FFD9FF28A654FF370F6EF18FFF83213C01913000FF19FF28A66F1FE6
:204A800012008F2220F09601913000FF19F028A6370070088F002100A60F913000FF59FFE9
:204AA00028A68F2220F09602913000FF19F028A6370070088F002100A60F913000FF59FF0C
:204AC00028A63C01913000FF19FF28A61601DF1FFB7F6F041500913000FFD9FF108653414C
:204AE00020F010F2913000FFD9FF1086534120F010FF083F375F03F22C233C13913000FF93
:204B0000D9FF1086534120F010F2913000FFD9FF1086534120F010FF081F375F03F22C21A1
:204B2000913000FF19FF28A66F1F12008F2220F09601913000FF19F028A6370070088F0002
:204B40002100A60F913000FF59FF28A686228F3240F1913000FF19F028A6370070088F002A
:204B60002100A60F913000FF59FF28A63C01913000FF19FF28A66F0FFC7F00908FF43F103B
:204B8000913000FFD9FF28A654FF370F6EF18FFF83213C01913000FF19FF28A66F1F120002
:204BA0008F2220F09601913000FF19F028A6370070088F002100A60F913000FF59FF28A60C
:204BC0008F2220F09602913000FF19F028A6370070088F002100A60F913000FF59FF28A6EB
:204BE0003C01913000FF19FF28A61601DF1FFB7F6F041500913000FFD9FF1086534120F0E9
:204C000010F2913000FFD9FF1086534120F010FF083FB70F01F02C233C13913000FFD9FF7D
:204C20001086534120F010F2913000FFD9FF1086534120F010FF081FB70F01F02C2191306B
:204C400000FF19FF28A66F1F12008F2220F09601913000FF19F028A6370070088F00210081
:204C6000A60F913000FF59FF28A686228F3240F1913000FF19F028A6370070088F00210009
:204C8000A60F913000FF59FF28A63C01913000FF19FF28A66F0FFC7F00908FF43F1091307A
:204CA00000FFD9FF28A654FF370F6EF18FFF83213C01913000FF19FF28A66F1F12008F22F1
:204CC00020F09601913000FF19F028A6370070088F002100A60F913000FF59FF28A68F22EB
:204CE00020F09602913000FF19F028A6370070088F002100A60F913000FF59FF28A63C013E
:204D0000913000FF19FF28A61601DF1FFB7F6F041500913000FFD9FF1086534120F010F202
:204D2000913000FFD9FF1086534120F010FF083FB70F81F02C233C13913000FFD9FF108648
:204D4000534120F010F2913000FFD9FF1086534120F010FF081FB70F81F02C21913000FF61
:204D600019FF28A66F1F12008F2220F09601913000FF19F028A6370070088F002100A60FAA
:204D8000913000FF59FF28A686228F3240F1913000FF19F028A6370070088F002100A60FE8
:204DA000913000FF59FF28A63C01913000FF19FF28A66F0FFC7F00908FF43F10913000FF0F
:204DC000D9FF28A654FF370F6EF18FFF83213C01913000FF19FF28A66F1F12008F2220F0BF
:204DE0009601913000FF19F028A6370070088F002100A60F913000FF59FF28A68F2220F0CA
:204E00009602913000FF19F028A6370070088F002100A60F913000FF59FF28A63C0191306B
:204E200000FF19FF28A61601DF1FFB7F6F041400913000FFD9FF1086534120F010F29130E2
:204E400000FFD9FF1086534120F010FF083F96012C233C12913000FFD9FF1086534120F0E5
:204E600010F2913000FFD9FF1086534120F010FF081F96012C21913000FF19FF28A66F1F10
:204E800012008F2220F09601913000FF19F028A6370070088F002100A60F913000FF59FFE5
:204EA00028A686228F3240F1913000FF19F028A6370070088F002100A60F913000FF59FFC7
:204EC00028A63C01913000FF19FF28A66F0FFC7F00908FF43F10913000FFD9FF28A654FF0D
:204EE000370F6EF18FFF83213C01913000FF19FF28A66F1F12008F2220F09601913000FF40
:204F000019F028A6370070088F002100A60F913000FF59FF28A68F2220F09602913000FFA7
:204F200019F028A6370070088F002100A60F913000FF59FF28A63C01913000FF19FF28A6BD
:204F40001601DF1FFB7F6F041400913000FFD9FF2C86534120F010F2913000FFD9FF2C8601
:204F6000534120F010FF083F96202C233C12913000FFD9FF2C86534120F010F2913000FF34
:204F8000D9FF2C86534120F010FF081F96202C21913000FF19FF28A66F1F12008F2220F0A3
:204FA0009601913000FF19F028A6370070088F002100A60F913000FF59FF28A686228F3260
:204FC00040F1913000FF19F028A6370070088F002100A60F913000FF59FF28A63C01913011
:204FE00000FF19FF28A66F0FFC7F00908FF43F10913000FFD9FF28A654FF370F6EF18FFF85
:2050000083213C01913000FF19FF28A66F1F12008F2220F09601913000FF19F028A6370043
:2050200070088F002100A60F913000FF59FF28A68F2220F09602913000FF19F028A6370086
:2050400070088F002100A60F913000FF59FF28A63C01913000FF19FF28A61601DF1FFB7F1B
:205060006F041400913000FFD9FF1086534120F010F2913000FFD9FF1086534120F010FFF4
:20508000083F96022C233C12913000FFD9FF1086534120F010F2913000FFD9FF10865341FE
:2050A00020F010FF081F96022C21913000FF19FF28A66F1F12008F2220F09601913000FF67
:2050C00019F028A6370070088F002100A60F913000FF59FF28A686228F3240F1913000FFA5
:2050E00019F028A6370070088F002100A60F913000FF59FF28A63C01913000FF19FF28A6FC
:205100006F0FFC7F00908FF43F10913000FFD9FF28A654FF370F6EF18FFF83213C019130A6
:2051200000FF19FF28A66F1F12008F2220F09601913000FF19F028A6370070088F0021009C
:20514000A60F913000FF59FF28A68F2220F09602913000FF19F028A6370070088F00210065
:20516000A60F913000FF59FF28A63C01913000FF19FF28A61601DF1FFB7F6F0414009130DA
:2051800000FFD9FF1086534120F010F2913000FFD9FF1086534120F010FF083F96082C23E7
:2051A0003C12913000FFD9FF1086534120F010F2913000FFD9FF1086534120F010FF081FC5
:2051C00096082C21913000FF19FF28A66F1F12008F2220F09601913000FF19F028A6370078
:2051E00070088F002100A60F913000FF59FF28A686228F3240F1913000FF19F028A6370084
:2052000070088F002100A60F913000FF59FF28A63C01913000FF19FF28A66F0FFC7F00905F
:20522000DA010F4F00F0913000FF19F0208626F0760382123C0282023C0100908FF43F1052
:20524000913000FFD9FF28A654FF370F6EF18FFF83213C01913000FF19FF28A66F1F12003B
:205260008F2220F09601913000FF19F028A6370070088F002100A60F913000FF59FF28A645
:205280008F2220F09602913000FF19F028A6370070088F002100A60F913000FF59FF28A624
:2052A0003C01913000FF19FF28A61601DF1FFB7F6F041500913000FFD9FF1086534120F022
:2052C00010F2913000FFD9FF1086534120F010FF082F375F03F22C223C13913000FFD9FFF4
:2052E0001086534120F010FF9130002FD9221086534120F01022142F375F03F234FF91304C
:2053000000FF19FF28A66F1F12008F2220F09601913000FF19F028A6370070088F002100BA
:20532000A60F913000FF59FF28A686228F3240F1913000FF19F028A6370070088F00210042
:20534000A60F913000FF59FF28A63C01913000FF19FF28A66F0FFC7F0090024102629130DE
:2053600000FFD9FF28A654FF370F6EF18FFF83313C01913000FF19FF28A66F1F12008F2319
:2053800020F09601913000FF19F028A6370070088F002100A60F913000FF59FF28A68F2323
:2053A00020F09602913000FF19F028A6370070088F002100A60F913000FF59FF28A63C0177
:2053C000913000FF19FF28A61601DF1FFB7F6F011F008B05014082100F40100086F191300F
:2053E00000FFD9FF2C86534120F010FF9130002FD9222C86534120F01022542F82F1C61032
:20540000260F0F420020A62F74FF3C1B82100F50100086F1913000FFD9FF2C86534120F0E1
:2054200010FF9130002FD9222C86534120F01022542F82F1C610260F0F520020A62F74FF20
:20544000913000FF19FF28A66F1F12008F2320F09601913000FF19F028A6370070088F00D8
:205460002100A60F913000FF59FF28A686238F3340F1913000FF19F028A6370070088F00FF
:205480002100A60F913000FF59FF28A63C01913000FF19FF28A66F0FFC7F00908FF43F1012
:2054A000913000FFD9FF28A654FF370F6EF18FFF83213C01913000FF19FF28A66F1F1200D9
:2054C0008F2220F09601913000FF19F028A6370070088F002100A60F913000FF59FF28A6E3
:2054E0008F2220F09602913000FF19F028A6370070088F002100A60F913000FF59FF28A6C2
:205500003C01913000FF19FF28A61601DF1FFB7F6F041500913000FFD9FF2C86534120F0A3
:2055200010F2913000FFD9FF2C86534120F010FF083F375F02F32C233C13913000FFD9FF64
:205540002C86534120F010F2913000FFD9FF2C86534120F010FF081F375F02F32C21913036
:2055600000FF19FF28A66F1F12008F2220F09601913000FF19F028A6370070088F00210058
:20558000A60F913000FF59FF28A686228F3240F1913000FF19F028A6370070088F002100E0
:2055A000A60F913000FF59FF28A63C01913000FF19FF28A66F0FFC7F00904DC0E1FF1607DA
:2055C0003C0153CF20F060FF9130003F30F3D93F0C9654FF2E1B8F2420F0960154F03700AF
:2055E00070088F002100A60F74FF86248F2440F154F0370070088F002100A60F74FF3C01C5
:2056000054FF1601DF1FFE7F0090913000FF19FF28A66F1F12008F2420F09601913000FFB5
:2056200019F028A6370070088F002100A60F913000FF59FF28A686248F2440F1913000FF4B
:2056400019F028A6370070088F002100A60F913000FF59FF28A63C01913000FF19FF28A696
:205660001601DF1FFB7F00904DC0E1FF16073C01913000FFD9FF0C9653CF20F010FF54FFF6
:205680002E1B8F2420F0960154F0370070088F002100A60F74FF8F2420F0960254F03700C6
:2056A00070088F002100A60F74FF3C0154FF1601DF1FFE7F084F96082CF454FF2E1B8F2414
:2056C00020F0960154F0370070088F002100A60F74FF86248F3440F154F0370070088F0038
:2056E0002100A60F74FF3C0154FF6F0FFF7F0090913000FF19FF28A66F1F12008F2420F03C
:205700009601913000FF19F028A6370070088F002100A60F913000FF59FF28A68F2420F09E
:205720009602913000FF19F028A6370070088F002100A60F913000FF59FF28A63C01913042
:2057400000FF19FF28A61601DF1FFB7F913000FF39FF2CA69608913000FFE9FF2CA6913032
:2057600000FF19FF28A66F1F12008F2420F09601913000FF19F028A6370070088F00210054
:20578000A60F913000FF59FF28A686248F3440F1913000FF19F028A6370070088F002100DA
:2057A000A60F913000FF59FF28A63C01913000FF19FF28A66F0FFC7F00904DC0E1FF1607D8
:2057C0003C0153CF20F060FF9130003F30F3D93F0C9654FF370F6EF18FFF83213C013C017A
:2057E0000090913000FFD9FF28A654FF370F6EF18FFF83213C013C0100904DC0E1FF160775
:205800003C0153CF20F060FF9130003F30F3D93F0C9654FF2E1B8F2420F0960154F037006C
:2058200070088F002100A60F74FF86248F3440F154F0370070088F002100A60F74FF3C0172
:2058400054FF6F0FFF7F0090913000FF19FF28A66F1F12008F2420F09601913000FF19F000
:2058600028A6370070088F002100A60F913000FF59FF28A686248F3440F1913000FF19F0F9
:2058800028A6370070088F002100A60F913000FF59FF28A63C01913000FF19FF28A66F0FDF
:2058A000FC7F0090F647094F40189601894F00183C08DF140780094F40189604894F001871
:2058C0000090F647094F7C089601894F3C083C08DF140780094F7C089610894F3C08009080
:2058E000FF340B00538420F0911000F8D9FFC8E310FFD4F23C02A0023C01009082F28200EF
:205900003C17538020F0911000F8D9FFC8E310FFD4FF7D4F0D80538020F0911000F8D9FFA6
:20592000C8E310FF481F370F48203C04C210BF30EAFF3C010090404C405F09C0380909C1E2
:205940003C0914FFEE0C083F37F00500082F37F00504081F37F1011182183C0F14FF5E1C48
:20596000083F37F00508082F37F0050C081F37F1011382183C02820889C13C0989C038095F
:2059800040C46DFFBDFF09FFC8086E26081FEE099140002FD92200C8538220F010223C0932
:2059A0009140002FD92200C8538220F01022B04208A009FFC8081421370F68F037F108F0A8
:2059C000342F0C21370F83F12C210C2396022C230C2196042C2108264CC4820102F009C387
:2059E0002C0982020F20A0400F31A0503C016DFF43D33C0114FF534F20F010C28922300938
:205A000014F440C46DFF50FF14F440C46DFF5BFF08264CC4820102F009C32C0982020F2086
:205A2000A0400F31A0503C016DFF26D33C0114FF534F20F010C2481F42F2892230090282DD
:205A40003C01009091100048D944406382129130002F192F34A6370F6EF18FFF83313C0106
:205A60009150022F392F2C081601DF1F7080094584093C648F2320F07BC0FF0FA60F913077
:205A8000002F592F34A63C019130002F192F34A6370FE1F0DF1FFA7FCC513C0DD4F25420F8
:205AA000482F82F1C61F26F0481FA6F0D4F2742049FF0C0A80F0145F53CF20104C5142F147
:205AC0003F10EEFF9150022F392F0B4896409150022FE92F0B488F2320F07BC0FF0FA60FAA
:205AE00096029130002F592F34A63C01913000FF19FF34A66F1FFC7F3B0010F0C2FF4EF387
:205B000082023C09915002FF39F00B4837006103DF10F67F4C52BB00520C9BB0BF044B0F40
:205B200041F04B0F71F185F110013C0185F01001A2103FF0FDFF49550C0A8050144F53CF48
:205B400020104C4142F13F1097FF022F3C01EE0200A0DC0B009091100028D92248638210FA
:205B6000915002FF39FF2C081601DE1C82023C0DCC2153C220F010FFD4F45441482F26F1ED
:205B8000481F3E128200C212142F3FF2F37FDF100A80915002FF39FF2E08370FE1F21E1200
:205BA00082003C01F60200A0DC0B0090025FC234B7040200370050808BC801008B8000405D
:205BC0006D001229BC2640240B8F10486D0004003C010090C234B70402F0370F5000DA0094
:205BE000894F1808DA01894F1908804F8BCF01F0C27FB70F03F0744FDA00AC42DA00AC476D
:205C0000DA00894F0A09894F0609DA00AC49AC48894094088945960840423C0100906D0088
:205C200080030090544F2E1B8F2400F096015440370070088F000100A60F744F06248F2403
:205C400040F15440370070088F000100A60F744F544F0090913000FF19FF28A66F1F12004F
:205C60008F2400F09601913000FF19F028A6370070088F000100A60F913000FF59FF28A679
:205C800006248F2440F1913000FF19F028A6370070088F000100A60F913000FF59FF28A685
:205CA000913000FF19FF28A6009002484DC0E1FF16078B5F20F33C0153CF20F060FF9130CE
:205CC000003F30F3D93F0C9640F402846DFFACFF084F96082CF440F402846D005C000090AF
:205CE000024802846DFFB8FF913000FF39FF2CA69608913000FFE9FF2CA602846D00630079
:205D00000090BB00C20B9BE0CB04913000FF39FF1B06370F62F35E26BB0068199B81B914C4
:205D20003C0B5E16BB0068199B81B9143C05BB00C21B9BE1CB14913000FF39FF3306370FD8
:205D400062F26E1D913000FF39FF1906370FE7F0C21F4B0F61F14BF14110913000FF39FF1E
:205D60001B0616079210913000FF39FF1C061607C21FE2F04B0061F14BF15100913000FF6F
:205D800039FF3006160F4B0F41F14BF051203C010090544F2E1B8F2400F09601544037007A
:205DA00070088F000100A60F744F06248F3440F15440370070088F000100A60F744F544F57
:205DC0000090913000FF19FF28A66F1F12008F2400F09601913000FF19F028A6370070086D
:205DE0008F000100A60F913000FF59FF28A606248F3440F1913000FF19F028A63700700814
:205E00008F000100A60F913000FF59FF28A6913000FF19FF28A60090912000303043493351
:205E2000088A543F06F4374F9FF09120003030434933088A743F9120003030434933148AAB
:205E4000543FEF8F0A00B70F01FC9120003030434933148A743F0090F445DA006C410C489F
:205E600096012C480C4896022C480C48B70F01F12C480C48B70F81F12C480C48B70F01F22A
:205E80002C480C4896202C480940C808DA0837F006F3AC440C49B70F01F22C49DA00894FD0
:205EA0000E09DA00894F1209DA00894F0A090C49B70F81F22C490C49B70F01F32C49094F5A
:205EC0005808B70F01F0894F1808094F5808B70F81F0894F1808094F5808B70F01F1894F84
:205EE0001808094F5808B70F81F1894F18080090DA00344FDA00AC41DA00AC42DA00AC4355
:205F0000DA002C48DA00AC45A00FEC43DA006C4400908F841EF08F0F0801B70408FC3704AE
:205F2000E81BB71F812BDA7F7FF1048082020090DA967F1F048082023C068B6109F1325FAC
:205F40000FF2002037024820760432523702482000908F841EF08F0F0801B70408FC37048E
:205F6000E81BB71F812BDA7F7FF1048082020090DA967F1F048082023C068B6109F1325F6C
:205F80000FF200203702502076043252370250200090B70408FC3704E80BB71F811BDA7F48
:205FA0003FF00580DA967F0F0480820200908B6009F1325F0FF10010370168200090B70406
:205FC00008FC3704E80BB71F814BDA7F7FF00480D2020090DA967FF0078082058B600961FB
:205FE0001DFF4AD082058BA016601DFF46D0B70408FC3704E80BB71F811BDA7F3FF00580A5
:20600000DA967F0F0480820200908B6009F1325F0FF1001037017020009082088B0420F2E1
:206020008B0500F5EE0D7B0008000282B700890B8F7201108F880120A610A6020090D20084
:206040000B0450F10B1500F20B5190F2EE073B0008800B40C0400B51D05082029B02F02F41
:20606000BBF0FF3F9BF3FF3F0F2480000F358010BA008B0100F4EE4C3B7001900B4510686C
:20608000BB00FF1F9BF1FF1F8F0400012651BA008B0100F4EE2182019BF1FF1F8F04000168
:2060A0002651BA008B0100F4EE098F751E107745804302153B0003903C0F8F351F107745A8
:2060C000804902153B4002903C078FF51F107745804F0215C2190F2480000F3580108B004E
:2060E00020F28B0100F5EEF2024A0B6710C8D2148B891E606DFFC1CF0F2C80000F3D80108C
:20610000BA008B0100F4EE2B3B0008703C293B600920BB00000F9BF00F0026408F050011E1
:206120008B0020F28B0100F5EE073BA00820774500568FC4004082009B00080082013C05BB
:20614000C2F27745805006140B0430F10B1500F20B15A0F2EEF602401DFF6AFF82078BF240
:206160009F008BF3BF1026C026D1BA008B0100F4EE038F0744710B8A10488BF907601D00EB
:2061800035298B0420F28B0500F5EE0A7B0008008203B700892B8F7301F0A6F20090820271
:2061A0009B02F02FBBF0FF3F9BF3FF3F0F2480000F358010BA008B0100F4EE4C3B70018047
:2061C0000B451068BB00FF1F9BF1FF1F8F0400012651BA008B0100F4EE2182019BF1FF1FF3
:2061E0008F0400012651BA008B0100F4EE098F751E107745804302153B0003803C0F8F35CE
:206200001F107745804902153B4002803C078FF51F107745804F0215C2180F2480000F354D
:2062200080108B0020F28B0100F5EEF202490B6710A8D2148B881E606DFF1FCF0F2A8000D1
:206240000F3B8010BA008B0100F4EE2B3B0008703C293B600930BB00000F9BF00F0026405B
:206260008F0500118B0020F28B0100F5EE073BA00830774500568FC4004082009B00080089
:2062800082013C05C2F37745805006140B0430F10B1500F20B15A0F2EEF602401DFF7BFF2F
:2062A00082078BF29F008BF3BF1026A026B1BA008B0100F4EE038F0744718BF80760820469
:2062C00002951D0093283BD03CF19B4FEDF34BF401F02E031D00E5287B00F803BBA027F8D2
:2062E0009BAF01F44BF401F02E2C3BB0FDF09B9FFCF34B4051406D00D4286B02312F0090F2
:206300006B0031F46B0021044B0F51406D00C9283BB0FDF09B9FF4F36B0F2122009091102D
:206320000048D94418E51D0002008208404F8209820A820BC81CC82D483C09FF1001DF1FAB
:20634000238080CF160180D08F100001FE046E04C2FC04DF24CF76CF8F3C00018FEC1FF0A1
:206360006E0902F140D2C2F16014442164C1FC4E90DD020CDF0CE07FC2FC60C204DF24CF2B
:20638000FC2E3CD9DE2580CF2E03C2FC24C9DF0CD37F8F3C00F106EC76C5C2FC60C264CA5C
:2063A000FC2F6EC9C2FF60F224CBFC2F3CC48F0F1F00DF002E008F3F0001DF102B8080CFCC
:2063C0008F3F00D180DF1603FEDB76DB02D440C440D56D000F0701CD00C601DD00D6A2DC44
:2063E00076CF8F3C00018FEC1FF06E0902F140D2C2F16014442164C1FC4E90DD020CDF0C25
:206400009B7F02C440C440D56D00F4063C9400901603DF2F91FF80CF16036E0702F440C42E
:206420006D00D10610CCA2FCDF0C867F8F3C004106EC76C5C2FC60C264C8FC2FDF047C7F60
:2064400040C46D00C0061DFF77FF205089A4380989A62C0989A73409DA01A00F820909AAFC
:206460001019780C89A9081989A9280902A089A90019B70089FBF80678113700E8FB780870
:206480000258404C029D405D8BFF0FC27B00F8B376C658116E04029C09AD30095808BA0F8C
:2064A0007813F68A3B700600580B3E043B7004007E0382183C23580D6F5F21803B1006002D
:2064C000580B3E043B100400FE095811EE0382083C1582788F3F000082013C06C2F88FC3F3
:2064E0001F107723000E0B011028FBF0000026202631BA008B0100F4EEF2DA00780F02A4D8
:206500006D0035087625DA2D780F67AABFAFEE0E580D8F8F0101DA087E03DA2B3C068B0073
:206520000102580FAB0FA2F0780F09A00019AA1089A00019DF0D1600580B911000F8D9FF8A
:20654000E0E310FF081F2E37910000F8D9FF3400F8063C1B910000F8D9FF0030F8063C1513
:20656000DF0C1D00580B911000F8D9FFE0E310FF081F2E36910000F8D9FF04303C0591007B
:2065800000F8D9FF0830F8065810BB90FF0F9239580D260F780D1D008C013B100600580BEC
:2065A0003E053B1004005F0F27805808AB1F18FF780858109230F683580D2E22C210428087
:2065C00058083BC0F91FC2207FF106003B4006103F1F0400DA033C0A3B60FF1F7FF10600AB
:2065E0003BA000103F1F0400DA02780C580C12091D005F01580849AF0A0A6E7549A4140A98
:2066000002A46D00D12409AC1409022A370CE8FB82006E55BBF028EC49AE130A7B0012D4D5
:206620009B5ECFE33C3F49A20A0A7D2E0C8049AF120A49AE130AA07209F03FF489E03FF4FC
:20664000FC2CBBD0CC0C58059BC0DC0349A4140A4B0F41406D00A82489A20609DF09148043
:206660006B0E21F24BDB41B04BDF41406DFF53FC762A4BBC514049A4140A82196D0094240E
:2066800089A2060909AF06096B0E21FF4BDF41406DFF41FC8B0203F089EF3FF4580AC21F9E
:2066A000780A5805370FE8FBEEBF3C0304EF24FF49A2130A012E20F4EEFA3C154B0A01F006
:2066C0006F2F12007B0012043C064B0A41A0580AC2FF780A4B0A41F089AF06094BBF01F094
:2066E0006F0FF5FF3B600610580B028082093E143B6004107E13580A12803B500610580B7D
:206700003E143B5004107E12C210CE03DA003C038B7000F310A2492E0A0A3C117B0012F443
:2067200049A4060A4BFA41406D003E24022A09A406096DFFF0FB8B0203F024FF01FE20F4D2
:20674000EE0649A2130A012F20F4EEE909EF000840EFC25F3C0A49AF0A0A01EF30F4EE0777
:2067600040EF09EF3FF4C21F34EF3C08DA3134EF49EF010A580AC21F780A09E00008DA393D
:206780003F0FEB7F89F93FF049A20A0A012F20F4EE0609F00008DA305F0FF67F3B500600DA
:2067A000580BBE013B5004003E0E3B6006005F0F3C003B6004005F0F3800580A3FF80400AF
:2067C000FFDF330058103B50062049AF0A0A9210580B09A10A083E243B5004207E2C76137E
:2067E00049AF0B0A14FFEE04580DAE227682C21042803C17028276158BF81F2049AF0B0A95
:2068000014FFEE03580D2E22C21082013C0814FFEE03580D2E23C210B01FC2113F21F97F20
:206820008B4000903C453B600600580B3E043B6004007E0F09A02809FA10AB10A09F5810C4
:2068400042F9F684580D6F2F34001A8992193C300280580A49AF0A0A4EF4581092193C0D04
:2068600009A1280958101219021F14F17612B01FABF01F00C2FFEEFA14FF6E02F604580DE8
:206880006F2F1700580AC219325F3C04C2FFC219C2F07607FF1FFC7F3C04C219B01FC2F035
:2068A000760314FFEEFB580D16042B09009F580F6E0D580D16036E0A61FF3BCD09A43C09DF
:2068C00040C46D005304DA00780FD806BD0F1A803B100600580B3E043B100400FE02580DA1
:2068E00016036E0F54DFC22F61FF10CD6D003E04580B40C48B7F01406D003804DA01781232
:20690000580D6F0F1680580EA29F3C0F61FF11CD580D40C416028B0F20F2864F8B0F0240F0
:206920006D002404580EC2FF780EFF1FF17F580F6E0861FFFECC09A43C0940C46D00160403
:20694000D806BCFA40F440C56D001F0454DFC23F74DF1D008A013B100600580B3E053B1069
:2069600004005F0F9F808F28200058138B7001018B1F03A1BF1022008201DA177FF008001D
:20698000821258110F021020262F6E02821182F2C2F00F0200F0C6F2F6145811262F6E0448
:2069A0005811A62F78115811C21F7811EF7F0600DA0078113B2003A05812EE0D54DFC22FDF
:2069C00061FFA4CC6D00D203580B40C48B7F01406D00CC0361FFADCC02A440C46D00C603FE
:2069E000F683580D2E2561FF9ECC6D00BF0358113B8001B054D08F1F00A0428074D03C18CC
:206A00003B000340DF0B1100C2CB02B032500F0A00F0160F8B0F0340DA397F4F0600580BE7
:206A20008B6F1CF042F440C46D00A003C2F8FF18E97F580B40C48BFF00406D009703580835
:206A4000CEF63BD00240325F78083C033BB0024040C46D008B03580C54D0C22F42F0580C9A
:206A6000820110AF34F13BA00010580CC2FF370F68F0780C10AF58084B1F01228B0303F050
:206A800034FF09A220094B12012289A26009DF02EEFF74D040A440C56D0077031D00E500F7
:206AA0003B50060049AF0A0ABE013B5004003E0E3B6006005F0F78003B6004005F0F740097
:206AC000580A3FF80400FFDF6F0009A00A08580AAB1F20A076093B700610580B3E143B7085
:206AE00004107E12C2F861FF24CC76063700684049AF0B0A3C033B00034040C46D00360319
:206B000014FFEE0B580DAE29768C3B500600580B3E043B5004007E0561FF05CC6D0026031C
:206B2000820B3C1A09F00008F60A580DAE283B500610580B3E143B5004107E1D61FFF9CB82
:206B4000760537006840B01F3C033B00034040C46D000C03C21B3F8BE77F61FFEACB580B4A
:206B600040C48FDF0F416D000103C2FA54DFC21F0EA43BB002403C04325A3BD0024074DFC7
:206B800040C46D00F30261FFC6CB8B00034040C46D00EC0261FFBFCB8B01034040C46D0047
:206BA000E5023C6209AA28094EA854DFC21F61FFADCB6D00DB023C1954D0C21074D014F4A9
:206BC0007643B01F3C033B00034040C46D00CE023B600600580B3E063B6004003E03ABF864
:206BE0001F88C2FAFF1AEA7F3B600600580B3E063B6004003E0314FF6E02F684580D6F2F88
:206C0000340061FF96CB580A3BE00240325F3C0854D03B000340C21074D0C2FFC2F840C4B4
:206C20006D00A402768BFF1FF57F3C0861FF81CB04F440C46D009A02C2F8768314FFEEF70E
:206C40003B600600580B3E0E3B6004003E0B580D2E2B3C0854DFC21F61FF58CB6D0086026E
:206C6000C2F8DF08F9FF580EA29F3C0A54D03B00024040C4C21074D06D007802C2FFFF1F0D
:206C8000F77F00902010404C405D89A68C09DA00780209D40008DF045002DA257E4409D0C9
:206CA00001047E08B01D49A5080A40C46D0054023CF1820A0BAA108809DF01003BD00200B9
:206CC0007E048F1A40A13CF93BB002007E07BBF0FE0F26A08F8040A13CF03B0002007E06A6
:206CE0006F3AECFF8F0A41A13CE83B0003007E048F2A40A13CE23B3002007E048F4A40A140
:206D00003CDC3BA00200FE03D803B04FF80309F83CF9CE848F1A40A1325809DF01003C0DDA
:206D200013A820FF8B0F1D8009DF01008B0F1D0037006800BFA0F6FF3BE002005F0F238081
:206D40008F0A42A109DF01003BA00200FE05D803B04FF80309F93CF9CE968F1A40F1BBF0F9
:206D6000FDAF26FA09DF01003C0D13A920FF8B0F1D9009DF01008B0F1D0037006800BFA055
:206D8000F6FF3BC006007E048F0A48A13C1E3B8006007E048F0A44A13C183BC004007E0409
:206DA0008F0A50A13C123BA006007E04B71A81A43C0C3BA007007E04B71A01A53C063B40C2
:206DC0000700FE01B71A81A53BC006003E043B8006007E0709D000087E04B71A01A6B01D85
:206DE00009DF01003B3006005F0F2F808F1A00F1EE0E3C093B00024049A5080A40C46D0053
:206E0000AB01C2F87F890400FF28F67FD80340C449A5080AB04FF80309F03CF9370048409E
:206E20006D009A01DF0F377F3C093B00024049A5080A40C46D009001C2F87F892C7FFF284E
:206E4000F67F1DFF28FF3B400600BE013B9006003E0E3BF006003E0B3B8007003E083B80E0
:206E600005003E053B5007005F0F598082023B4006003E043B9006007E0282123B00080181
:206E80000F0A80105F0104006F9A05003B8000003C0282403B8000105F100980D80349FF36
:206EA000080AF80309F078F93C15D803B04FF80309F03CF90B0000080B0110483B00040150
:206EC0000F0A80105F010D807628370448000B0000080B0110483C13370468403C0F3B00CC
:206EE00004005F010B807626370450000B0000483C06370470403C02F62282056F5A060050
:206F0000BBD0FF0F260A3C0282190BFA106889A440090B8910481D00CB003B300700FE0692
:206F20006F5A0680BBF0FF9F9BF9FF97D8030BA8104840C5029649A6080AB04FF80309F414
:206F4000BCF96D00CC021DFFA6FE3B600600BE063B600400BE033B500600BE003B500400DE
:206F60003E0D3B7006003E0A3B7004003E073B1006003E043B1004007E0DD8038F0A0211E5
:206F8000AB698091B04FF80302F609F03CF974A03C2C3B200700FE086F6A0800D803B04F0D
:206FA000F80309F03CFA3C06D803B04FF80309F03CF98F0A02F1EA69DA004BF051F174AF09
:206FC0003B6006603C123B200500FE09D8038F0A02F1EA6949FF080AF80309F478F96DFF12
:206FE0002DC83B60066074A20B89104849A5080A02A740C46DFF2BFA1DFF4DFE3B000700B2
:207000005F0F5D806F8A45006F0A0E80DA113C093B00024049A5080A40C46D009D00C2F86B
:207020003F8FF8FFD803A03E49FF080A09FF3FF449A5080A370F684040C46D002101FCE7D9
:207040003BA0034049A5080A40C46D008500D803A03E49FF040A09FF3FF449A5080A370F8C
:20706000684040C46D000C01FCE7DA113C093B00024049A5080A40C46D006E00C2F83F8FF3
:20708000F8FFD80349FF080AF8031DFF04FED8033B8000400245B04FF8038F2A407109F031
:2070A0003CF9820189A040093B80076049A5080A40C46D0000011DFFEEFD3BE006005F0F7C
:2070C00037803B0008010F0A80F03E036F9A0E00D803B04FF80309FFBCF909A00809820105
:2070E00089F040091DFFD7FD3B000401260ADA407EAAD803B04FF80309FFBCF95802B4FF8D
:207100001DFFC9FD5F0A0B80D803B04FF80309FFBCF9580234FF1DFFBEFDD803B04FF803CE
:2071200009FFBCF9580274FF1DFFB5FD910000F7DA1959FF349009A208090090910000F78C
:20714000DA1759FF34903B0004406D000C007B00FC27009037046840545FC21F745F1D0095
:207160000500BA0492F20090D44FBCF440F41D00B524CC414C4280F07FF0068034F4CC4106
:20718000B01FEC410090404F405C3C06370F684040C46DFFEBFF09FF0100EEF900903704F3
:2071A000E82BB704894B8BF20F228B04002400903704E82BB704894B8BF20F228B042024DE
:2071C00000903BF00F00804F1603063F0FF0100082FFC6F0C2F4604F804FB70F02F060F234
:2071E000B014542F260F742F77000004FCF60090804F16033BF00F008F3F00100F10100044
:2072000082F1C610C2F4604F8041B7010220095101008F3F0030B0140F3110106022C21F45
:20722000542216032602A612742277000004FDF0ED7F0090404F0B4510A849FD160A02687E
:2072400040FCDA0034DF820702860BAB10486DFFD9C723820A0A0B2310A88BA060F2CA7084
:207260008B0003F089DF3FF48B0220F28B0300F5EEEB04DF24FFEEFE40C200900248404F9D
:207280008FC83F40405CDA090B4F2001DA37AB0F83F042F46DFF60FF8FF8000140F4DA0940
:2072A00040C50B0F2011DA37AB0F834142041DFF53FF026E2020DA58404F0B4510A8405C26
:2072C000027909AC600982085FEF7300DA643EEDDA693EEBDA6F5FEF6C00DA75BEE4DA78AF
:2072E0005FEF67001D00ED00D2000B0C50F10B1D00F20BD190F2EE073BD002800BC0C0C060
:207300000BD1D0D00BCD104840A43BA000606DFF93FFF6B6BA0C8B0D00F4DF0FDF8040A475
:207320006D00B720370268C0DF081180DA753EE88F890101DA087E043BB002803C078F8975
:2073400001F18B0F01F2AB08A28F768CABFA1FAA8F3900F16E0740F4028440C56DFFFCFE07
:2073600082086F0914808F2900F18B0F20F2864F8B0F02F03C0740F402F440C56DFFECFEF9
:20738000C2FA7FAB04003FACF87F768E40F4028440C56DFFE1FE3C08C2FB61FFB2C76DFF4D
:2073A000DBFEABFA1FAA3FBCF97F1D008A008BFE268240A48F3820F08B8F00600BCD1048D6
:2073C0006DFF3AFFDA78FEE314AF40A26E10092000088BF01BF0370F6810DA193F1F058067
:2073E0008B0002F0342F092F0104EEF240A46D005020370268F078068B0C20F28B0D00F58A
:20740000EE0AF6B6DF086A806F296800821BBBB0FFFF26F96F291B006F191300768E61FF20
:2074200070C76DFF99FEABFA1FAA40F402E440C56DFF92FEABFA1FAABBB0FFFF26F9DA6F4A
:207440007EE558063FBF0300921B6F29090076875806C22BC22F370F68F078066F091580BA
:207460008F2900F18B0F20F2864F8B0F02C03C0740F402C440C56DFF6FFEC2FA7FAB050080
:2074800058063FAFF77F6F291900DF08170061FF38C76DFF61FEABFA1FAA40F402E440C5C4
:2074A0006DFF5AFEABFA1FAA3C08C2FB61FF29C76DFF52FEABFA1FAA58063FBFF87FBBF0A1
:2074C000F74F40A4BBF0FF6F40F5269440C602A59BF6FF671D00030000900248404F025FEC
:2074E000405C0269406D6D00D41F022A6F0819803C083B00024040C440D56DFF2DFEC2FF0A
:207500003FFAF97F3FF9F77F3C0BC2F909F40100DF04110040C440D56DFF1EFE8AFFDF0906
:20752000F6FF3C083B00024040C4C2FF40D56DFF13FEEEF90090910000F7D9FF0000D4F2A1
:2075400091300057D955C08701240046015420F4EE0891400057D955C088014530F4EE04DA
:2075600082FF60F20090F4F400908F141E20009002483708E8FB8209EE03028200904B98E0
:2075800001F02E046788BF8F82197B00F8F36B88714F6D00501F3B3033F39B3FF3F34BF867
:2075A00001F0AE264B2851406D0096003C0B3BB0FDF09B9FFCF34B8251406D008D006B02F2
:2075C000312F76936722BF2F00900B4510886DFFF1FDF62502946DFFEDFD76246B0921289B
:2075E000009002846DFFDDFDDF021B007B00F8F74BF901F02E163BB0FD409B94F4433C4D39
:207600007B00F8FF4BF901F01602BB40BE4C9B6401443BB0FD009B90FC036A043C3E370928
:20762000E8FB8200BA0F6E193708E8FBEE098F191EF03BB0FD209B9204246A8200904B089A
:2076400001F016043BB0FD209B92FC233BB0FD009B90FC0B6A0200904B0901F06F0F2C00C6
:207660003708E8FB6E164B0801F02E2E3BB0FDF09B9F04F46788BF0F4B9051406DFF25F60A
:207680006B02312F00907B00F8FF4BF901F02E183BB0FD409B94044402851D0015044B9861
:2076A00051406DFF12F63BB0FDF09B9F04FC6B0F212200904B0801F02E254B9851401DFF3F
:2076C00004F66788BFFF4B9F51406DFFFEF56722BF2F0090DA004BF401F02E231DFFF5F5C1
:2076E0006744BF4F6DFFF1F56722BF2F00904B044181910000F7D9FF10A091000027D922A4
:2077000010A0542F3B3033039B30F3034B0F41F074FF910000F7D9FF10A0BBA099F99B9F9F
:20772000E9F391000027D92210A054206BF861F074FF910000F7D9FF14A091000027D922A8
:2077400014A0542F91000027D92210A054206B0021FF74FF910000F7D9FF14A09100002751
:20776000D92214A05424BB00005C9BA5555CBB00006C9BA655646D008D0374F2910000F7CE
:20778000D9FF0C1054FF7B802C044B0F51F0910000F7D9FF10A054F06B083100910000F75C
:2077A000D9FF10A054F1910000F7D9FF141054F24B2141107B802C244B215110910000F7D5
:2077C000D9FF14A054F2910000F7D9FF101054F34B3241207B802C344B3251206B0221114A
:2077E0006B0F61417B00165C7B0016646D0052033C0100904B044181910000F7D9FF18A0D3
:2078000091000027D92218A0542F3B3033039B30F3034B0F41F074FF910000F7D9FF18A002
:20782000BBA099F99B9FE9F391000027D92218A054206BF861F074FF910000F7D9FF1CA023
:2078400091000027D9221CA0542F91000027D92218A0542091000027D922102054214B01B3
:2078600041116B0131006B0021FF74FF910000F7D9FF1CA091000027D9221CA054247BA0FD
:20788000475C7BA047646D00050374F2910000F7D9FF040054FF7B802C044B0F51F0910096
:2078A00000F7D9FF18A054F06B083100910000F7D9FF18A054F1910000F7D9FF0C0054F24A
:2078C0004B2141107B802C244B215110910000F7D9FF1CA054F2910000F7D9FF080054F3C2
:2078E0004B3241207B802C344B3251206B0221116B0F61213C0100904B044181910000F760
:20790000D9FF38A091000027D92238A0542F3B3033039B30F3034B0F41F074FF910000F7C1
:20792000D9FF38A0BBA099F99B9FE9F391000027D92238A054206BF861F074FF910000F7E6
:20794000D9FF3CA091000027D9223CA0542F91000027D92238A054206B0021FF74FF9100D3
:2079600000F7D9FF3CA091000027D9223CA05424BB0000589BB5535CBB0000689BB6536418
:207980006D00880274F2910000F7D9FF2C2054FF7B802C044B0F51F0910000F7D9FF38A08D
:2079A00054F06B083100910000F7D9FF38A054F1910000F7D9FF342054F24B2141107B80B0
:2079C0002C244B215110910000F7D9FF3CA054F2910000F7D9FF302054F34B3241207B8038
:2079E0002C344B3251206B0221116B0F61213C0100906B053184910000F7D9FF08A0910013
:207A00000027D92208A0542F6B0821FF74FF910000F7D9FF08A091000027D92208A0542438
:207A2000BB0000589BB5535CBB0000689BB653646D00300274F2910000F7D9FF381054FF09
:207A4000910000F7D9FF0CA054F06B003108910000F7D9FF002054F1910000F7D9FF3C10C1
:207A600054F2910000F7D9FF08A054F34B3241206B8161126B0F6121910000F7D9FF0CA02C
:207A800074F83C0100906B053184910000F7D9FF20A091000027D92220A0542F6B0821FFDF
:207AA00074FF910000F7D9FF20A091000027D92220A054247BA0475C7BA047646D00EA016C
:207AC00074F2910000F7D9FF100054FF910000F7D9FF24A054F06B003108910000F7D9FF11
:207AE000180054F1910000F7D9FF140054F2910000F7D9FF20A054F34B3241206B816112CB
:207B00006B0F6121910000F7D9FF24A074F83C0100906B053184910000F7D9FF30A0910026
:207B20000027D92230A0542F6B0821FF74FF910000F7D9FF30A091000027D92230A054249F
:207B4000BB0000589BB5535CBB0000689BB653646D00A00174F2910000F7D9FF142054FF8D
:207B6000910000F7D9FF34A054F06B003108910000F7D9FF1C2054F1910000F7D9FF182070
:207B800054F2910000F7D9FF30A054F34B3241206B8161126B0F6121910000F7D9FF34A0BB
:207BA00074F83C010090910000F7D9FF1C106B0531F474FF910000F7D9FF042054F66B05BA
:207BC00031F4910000F7D9FF201054F07B0000146B1071FF910000F7D9FF241054F06B00EF
:207BE00021FF910000F7D9FF0C2054F06B053114910000F7D9FF201054F26B0231119100CA
:207C000000F7D9FF082054F26B0531344B3241206B1061026BF661F0910000F7D9FF18105C
:207C200091000027D922181054206B0F21F074FF910000F7D9FF241091000027D922201080
:207C4000542F74FF910000F7D9FF20106B0531F474FF910000F7D9FF181091000027D9225B
:207C6000181054243B0000549BC5615C3B0000649BC661646D000E0174F2910000F7D9FFB1
:207C8000181054F23C010090B70481FF7B00F8034B0F01F0370F61F06E028204910000F798
:207CA000D9FF2C106B0531F474FF910000F7D9FF1C0054F66B0531F4910000F7D9FF3010AD
:207CC00054F07B0000146B1071FF910000F7D9FF341054F06B0021FF910000F7D9FF2400EF
:207CE00054F06B053114910000F7D9FF301054F26B023111910000F7D9FF200054F26B05C0
:207D000031344B3241206B1061026BF661F0910000F7D9FF281091000027D9222810542099
:207D20006B0F21F074FF910000F7D9FF341091000027D9223010542F74FF910000F7D9FF58
:207D400030106B0531F474FF910000F7D9FF281054F23C010090B70481FF7B00F8034B0F25
:207D600001F0370F61F06E0282046B053184910000F7D9FF28A091000027D92228A0542F3A
:207D80006B0821FF74FF910000F7D9FF202054FF910000F7D9FF2CA054F06B003108910045
:207DA00000F7D9FF282054F1910000F7D9FF242054F2910000F7D9FF28A054F34B32412030
:207DC0006B8161126B0F61413B0000549BC5615C3B0000649BC661646D005C00910000F766
:207DE000D9FF2CA074F83C010090404F405C54FF54C06B00315F7B000A04B70581FF7B00D9
:207E000012144B1F01F0370F61F06E0454FF74CF3C14B70581FF7B002A144B1F01F0AE09EB
:207E200002046D00510054CF6B0221FF74CF3C0554CF6B5461FF74CF54CF7B8024044B0F25
:207E400001F0370F61F16E0E7B8024F454C07B8024146B0131007B00F0136B1071FF74CF7A
:207E60003C1554CF7B80240C4B0F01F0370F61F06E0D7B8024FC54C07B8024146B01210017
:207E80007B00F0136B1071FF74CF54CF74FF00904B5401F0370F61F06E023C074B6401F096
:207EA000AE223C020264024502523C0100907F5403003C067F4603003C02024602650252C5
:207EC0003C0100908F151E503754812F009020106D00001B6D00B71B82046D0095296D00E3
:207EE00010336D00B1266D00B8186D00E0056D00C51882043B803E506D00C13B6D00F61A6D
:207F00001D00FC00910000F7D9FF307014FFDF0FB000DABCB4AFDA78ACA2DA552CA8820475
:207F2000820591100047D944D8CC3BC00B603B8007706D00512E910000F7D9FF1850DA00EB
:207F400074FF3B50054091100047D944544B6D00800BBF12888091100047D944544B02249F
:207F60006D00E20DDAC85F2F7E00530222F0911000F7D9FF544B10FF09F0CC08DA5F7F0FDE
:207F80001C8091100027D922504B530222F0911000F7D9FF544B10FF09F0CC08530222F02E
:207FA000911000F7D9FF544B10FF088F82214B1F0142A240B420530222F0911000F7D9FF2F
:207FC000544B10FF09F0CC08DA5F7FF01C8091100027D922504B530222F0911000F7D9FFAD
:207FE000544B10FF09F0CC08530222F0911000F7D9FF544B10FF088F82214B1F0142424018
:20800000B420911000F7D9FF504B530222F091100027D922544B1022092FCE08ACF191004A
:2080200000F7D9FF185091000027D9221850542FC21F74FFBB0080FFB4AF3BF005403B705F
:208040000750911000F7D9FF504B94FF370F7060911000F7D9FF504B881F370F70706D00D0
:20806000BB27910000F7D9FF3070DA0034FFDA0634AF82043BA00A50910000F7D9FF3C50A7
:2080800054F682576D00262DDA0634AF82043BE00B50910000F7D9FF1C5054FF67FFBF6F8B
:2080A00082576D00172DDA0634AF82043B200D50910000F7D9FF4C1054F682576D000A2DB2
:2080C000DA0634AF82043B600E50910000F7D9FF501054F682576D00FD2CDA0634AF82049C
:2080E0003BA00F50910000F7D9FF0C6094FF4B0F416182576D00EE2C1DFF06FF00906D006D
:20810000211A82046D0006206D00F0193C013C000090BD043100B0C4404C54CF910000D70F
:20812000B70F0180D9DD3C90D4DF74C801C800E654EF6E04AE0342F83CF954F001F00026A8
:208140007DC20580420874F840FCEE1082046DFFF4F9B04E7DE20A80325802846DFFEDF943
:20816000802F1EF3DA0074CFD4DF80CF80F00B0F90F174DF00902008910000F7D9FF40105A
:2081800091000027D9225820542F91000027D922642054206B0031FF74FF91000027D922C5
:2081A0004010910000F7D9FF5820481F910000F7D9FF642048106B0031FF6C219100002714
:2081C000D9224010910000F7D9FF5820482F910000F7D9FF642048206B0031FF6C229100FF
:2081E00000F7D9FF5810481F74AF910000F7D9FF5810482F7801910000F7D9FF401054F40E
:20820000910000F7D9FF40104815910000F7D9FF40104826910000F7D9FF581054F76D00B3
:208220000B0200902020D2000B011088D2000B0110A8D20089A04009D20089A04809D200F3
:2082400089A05009D20089A05809910000F7D9FF00B091000027D9223060942F74FF910026
:2082600000F7D9FF00C091000027D9223460942F74FF910000F7D9FF00D091000027D9220F
:208280003860942F74FF910000F7D9FF00E091000027D9223C60942F74FF910000F7D9FFEB
:2082A00000F091000027D9220070942F74FF910000F7D9FF400091000027D9220470942FEB
:2082C00074FF910000F7D9FF143054FFEE71820C3C316D006B248BFC00F1534F20F0910023
:2082E00000F7D9FF00B010FF91000027D9223060942F74FF8BFC00F1534F20F0910000F7C5
:20830000D9FF00C010FF91000027D9223460942F74FF8BFC00F1534F20F0910000F7D9FFAF
:2083200000D010FF91000027D9223860942F74FFC21CDA0F3FFCCF7F820C3C316D005D24A4
:208340008BFC00F1534F20F0910000F7D9FF00E010FF91000027D9223C60942F74FF8BFC98
:2083600000F1534F20F0910000F7D9FF00F010FF91000027D9220070942F74FF8BFC00F12A
:20838000534F20F0910000F7D9FF400010FF91000027D9220470942F74FFC21CDA0F3FFC1D
:2083A000CF7F910000F7D9FF1430DA0174FF82023C30534220F0910000F7D9FF00B010FFC9
:2083C00054FF0BF000080B0840800B195090534220F0910000F7D9FF00C010FF54FF0BF04E
:2083E00000080B0A40A00B1B50B0534220F0910000F7D9FF00D010FF54FF0BF0000854AF1D
:208400000B0F400058010B1F501089A04009C212DA103FF2D07F82023C38534220F0910041
:2084200000F7D9FF00E010FF54FF0BF0000858020B0F400058030B1F501089A04809534280
:2084400020F0910000F7D9FF00F010FF54FF0BF0000858040B0F400058050B1F501089A091
:208460005009534220F0910000F7D9FF400010FF54FF0BF0000858060B0F400058070B1FB8
:20848000501089A05809C212DA103FF2C87F910000F7D9FF58100B8910486DFFC0ED7B0074
:2084A00018F44BF251F074FF910000F7D9FF58100BAB10486DFFB3ED7B0018F44BF251F0D8
:2084C0006CF109A44009910000F7D9FF58106DFFA6ED7B0018F44BF251F06CF209A4480921
:2084E000910000F7D9FF58206DFF99ED7B0018F44BF251F074FF09A45009910000F7D9FFD4
:2085000058206DFF8CED7B0018F44BF251F06CF109A45809910000F7D9FF58206DFF7FEDDE
:208520007B0018F44BF251F06CF282003C3E8BF000F1534F20F0910000F7D9FF00B010FF9F
:208540008BE000F1534F20F091000027D92200B01022542F74FF8BF000F1534F20F09100D3
:2085600000F7D9FF00C010FF8BE000F1534F20F091000027D92200C01022542F74FF8BF039
:2085800000F1534F20F0910000F7D9FF00D010FF8BE000F1534F20F091000027D92200D068
:2085A0001022542F74FFC210DA0F3FF0C27F82003C3E8BF000F1534F20F0910000F7D9FFEE
:2085C00000E010FF8BE000F1534F20F091000027D92200E01022542F74FF8BF000F1534FD5
:2085E00020F0910000F7D9FF00F010FF8BE000F1534F20F091000027D92200F01022542FA6
:2086000074FF8BF000F1534F20F0910000F7D9FF400010FF8BE000F1534F20F09100002754
:20862000D92240001022542F74FFC210DA0F3FF0C27F0090027854A909AA04093B00CA07D9
:208640009BB0A8034B0441B03B00CA079BB0A8034B0541C03B00CA079BB0A8034B0641D02D
:208660004B9941006B8861006BAA61406D00E3163702E8FBBA0F6E031D0018024B285130E4
:208680004B2951404B2A5120910000F7D9FF184054FF910000F7D9FF284054F04B0F41F04D
:2086A000910000F7D9FF104054F0910000F7D9FF204054F16B1071FF7B0000044B0F41605C
:2086C000910000F7D9FF104054FF910000F7D9FF184054F0910000F7D9FF204054F1910005
:2086E00000F7D9FF284054F54B5141106B0F61F17B0000044B0F4150910000F7D9FF28400F
:2087000054F7910000F7D9FF284054F8910000F7D9FF104054FF910000F7D9FF104054F003
:208720004B0F41F0910000F7D9FF184054F0910000F7D9FF184054F16B1071FF910000F742
:20874000D9FF204054F0910000F7D9FF204054F16B1071FF6B8761FF4BF441006B5271109D
:208760004B6241006BF371204B5341F06B64713F910000F7D9FF283091000027D92238200B
:20878000542F91000027D922283054206BF161F074FF910000F7D9FF2C3091000027D92248
:2087A0003820542F91000027D9222C3054206BF261F074FF910000F7D9FF303091000027C2
:2087C000D9223820542F91000027D922303054206BF361F074FF910000F7D9FF003054FF37
:2087E0006B1F61FB910000F7D9FF283054F06B00211F910000F7D9FF003054FF6B2F61FC12
:20880000910000F7D9FF2C3054F06B00212F910000F7D9FF003054FF6B3F61FD910000F72A
:20882000D9FF303054F06B00213F910000F7D9FF104054F4910000F7D9FF184054F5910067
:2088400000F7D9FF204054F6910000F7D9FF284054F7910000F7D9FF10406755BFFF4B1FF8
:2088600041F06B2671FF6B3771FFBBA0700D9B30B2036B0F61F474FF910000F7D9FF184062
:208880004B3641F06B1461FF6B2771FFBBA0700D9B30B2036B0F61F574FF910000F7D9FF4A
:2088A00020404B2441F06B3571FF6B1761FFBBA0700D9B30B2036B0F61F674FF910000F7A2
:2088C000D9FF28404B2541F06B3461FF6B1671FFBBA0700D9B30B2036B0F61F774FF910099
:2088E00000F7D9FF284054FF910000F7D9FF284054F0910000F7D9FF204054F1910000F755
:20890000D9FF204054F2910000F7D9FF104054F3910000F7D9FF104054F4910000F7D9FF8A
:20892000184054F5910000F7D9FF184054F64B6541506B4361356B2161136B0F61416D0086
:208940007A153702E8FBDF0FB100910000F7D9FF104091000027D9221040542F4B2F51F0DC
:2089600074FF910000F7D9FF184091000027D9221840542F4B2F51F074FF910000F7D9FFB0
:20898000204091000027D9222040542F4B2F51F074FF910000F7D9FF284091000027D92238
:2089A0002840542F4B2F51F074FF910000C7D9CC4C10910000F7D9FF184054FF7B00000CB3
:2089C0004B0F41F0910000F7D9FF284054F0910000F7D9FF104054F17B0000244B214110AF
:2089E000910000F7D9FF204054F24B2141106B0F61416DFFBFF53B3033F39B5F26F44BF296
:208A000041F074CF910000C7D9CC5010910000F7D9FF204054FF7B0000044B0F41F09100D7
:208A200000F7D9FF284054F0910000F7D9FF104054F17B0000244B214110910000F7D9FF0A
:208A4000184054F24B2141106B0F6141910000F7D9FF184054FF7B00000C4B0F41F09100F1
:208A600000F7D9FF184054F04B0F41F0910000F7D9FF204054F07B0000144B104100910040
:208A800000F7D9FF204054F16B1071FF7B00F8036B00215F6DFF9BF53B3033F39B5F26F475
:208AA0004BF241F074CF3C01009082083C3E6D007D206D00A2206DFFB7FB910000F7D9FF7D
:208AC000642091000027D9226420542F91000027D922582054206B0021FF74FF9100002703
:208AE000D9226420910000F7D9FF6420481F910000F7D9FF582048106B0021FF6C219100D3
:208B00000027D9226420910000F7D9FF6420482F910000F7D9FF582048206B0021FF6C22FB
:208B200082146D00C02FC2183B803EF03FF8C17F910000F7D9FF642091000027D9226420EE
:208B4000542F7BA047044B0F51F074FF910000F7D9FF642091000027D92264204C217BA07B
:208B600047044B0F51F06CF1910000F7D9FF642091000027D92264204C227BA047044B0F69
:208B800051F06CF2DA003C046DFFF7FAC21F3B803E003F0FFB7F910000F7D9FF48309100B4
:208BA0000027D9225410542F74FF910000F7D9FF702091000027D9224C10542F74FF9100B3
:208BC00000F7D9FF443091000027D9225010542F74FF00902008910000F7D9FF144054FF8A
:208BE000910000F7D9FF144054F04B0F41F074AF910000F7D9FF144054FF910000F7D9FF68
:208C00001C4054F04B0F4180910000F7D9FF144054FF910000F7D9FF244054F04B0F41905F
:208C2000910000F7D9FF1C4054FF910000F7D9FF1C4054F04B0F41A0910000F7D9FF1C402E
:208C400054FF910000F7D9FF2C4054F04B0F41B0910000F7D9FF244054FF910000F7D9FFEF
:208C6000244054F04B0F41C0910000F7D9FF244054FF910000F7D9FF2C4054F04B0F41D05F
:208C8000910000F7D9FF2C4054FF910000F7D9FF2C4054F04B0F41E0910000C7D9CC0040ED
:208CA0007B00F8F3910000F7D9FF103054F0910000F7D9FF103054F1910000F7D9FF0830ED
:208CC00054F2910000F7D9FF083054F3910000F7D9FF0C3054F4910000F7D9FF0C3054F5A6
:208CE0004B5441406B3261246B1061426D00A3134B2F51F074CF910000F7D9FF08309100CA
:208D00000027D9220830542F91000027D922004054204B0F41F074FF910000F7D9FF0C3075
:208D200091000027D9220C30542F91000027D922004054204B0F41F074FF910000F7D9FFFC
:208D4000103091000027D9221030542F91000027D922004054204B0F41F074FF910000F770
:208D6000D9FF04406B0931FB7B0000044B0F41F074FF910000F7D9FF08406B0D21F87B0006
:208D800000044B0F41F074FF910000F7D9FF0C4054AF6B0A31FF6B0C31FF6B0E21FF74FFCA
:208DA000910000F7D9FF183091000027D9220C30542F91000027D9220C4054204B0F41F09B
:208DC00091000027D9221030542091000027D922084054216B1071FF74FF910000F7D9FFFE
:208DE0001C3091000027D9221030542F91000027D922044054204B0F41F091000027D92208
:208E00000830542091000027D9220C4054216B1071FF74FF910000F7D9FF2030910000276C
:208E2000D9220830542F91000027D922084054204B0F41F091000027D9220C30542091008E
:208E40000027D922044054216B1071FF74FF910000F7D9FF304091000027D9221830542F8B
:208E6000BBA0700D9B30B2034B0F41F07B00F00391000027D922304054216B0F61F174FFCA
:208E8000910000F7D9FF344091000027D9221C30542FBBA0700D9B30B2034B0F41F07B001E
:208EA000F00391000027D922344054216B0F61F174FF910000F7D9FF105091000027D92271
:208EC0002030542FBBA0700D9B30B2034B0F41F07B00F00391000027D922105054216B0F6C
:208EE00061F174FF910000F7D9FF343091000027D9223040542F91000027D9223C205420C0
:208F000091000027D9220430542191000027D9221830542291000027D922343054236B216A
:208F200061136B0F61F174FF910000F7D9FF383091000027D9223440542F91000027D92259
:208F40003C20542091000027D9220430542191000027D9221C30542291000027D922383055
:208F600054236B2161136B0F61F174FF910000F7D9FF3C3091000027D9221050542F910048
:208F80000027D9223C20542091000027D9220430542191000027D922203054229100002752
:208FA000D9223C3054236B2161136B0F61F174FF910000F7D9FF742091000027D922144099
:208FC000542F74FF910000F7D9FF782091000027D9221C40542F74FF910000F7D9FF7C20A2
:208FE00091000027D9222440542F74FF910000F7D9FF403091000027D9222C40542F74FF7F
:20900000910000F7D9FF144091000027D9221C40542F67FFBFFF91000027D922343054205B
:209020004B0F41F091000027D9222440542091000027D922383054216B1071FF91000027E7
:20904000D9222C40542091000027D9223C3054216B1071FFBBA0700D9B30B20391000027A6
:20906000D922144054216B0F61F174FF910000F7D9FF1C4091000027D9227420542F9100D6
:209080000027D9223430542091000027D9222440542191000027D9223C3054224B214110F8
:2090A0006B0F61F191000027D9222C40542091000027D922383054216B1071FFBBA0700DFE
:2090C0009B30B20391000027D9221C4054216B0F61F174FF910000F7D9FF244091000027D1
:2090E000D9222C40542F91000027D9223430542091000027D9227420542191000027D9228C
:20910000383054224B21411091000027D9227820542291000027D9223C3054236B3271113E
:209120006B0F61F1BBA0700D9B30B20391000027D922244054216B0F61F174FF910000F7B8
:20914000D9FF2C4091000027D9227420542F91000027D9223C30542091000027D922782023
:20916000542191000027D922383054224B2141106B0F61F191000027D9227C20542091000C
:209180000027D922343054216B1071FFBBA0700D9B30B20391000027D9222C4054216B0F83
:2091A00061F174FF910000C7D9CC00407B00F883910000F7D9FF2C4054FF910000F7D9FF38
:2091C0002C4054F0910000F7D9FF244054F1910000F7D9FF244054F2910000F7D9FF144018
:2091E00054F3910000F7D9FF144054F4910000F7D9FF1C4054F5910000F7D9FF1C4054F621
:209200004B6541506B4361356B2161136B0F61416D0011114B2851F074CF910000F7D9FFC7
:20922000144091000027D9221440542F91000027D922004054204B0F41F074FF910000F763
:20924000D9FF1C4091000027D9221C40542F91000027D922004054204B0F41F074FF910052
:2092600000F7D9FF244091000027D9222440542F91000027D922004054204B0F41F074FFBC
:20928000910000F7D9FF2C4091000027D9222C40542F91000027D922004054204B0F41F06E
:2092A00074FF910000F7D9FF144054FF910000F7D9FF2C4054F04B0F41F0910000F7D9FF39
:2092C0001C4054F0910000F7D9FF244054F14B104100910000F7D9FF244054F1910000F7B8
:2092E000D9FF244054F24B214110910000F7D9FF2C4054F2910000F7D9FF2C4054F34B328D
:209300004120910000F7D9FF54106B0021FF7B0000044B0F41407B00F8F36B0221017B00D3
:2093200000146B10715F6DFF52F13B3033F39B5F26F44BF241F074FF910000F7D9FF2430E5
:2093400091000027D9225410542F67FFBFFF74FF910000F7D9FF541054FF82004B0F01F0F8
:20936000AE0E910000F7D9FF4C3091000027D9225410542F4B0F31F174FF3C0F910000F7F9
:20938000D9FF4C3091000027D9225410542F4B0F31F11B8F16F074FF009082086D00061C97
:2093A0006D002B1C910000F7D9FF681091000027D9223060942F4B0F41F13BF0FF009B00CA
:2093C00098034B0F41F03B3033039B30EB0391000027D922681054213B6066269B62F22334
:2093E0004B2141106B0F61F174FF91000027D9226810910000F7D9FF346094FF4B0F41F133
:209400003BF0FF009B0098034B0F41003B3033139B31EB13910000F7D9FF6810481F3B60FC
:2094200066269B62F2234B2F41F06B1061FF6C2191000027D9226810910000F7D9FF386058
:2094400094FF4B0F41F13BF0FF009B0098034B0F41003B3033139B31EB13910000F7D9FF17
:209460006810482F3B6066269B62F2234B2F41F06B1061FF6C22910000F7D9FF0830910087
:209480000027D9226810542F74FF91000027D9220C30910000F7D9FF6810481F742F9100DA
:2094A0000027D9221030910000F7D9FF6810482F742F91000027D9226810910000F7D9FFCD
:2094C0003C6094FF4B0F4101910000F7D9FF4020483F6B0F31F03B70D7079BB0A8034B0F06
:2094E00041F06C2391000027D9226810910000F7D9FF007094FF4B0F4101910000F7D9FF22
:209500004020484F6B0F31F03B70D7079BB0A8034B0F41F06C2482023C1D534220F091000C
:2095200000F7D9FF384010FF9A12534F20F091000027D92238401022542074F0534220F09D
:20954000910000F7D9FF384010FF54F06B002188C212BF42E47F534220F0910000F7D9FF8F
:20956000384010F2910000F7D9FF047094F04B004101910000F7D9FF4020485F6B0F31007A
:209580003B3033139B3118144B1051007420910000F7D9FF641091000027D9226410542073
:2095A0003B6066169B61F213534220F091000027D92238401022542F6B0F21F8BBD0CC2CF8
:2095C0009BC2E4234B2F41F03B3033239B32EB234B2F41F06B1061FF74FF91000027D92234
:2095E0006810910000F7D9FF047094FF4B0F4101910000F7D9FF4020485F6B0F31F03B7043
:20960000D7079BB0A8034B0F41F06C2591000027D9223430910000F7D9FF6810483F742F41
:2096200091000027D9223830910000F7D9FF6810484F742F91000027D9223C30910000F756
:20964000D9FF6810485F742F6DFFC6FA00900248404C91000047D94450308204BB00045BC9
:209660006D00770C82043B00905140C46D00710C821582063B7007703C7C3B8000903C7575
:2096800053C72BF0911000F7D9FFD8CC10FF01F900F614F03F8069800251820282E33C431B
:2096A00082E43C3E0B3700A00B4900B0BF0B3800DABC7FFB3500BF0A3300DA787FFA3000A6
:2096C000532B20F03B801700E2A0910000F7D9FF503001F000F610FF09FFC0086E20532BF6
:2096E00020F03B801700E2A0910000F7D9FF503001F000F610FF09FFC0087F1F1180532BB3
:2097000020F03B801700E20A910000F7D9FF503001FA00F610FF09F1C0088212C214BF347C
:20972000C37FC213BF33BE7F762F532920F03B801700E270910000F7D9FF503001F000F6C7
:2097400010FFB4F13C11532920F03B801700E270910000F7D9FF503001F000F610FFB4F5D9
:20976000C21537057050C219DAB43FF98B7FC2F7FF1785FF82013B7007201D0030013B80BA
:2097800000301D002801532320F03B801700E220910000F7D9FF503001F000F610FF09F02A
:2097A000C008DF0017018211532320F03B801700E220910000F7D9FF503001F000F610FF27
:2097C00009FFC00853C22B00911000F7D9FFD8CC01F000F601F300F614F47FF6538092F0C2
:2097E0005300220001C000F6B4F392F05300220001C000F6A81292F05300220001C000F680
:209800008210288092F05300220001C000F68210289092F05300220001C000F68210A850DE
:2098200092F05300220001C000F6A86392F05300220001C000F6A87292F05300220001C0EF
:2098400000F6A8C492F05300220001C000F6A8D392F05300220001C000F6A8E292F0530070
:20986000220001C000F692F05300220001C000260920CA08C210A850370F68601D00AA0097
:2098800092F05300220001C000F609F0D8087F40148092F05300220001C000F6A8C492F052
:2098A0005300220001C000F6A8D392F05300220001C000F6A8E292F05300220001C000F61B
:2098C00009F0C0087F03088092F05300220001C000F6B4F392F05300220001C000F609F0C1
:2098E000C2087F02088092F05300220001C000F6A81292F05300220001C000F609F0D008AE
:209900007F30088092F05300220001C000F6A88392F05300220001C000F609F0D2087F2017
:20992000088092F05300220001C000F6A89292F05300220001C000F692F05300220001C051
:2099400000260920D00892F45304224001C400260924C008A240C210288092F0530022006E
:2099600001C000F692F05300220001C000260920D20892F45304224001C400260924C2082E
:20998000A240C210289092F05300220001C000F692F05300220001C000260920CA08C21002
:2099A000A85092F05300220001C0002692F05300220001C000F609F0C008C2FF530F22F02D
:2099C00010CF088F82244B4F0142424089208C08C213DAB43FF3D97EC2F2FF12D2FE8200CC
:2099E00082023C27530222F010CF09FFCA086E1E910000F7D9FF1450530222F010C2092F9F
:209A0000CA084B0F61F174FF530022F010CF530222F010C24922000A49FF000AA074442F8A
:209A200064FFFC4EC21037006800C212370268203F62DAFF761302023C0282023C010090DD
:209A4000370450F08B1F1AF04B0F41F1370450088B9018004B0041014B0041006BFF614061
:209A60006D00E90C3C010090370450F88B7F07F14B0F4101DA004BF001F0370F61F06E0388
:209A80006700BF0F370450F08BFF05F1BF0F1E007BE02BF4370450104B0141116B0131FF5B
:209AA0004B0F5140910000F7D9FF20506DFF14EE7B4033F44BF241F03BB0FD009B90040412
:209AC0004B0F51F074FF3C1E370450F04B0F41F17BE02B146B0131FF4B0F5140910000F76E
:209AE000D9FF20506DFFF8ED7B4033F44BF241F03BB0FD009B9004044B0F51F067FFBFFFA3
:209B000074FF910000F7D9FF205091000027D922205054247B00225C7B0022646DFFBAF156
:209B200074F20090404F02483B00C0939BC961943B800CA0820B3C27530B22F010F209207D
:209B4000CC0837005000370C10C0530B22F010F2092FCE08370F50F037FC10C802C46DFF54
:209B600071FF4B9201F0370F61F06E0A530B22F010F2092FCA08BF3F0480022902BAC21BD6
:209B8000370B68B03F8BDAFF02A23C0100900D00000282046D00BE1282046DFF80B8827069
:209BA000DA010F0F00F0892F28296D00FF176D0024186DFF39F3910000C7D9CC00A09100C1
:209BC00000F7D9FF40104814910000F7D9FF280054F56DFFEAEF74C2910000F7D9FF04A0BA
:209BE00091000027D9224010542F67FFBF4F91000027D9222C0054256DFF48F074F2910078
:209C000000C7D9CC3000910000F7D9FF40104824910000F7D9FF340054F56DFF9EF074C27F
:209C2000911000F7D9FFD88C91000027D92200A0542F91000027D922300054206B0021FF98
:209C40004B0F31F174FF911000F7D9FFDC8C91000027D92200A0542F91000027D922300084
:209C600054206B0031FF4B0F31F174FF911000F7D9FFE08C91000027D92204A0542F4B0FD6
:209C800031F174FF911000F7D9FFD88C91100027D922D88C54243B008F5D3B0071626DFF1B
:209CA00008F174F2911000F7D9FFDC8C91100027D922DC8C54243B008F5D3B0071626DFF29
:209CC000F8F074F2911000F7D9FFE08C91100027D922E08C54243B80C75E3B8038616DFF13
:209CE000E8F074F2910000F7D9FF501054FF7BC020044B0F01F06F2F2380910000F7D9FFC8
:209D0000501054FF7BC0200C4B0F01F06F0F1880910000F7D9FF4C1054FF7B001F044B0FC1
:209D200001F0AE2D910000F7D9FF4C1054FF7B001F0C4B0F01F0370F61F06E07820482053E
:209D400082066D006A093C12911000F7D9FFD88C54F4911000F7D9FFDC8C54F5911000F778
:209D6000D9FFE08C54F66D005809911000F7D9FFE48C94FFBF5F4106911000F7D9FFE48CCF
:209D8000DA00B4FF6DFFF9F16DFF09FB910000F7D9FF081091000027D9223050542F9100B1
:209DA0000027D922046054206B0021FF74FF910000F7D9FF041091000027D9222C50542F85
:209DC00091000027D922345054206B0021FF74FF910000F7D9FF280091000027D9224C1043
:209DE000542491000027D9220410542F91000027D922380054206B00215F6DFFFCED74F29C
:209E0000910000F7D9FF2C0091000027D9225010542F67FFBF4F91000027D9220810542F5E
:209E200091000027D9223C0054206B00215F6DFF2CEE74F2910000F7D9FF185054FFBF1FEF
:209E40004C01910000F7D9FF3850DA0074FF910000F7D9FF0C60DA00B4FF911000F7D9FFB7
:209E6000504B54F46DFF02FE910000F7D9FF3C5091100027D922504B54246DFFE3FD74F21F
:209E8000910000F7D9FF1C5054FF910000F7D9FF205054F04B0F01F0370F61F06E1091009E
:209EA00000F7D9FF1C5091000027D9221C50542F7B00E8036B0021FF74FF3C1E910000F77F
:209EC000D9FF1C5054FF910000F7D9FF205054F04B0F01F0370F61F16E0F910000F7D9FF17
:209EE0001C5091000027D9221C50542F7B00E8036B0031FF74FF910000F7D9FF1C5054FFC1
:209F0000910000F7D9FF205054F06B0031FFB70F81FF7B00F8034B0F01F0370F61F06E2264
:209F2000910000F7D9FF1C5054FFB70F81FF7B0012044B0F01F0370F61F06E14910000F73F
:209F4000D9FF146094F0DA647FF00D00910000F7D9FF146091000027D9221460942FC21FD8
:209F6000B4FF910000F7D9FF1C5054FF910000F7D9FF205054F06B0031FFB70F81FF7B009F
:209F8000F8034B0F01F0370F61F06E43910000F7D9FF1C5054FFB70F81FF7B001A044B0FDB
:209FA00001F0370F61F06E35910000F7D9FF1C5054FFB70F81FF7B0012044B0F01F0370FEF
:209FC00061F16E27910000F7D9FF146094F0DA557FF00D00910000F7D9FF1460910000270B
:209FE000D9221460942FC21FB4FF910000F7D9FF146094F0DA557F0F0D00910000F7D9FF19
:20A00000146091000027D9221460942FC2FFB4FF910000F7D9FF1C5054FFB70F81FF7B008E
:20A020001A044B0F01F0370F61F16E35910000F7D9FF205054FFB70F81FF7B001A044B0F20
:20A0400001F0370F61F16E27910000F7D9FF146094F0DA4B7FF00D00910000F7D9FF146015
:20A0600091000027D9221460942FC21FB4FF910000F7D9FF146094F0DA4B7F0F0D009100B9
:20A0800000F7D9FF146091000027D9221460942FC2FFB4FF910000F7D9FF3C5054FF7B0065
:20A0A0001F044B0F01F0370F61F06E14910000F7D9FF146094F0DA467F0F0D00910000F77E
:20A0C000D9FF146091000027D9221460942FC2FFB4FF1D00F903910000F7D9FF0C6094F06D
:20A0E000DA963FF00901910000F7D9FF0C6094FF3B401F007F0F0001910000F7D9FF1C5063
:20A1000054FF82004B0F01F0370F61F16E1B910000F7D9FF146094F0DA3C3FF014009100BC
:20A1200000F7D9FF146091000027D9221460942F4B0F41F17B00F0036B00314F6DFF0BDFB7
:20A14000B4F2910000F7D9FF1C5054FF82004B0F01F0370F61F16E1B910000F7D9FF146078
:20A1600094F0DA3C3F0F1400910000F7D9FF146091000027D9221460942F4B0F41F17B001E
:20A18000F0036B00214F6DFFE6DEB4F2910000F7D9FF1C5054FF82004B0F01F0370F61F098
:20A1A0006E1B910000F7D9FF146094F0DA3C3FF01400910000F7D9FF146091000027D922DE
:20A1C0001460942F4B0F41F17B00F0036B00314F6DFFC1DEB4F2910000F7D9FF1C5054FF93
:20A1E00082004B0F01F0370F61F06E1B910000F7D9FF146094F0DA3C3F0F1400910000F71A
:20A20000D9FF146091000027D9221460942F4B0F41F17B00F0036B00214F6DFF9CDEB4F2A7
:20A22000910000F7D9FF1C5054FF82004B0F01F016068B0F20F26E24910000F7D9FF1C500C
:20A2400054FF7B0022044B0F01F0370F61F06E18910000F7D9FF006014FFEE12910000F747
:20A26000D9FF1C5091000027D9221C50542FBBD0CC0C9BC0E4036B0021FF74FF3C2F910059
:20A2800000F7D9FF1C5054FF82004B0F01F016038B0F20F26E23910000F7D9FF1C5054FFEE
:20A2A0007B00220C4B0F01F0370F61F16E17910000F7D9FF006014FF6E11910000F7D9FFDB
:20A2C0001C5091000027D9221C50542FBBD0CC0C9BC0E4036B0031FF74FF910000F7D9FF5D
:20A2E0000C6091000027D9220C60942FC21FB4FF1D00EA02910000F7D9FF0C6094FF3B4099
:20A300001F003F0FCD00910000F7D9FF0C6094FF3B0032003FF0C400910000F7D9FF1C5078
:20A3200054FF82004B0F01F0370F61F16E12910000F7D9FF1C5091000027D9221C50542F77
:20A34000BBD0CC0C9BC0E4036B0031FF74FF3C1C910000F7D9FF1C5054FF82004B0F01F006
:20A36000370F61F06E11910000F7D9FF1C5091000027D9221C50542FBBD0CC0C9BC0E403B4
:20A380006B0021FF74FF910000F7D9FF1C5054FF82004B0F01F0370F61F16E14910000F731
:20A3A000D9FF1C5054FF7B000A044B0F01F0370F61F06E08910000F7D9FF1C50DA0074FF0C
:20A3C0003C1E910000F7D9FF1C5054FF82004B0F01F0370F61F06E13910000F7D9FF1C5053
:20A3E00054FF7B000A0C4B0F01F0370F61F16E07910000F7D9FF1C50DA0074FF910000F780
:20A40000D9FF4C1054FF7B0004044B0F01F0370F61F06E38910000F7D9FF4C1054FF7B0020
:20A42000040C4B0F01F0370F61F16E2C910000F7D9FF1C5054FF7B000A044B0F01F0370F56
:20A4400061F06E20910000F7D9FF1C5054FF7B000A0C4B0F01F0370F61F16E14910000F780
:20A46000D9FF146094F0DA3C7F0F0D00910000F7D9FF146091000027D9221460942FC2FFDC
:20A48000B4FF910000F7D9FF0C6091000027D9220C60942FC21FB4FF1D001602910000F70A
:20A4A000D9FF0C6094FF3B0032003F0F0501910000F7D9FF0C6094FF3B004B007F0FFC0095
:20A4C000910000F7D9FF1C5054FF82004B0F01F016068B0F20F26E22910000F7D9FF1C506C
:20A4E00054FF7B0022044B0F01F0370F61F06E16910000F7D9FF006014FFEE10910000F7A9
:20A50000D9FF1C5091000027D9221C50542F7B00E8036B0021FF74FF3C2D910000F7D9FF28
:20A520001C5054FF82004B0F01F016038B0F20F26E21910000F7D9FF1C5054FF7B00220C73
:20A540004B0F01F0370F61F16E15910000F7D9FF006014FF6E0F910000F7D9FF1C509100E8
:20A560000027D9221C50542F7B00E8036B0031FF74FF910000F7D9FF1C5054FF82004B0F5B
:20A5800001F0370F61F16E1B910000F7D9FF146094F0DA3C3FF01400910000F7D9FF146024
:20A5A00091000027D9221460942F4B0F41F17B00F0036B00314F6DFFCEDCB4F2910000F788
:20A5C000D9FF1C5054FF82004B0F01F0370F61F16E1B910000F7D9FF146094F0DA3C3F0F3A
:20A5E0001400910000F7D9FF146091000027D9221460942F4B0F41F17B00F0036B00214FB4
:20A600006DFFA9DCB4F2910000F7D9FF1C5054FF82004B0F01F0370F61F06E1B910000F70F
:20A62000D9FF146094F0DA3C3FF01400910000F7D9FF146091000027D9221460942F4B0FD9
:20A6400041F17B00F0036B00314F6DFF84DCB4F2910000F7D9FF1C5054FF82004B0F01F011
:20A66000370F61F06E1B910000F7D9FF146094F0DA3C3F0F1400910000F7D9FF1460910085
:20A680000027D9221460942F4B0F41F17B00F0036B00214F6DFF5FDCB4F2910000F7D9FFDF
:20A6A0000C6091000027D9220C60942FC21FB4FF1D000A01910000F7D9FF0C6094FF3B00F6
:20A6C0004B007FF02400910000F7D9FF0C603B501FF0B4FF910000F7D9FF1C50DA0074FF6A
:20A6E000910000F7D9FF006014FF6E08910000F7D9FF0060DA0034FF3C07910000F7D9FFA1
:20A700000060DA0134FF1D00DF00910000F7D9FF146094F0DA377F0F0D00910000F7D9FF6B
:20A72000146091000027D9221460942FC2FFB4FF910000F7D9FF2050DA0074FF910000F7A2
:20A74000D9FF1C5054FF82004B0F01F0370F61F06E30910000F7D9FF1C5091000027D922E1
:20A760001C50542FBBD0CC0C9BC0E4036B0021FF74FF910000F7D9FF1C5054FF82004B0F4C
:20A7800001F0370F61F06E14910000F7D9FF1C5054FF7B00040C4B0F01F0370F61F16E08AC
:20A7A000910000F7D9FF1C507B00F8FB74FF3C3A910000F7D9FF1C5054FF82004B0F01F08A
:20A7C000370F61F16E2F910000F7D9FF1C5091000027D9221C50542FBBD0CC0C9BC0E40331
:20A7E0006B0031FF74FF910000F7D9FF1C5054FF7B0004044B0F01F0370F61F06E139100B5
:20A8000000F7D9FF1C5054FF82004B0F01F0370F61F16E08910000F7D9FF1C507B00F8F39D
:20A8200074FF910000F7D9FF146094F0DA373F0F2000910000F7D9FF1C5054FF7B0004042C
:20A840004B0F01F0370F61F06E13910000F7D9FF1C5054FF7B00040C4B0F01F0370F61F108
:20A860006E07910000F7D9FF0C60DA97B4FF910000F7D9FF1C5054FF82004B0F01F016066B
:20A880008B0F20F2EE08910000F7D9FF0060DA0134FF3C07910000F7D9FF0060DA0034FF38
:20A8A000910000F7D9FF24507B0004F474FF910000F7D9FF0C6091000027D9220C60942F30
:20A8C000C21FB4FF91000047D9441C5091100057D955D48CBBD0CC4C9BC4DC436DFF87EAFF
:20A8E000910000F7D9FF340091000027D9221C50542491000027D922001054256DFF0BE991
:20A9000074F2910000C7D9CC3450910000F7D9FF285054FF910000F7D9FF1C5054F84B8F33
:20A9200041F07B802C844B8F5190910000F7D9FF245054FF910000F7D9FF086094F84B08B2
:20A9400041814B8F41F07B802C844B8F51F0910000F7D9FF086094F84B0841814B8F41F0F0
:20A960007B802C844B8F51F0910000F7D9FF1C5054F84B8F41F07B802C844B8F51F06B0FAE
:20A9800021F967FFBFFF74CF910000F7D9FF345054FF7B8014844B8F01F0370F61F16E0893
:20A9A000910000F7D9FF34507B8014F474FF910000F7D9FF345054FF7B00128C4B8F01F022
:20A9C000370F61F06E08910000F7D9FF34507B0012FC74FF910000F7D9FF0410910000C7BE
:20A9E000D9CC2C5054CF910000C7D9CC345054C86B0821FF74FF911000F7D9FFE88C94F800
:20AA0000DA0A3FF87200911000F7D9FFE88CDA00B4FF6D003903910000C7D9CC38009110B9
:20AA200000F7D9FFEC8C888F911000F7D9FFEC8C8890A20F82204B0F01426DFF5AE674C2E6
:20AA4000910000F7D9FF106094FF910000F7D9FF146094F07FF00E00910000F7D9FF1060EE
:20AA600091000027D9221060942FC2FFB4FF3C18910000F7D9FF106094FF910000F7D9FF65
:20AA8000146094F07F0F0D00910000F7D9FF106091000027D9221060942FC22FB4FF910038
:20AAA00000F7D9FF3C0091000027D9220860942491000027D9221060942F42F46DFF9CE6AE
:20AAC00074F2910000C7D9CC0010911000F7D9FFEC8C888F911000F7D9FFEC8C889442F4CA
:20AAE0006DFF0CE774C2911000F7D9FFE48C911000C7D9CCE48C94CFC21FB4FF911000F7D5
:20AB0000D9FFE88C911000C7D9CCE88C94CFC21FB4FF0D00400200800D00000282046D00A0
:20AB2000F90A82046DFFBBB0DA0982180FF80080892828290D00400200800D00000282044B
:20AB40006D00E80A82146DFFAAB08278DA010F8F00F0892F28290D00400200800D000002F0
:20AB600082046D00D70A82146DFF99B0DA0982180FF80080892828290D00400200800D00D4
:20AB8000000282046D00C60A910000F7D9FF0890D4FF2D0F00000D00400200800D0000020B
:20ABA00082046D00B70A82046DFF3CD3762482046DFF4DCF82446DFF35D3762482446DFF32
:20ABC00046CF0D00400200800D00000282046D00A10A82146DFF26D3762B82146DFF37CF40
:20ABE000910000F7D9FF1890D4FF2D0F000082546DFF18D3762482546DFF29CF0D004002EE
:20AC000000800D00000282046D00840A82346DFF09D3762B82346DFF1ACF910000F7D9FF1A
:20AC20001490D4FF2D0F000082746DFFFBD2762482746DFF0CCF0D00400200800D0000027D
:20AC400082046D00670A91100047D94458D26DFFB4AF0D00400200800D00000282046D00C1
:20AC6000590A6D0019050D00400200800D00000282046D004F0A0D00400200800D000002DE
:20AC800082046D00470A91100047D94444F26DFF94AF0D00400200800D00000282046D00B5
:20ACA000390A91100047D944B0026DFF86AF0D00400200800D00000282046D002B0A911052
:20ACC0000047D9449C226DFF78AF0D00400200800D00000282046D001D0A910000F7D9FF67
:20ACE0001090D4FF2D0F00000D00400200800D00000282046D000E0A91100047D9448842ED
:20AD00006DFF5BAF0D00400200800D00000282046D00000A910000F7D9FF1C90D4FF2D0FC7
:20AD200000000D00400200800D00000282046D00F10991100047D944B4526DFF3EAF0D00D7
:20AD4000400200800D00000282046D00E3096D0086020D00400200800D00000282046D007D
:20AD6000D90991100047D944A0726DFF26AF0D00400200800D00000282046D00CB09911053
:20AD80000047D9448C926DFF18AF0D00400200800D00000282046D00BD0991100047D94462
:20ADA000B8A26DFF0AAF0D00400200800D00000282046D00AF0991100047D944A4C26DFFB4
:20ADC000FCAE0D00400200800D00000282046D00A10991100047D94490E26DFFEEAE0D00C2
:20ADE00040020080C234B70402F06E659249DF096300910000F7D9FF3C9054FFEE158204ED
:20AE00006DFF9BE3802F325F160392446DFF95E38020DFF051001022F4F291000047B5428E
:20AE2000389082007420D4FC820A3C0310CCB0FC54CF6E036F0FFCFFF4FC3C1DB70801F00B
:20AE400010CF6F08188054FFEE1182046DFF75E349F4040A7D420F80325802846DFF6DE303
:20AE6000802F1EF874CA82083C0CAE0442F874C840CF40FC54C876856F08E2FF3F98E0FF65
:20AE8000DF082680BF19180002946DFF56E3802F9EF249CF040A01F220F4EE0D012F30F43F
:20AEA000EE12802F325F1603102F92446DFF45E3802F5EF3A002009001CF2020802F960108
:20AEC00074CF40FC01C900F674FA3C0A9A493FF8078001C900F6A29874F83C0202898F1907
:20AEE00040F174CF49C2040A0090DF043000404FBF842780804F8F3F000180518F31001169
:20AF00005F101F802E06C2F4045F344F494F010A80FF2E16045F24FFC2E4045F24FF8F7438
:20AF200000018FD41FF06E0B02F14052C2F160160922480189F24801FC6CD05502047646F0
:20AF4000C2F46042045F24FFFC2E40420090404FBF852380804F2E05C2F53444494F010A8D
:20AF600080FF2E1424F4C2E524F48F7500F106D5DF051200D200764A370468008F802010FF
:20AF8000A6108F002110A6100201C2F5605289F04801FC2E02F57655C2F5605224F4FC2FBF
:20AFA00040420090024F370FE81B8F1F1E00DAFF7E17024F7444B70F89FB6E123C0B8FF012
:20AFC0000150DA7F7FF10900DA00B70F81FFA65F744F02420090DA963FF10A007444DA0056
:20AFE000B70F81FF8FF00120A6F20090B704890B8F71012082F38B6109110F1300302630B0
:20B00000B700890BA652A60274426B0231F4B70F812FA6520090026F370450403255370500
:20B0200050506D00B2008EFC3B402A4082056D0000233B50014002F56D00EC273C0C3B40C5
:20B040002A4082156D00F5223B500140325F02F56D00E02700906D00EA003B402A40821540
:20B06000820682376D00A2223B5001403B80265482066D00222700908224823582366D000D
:20B08000F41E0090910000F7D9FF086082246D00AF1FB4F282246D00C81E910000F7D9FF66
:20B0A000186091000027D9220860942F4B0F41F13BE0B8029B4086034B0F41F0BBA0700D12
:20B0C0009B30C2034B0F51F074FF0090911000F7D9FFEC8CDAA534FF911000F7D9FFEC8CC0
:20B0E000DA022CF1911000F7D9FFEC8CDA002CF2911000F7D9FFEC8CDA002CF3911000F7FE
:20B10000D9FFEC8CDA002CF4911000F7D9FFEC8CDA002CF5911000F7D9FFEC8CDAA72CF677
:20B12000823491100047D944EC8C82756D001039009091100047D944EC8C820482756DFF39
:20B1400008FF91100047D944EC8CB074820482756DFFFFFE911000F7D9FFEC8CDA002CFE75
:20B16000911000F7D9FFEC8CDA002CFF911000F7D9FFEC8CDA00ACF9911000F7D9FFEC8C93
:20B18000DA00ACF80090911000F7D9FFEC8CDAA534FF911000F7D9FFEC8CDA012CF1911086
:20B1A00000F7D9FFEC8CBB00F0FF264F868F2CF2911000F7D9FFEC8C8FF40FF12CF39110CB
:20B1C00000F7D9FFEC8CBB00F0FF265F868F2CF4911000F7D9FFEC8C8FF50FF12CF5911096
:20B1E00000F7D9FFEC8CDA002CF682003C1491100027D922EC8C911000F7D9FFEC8C086FA0
:20B20000911000F7D9FFEC8C01F000F614F1421F2C26C210BF60ED7F823491100047D9448F
:20B22000EC8C82756D009438009082343B0080509B7500503B5001603BE000706D005A3146
:20B24000823482156D001F356DFF75FF820482056DFF9BFF6DFF3CFF00902008823449A4EB
:20B26000000A6D00FD34DF02C00014A0DAA57E0F911000F7D9FFEC8C087F3B500A003E077C
:20B28000911000F7D9FFEC8CDA002CFE911000F7D9FFEC8C08EF911000F7D9FFEC8C10FFEC
:20B2A00014AF2CF7911000F7D9FFEC8C91100027D922EC8C0C2EC21F2CFE911000F7D9FFD0
:20B2C000EC8C08EFBF7F9180911000F7D9FFEC8C087F3B500A005F0F7980911000F7D9FFD5
:20B2E000EC8CDA002CFF82003C1591100027D922EC8C911000F7D9FFEC8C08F1911000F74A
:20B30000D9FFEC8C01F000F6087F42F189210F08C210BF60EC7F911000F7D9FFEC8C08FF30
:20B32000911000F7D9FFEC8C08D05F0F3F80911000F7D9FFEC8C088FDF2F28809110002723
:20B34000D922EC8C911000F7D9FFEC8C089F8F8F2000911000F7D9FFEC8C08AFA6F08920CF
:20B36000900891100027D922EC8C911000F7D9FFEC8C08BF8F8F2000911000F7D9FFEC8C25
:20B3800008CFA6F089209208911000F7D9FFEC8CDA002CFE91100047D944EC8CB0748204EA
:20B3A00082756DFFD6FD3C10911000F7D9FFEC8CDA002CFE91100047D944EC8CB0748204F8
:20B3C00082756DFFC6FD3C10911000F7D9FFEC8CDA002CFE91100047D944EC8CB0748204E8
:20B3E00082756DFFB6FD00906F770C006F0505808FF707F16E06C215EF850400C21606F5A8
:20B40000B70589FB8F7601008F840120A60FA6F20090201049A6100AA00FF4AF89A4840990
:20B4200082FF780240A46DFF2FDCD801DA0034FF009002483708E8FBEE05820402851DFFB8
:20B4400043E56DFFAEDEDF022280DA004BF801008F3000F16E056F001A001DFF71DE4B08C1
:20B4600091F17B00F0034B0841007B00FC134BF041206BF271214B2F41F04BF041006BF0B1
:20B4800071014B0F41F04BF8418002820090404F044FEEFF01F420F080F2C2F200903B00D2
:20B4A000D0269B9212246B4461224B4441F0BBE0F408BB50061D9BA014049BB10C146B1F33
:20B4C00061106BF261F04BF151F04B4F412000906D0010066D0036006D003F006D00871A65
:20B4E00082046D00170600904DC0E1FF16073C016E083C01911000F7D9FFC09C14FF6EFB6A
:20B500004DC0E1FF16073C01911000F7D9FFC09C10FFDA0134FF8218DA003C0B911000F7A8
:20B52000D9FFC09C10FF14F0E20837086880C21FBF3FF6FF82146D00B61ADF08EE7F009028
:20B540006DFF3DD102246DFF91D06DFF4CD102246DFFD0D00090911000F7D9FFC49C6DFFF7
:20B560008BC468224DC0E1FF8F7F00413C01911000F7D9FFC49C6DFFAFC36812911000F7B9
:20B58000D9FFC49C6DFF13C574F2C5FF0001BCF182046DFFDBC4913000FF39FF3006160F73
:20B5A0004B0F41F14BF251F03C013C01911000F7D9FFC49C6CF30090404F0258F647910091
:20B5C0000027D9222060142FEE023C1F91000027D9221C60142F6E033C013C009100002727
:20B5E000D9221C60DA00C21F342F6D0077053C0C91100048D9440044A00640F502846D006D
:20B6000075006D0004003CF500902008DA0074AFDA007801DA0074AF3C0FDA0078013C0430
:20B620005801C21F780158013BF0FF017FF0FAFF54AFC21F74AF54AF3BF0FF007FF0EFFFDA
:20B640000090201849A4000A6D003102911000F8D9FF90BBF80249A4000A6D00EC018204FE
:20B66000BB00205C9B150050820682076D00422F91100047D944ECAC820491100057D9555B
:20B68000E89C3B0004506D008902820482156D00FA320090910000F7D9FF246014FF6E13E1
:20B6A000820491100047D944E8AC6D00D93291100047D944ECAC91100057D955E8AC821406
:20B6C0006D0062030090404676423C0E910000F7D9FF246014FF6E0891100048D9441044B9
:20B6E00002546D0003000090D9AAE86F404C405D0248406E820089A08C08DA00ACA7DA00B3
:20B700007804DA00ACAADA00ACAB40D46DFFC1FE89A2100991100027D922D49C092FC00896
:20B720006E08911000F7D9FFD49CC84F2D0F0000910000F7D9FF246014F0DF007B0191107C
:20B7400000F7D9FFD49C09FFC008DF0F3F0109A096088CABC21FACAB911000F7D9FFD49C16
:20B76000C83F82043700705040C42D0F000040D46DFF8FFE89A21009911000F7D9FFD49CD4
:20B7800009F0C208911000F7D9FFD49C086F4BF0010289A094083C0109DF0008B01DEEFDA7
:20B7A000DA00ACA73C11B0FD09D00008DA2F3E0509D00008DA5C7E0509AFCE08C21FACA7D9
:20B7C0005804C2FF780409AFCE08FF2F05805804FF0FEB7F58040EFCB01DF4AD49A4180AD8
:20B7E00091100058D95524246DFF15FE3C1709AFCE08EE0BF4AD49A4180A91100058D955AA
:20B8000030246DFF08FE3C0AF4AD49A4180A91100058D95524246DFFFEFDDA00ACA63C4CE2
:20B82000DA00ACA73C2349A4180A6DFF32FE09A0CC088CAA09A1CE0803F00AF17FF20380BC
:20B840003C1A09AFCE0810AF49FF184A09A0CC088CAA09A1CE0803F00AF110A2092F180870
:20B8600034FF09AFCE08C21FACA709A0CE088CAA3FF0DB7F09AFCE0810AF49FF184ADA00C4
:20B8800034FF911000F7D9FFD49C08708CABE2F08CABC21FACAB911000F7D9FFD49CC83FBE
:20B8A00082043700705049A4184A2D0F000009AFCC08C21FACA609A9CC0849A4180A6DFFC0
:20B8C000E8FD8CAA4BF211029A103FF9ABFF74A849A4180A91100058D95500346DFF9BFDE7
:20B8E000911000F7D9FFD49C087F09A09608E2F08CABC21FACAB911000F7D9FFD49CC83F72
:20B9000082043700705049A4180A2D0F0000A00F7DEF5B00DA00ACA63C4CDA00ACA73C22AA
:20B9200040E46DFFB6FD09A0CC088CAA09A1CE0803F00AF17FF203803C1A09AFCE0810AF0C
:20B9400049FF184A09A0CC088CAA09A1CE0803F00AF110E2092F000834FF09AFCE08C21F48
:20B96000ACA709A0CE088CAA3FF0DC7F09AFCE0810AF49FF184ADA0034FF911000F7D9FFC1
:20B98000D49C087F09A09608E2F08CABC21FACAB911000F7D9FFD49CC83F820437007050C4
:20B9A00049A4184A2D0F000009AFCC08C21FACA609A8CC0840E46DFF6CFD8CAA4BF2110239
:20B9C0009A103FF8ACFF3C3549A4185A82043B0010506DFFBEFA911000F7D9FFD49CC82FEF
:20B9E00040C42D0F0000A00F7DEF1000F4AD89A8040989AE880949A4185A91100058D955AF
:20BA00000C346DFF08FD3C0CF4AD89A8040949A4185A91100058D95528346DFFFCFC911067
:20BA200000F7D9FFD49CC82F49A4185A2D0F00000090911000F7D9FFD49C094FC008B4FFF2
:20BA4000911000F7D9FFD49C094FC208ACF1911000F7D9FFD49C094FC408ACF2911000F70D
:20BA6000D9FFD49C0C462CF6911000F7D9FFD49C0C472CF7911000F7D9FFD49C09428809F8
:20BA8000E822911000F7D9FFD49C09428C09E83291100027D922D49CCC44EC24910000F7E7
:20BAA000D9FF2460DA0134FF0090DA00B44FBBF0FFFFAC41BBF0FFFFAC42DAFF2C46DAFF5E
:20BAC0002C47A00FEC42A00FEC43A00FEC44009082046D005A340090024F8204370F6850E3
:20BAE0006D00423402F23C010090404FA00201F2104491100048D9441C443B5005506DFF78
:20BB00005DFD820814FF960134FFDA006CF2DA006CF3485F6CF4081F82003E0682103E0A25
:20BB20008220BE003C17C814820448556DFF11FA3C11C8148204485F532F20506DFF09FA25
:20BB40003C09C8148204485F534F20506DFF01FA3C01DA0034FF02823C0100904C43424F63
:20BB60006C433C064C4309401409A20F6C434C4509400C097FF0F8FF00904C42424F6C42CD
:20BB80003C064C4209401409A20F6C424C45094008097FF0F8FF0090404F024F405C025859
:20BBA000A00201F2104491100048D9441C443B2022506DFF03FD8202E81C820034F02CF1B2
:20BBC000DA006CF2DA006CF3684868583C010090404F405C406D0249A00201F2104491100A
:20BBE0000048D9441C443B1016506DFFE7FCA00201D2104491100048D9441C443B20165090
:20BC00006DFFDCFC82088200A0027DC2058082381D00900014FF16036E0574D082681D001D
:20BC20009F0040F46D009F0054D07F020B8074D28278F62714FFB70F81F134FF1D0090006D
:20BC400014FF960834FF485F4830520A54D03F0A2B80081F82003E0682103E0C8220BE063E
:20BC60003C21C812483F102554D440C46DFF3FF93C19C812483F532F20F0102554DF532FCF
:20BC8000204040C46DFF33F93C0DC812483F534F20F0102554DF534F204040C46DFF27F952
:20BCA0003C013C43081F82003E078210BE0482205F0F27003C3AC812483F102540C402A499
:20BCC0006DFF15F901CA0046C81554D4A2A46DFF0EF93C2BC812483F532F20F01025532A0F
:20BCE000204040C46DFF03F9532A20F010C4C81554DFA2AF532F20406DFFF9F83C16C8124B
:20BD0000483F534F20F01025534A204040C46DFFEEF8534A20F010C4C81554DFA2AF534FDE
:20BD200020406DFFE4F83C0114FFB70F81F134FFDF09168014F0DA0B7E0382283C1014FFAF
:20BD4000960234FF54D440F46DFF0AFF484F54D0420F6CF414FFB70F81F034FF02823C019D
:20BD60000090404FA002012F104491100048D9441C443B6007506DFF21FC485F484052021A
:20BD80003C010090404F405C0248A00201F2104491100048D9441C443B000B506DFF0EFC06
:20BDA0008209A0027DC2058082391D00B50014FF16056E0482491D00AF0014FF960434FFEE
:20BDC000484F3F8FA480485F4820520A7F8A69800810DA003E0882115F012000DA025F0FE8
:20BDE0003E003C5DC812482F102440C502A46DFF7EF840F402A46DFFC2FEC812482F1024CF
:20BE000001CA00560BA880406DFF71F80BA8804040F46DFFB4FE3C43C812482F532F20F092
:20BE20001024532A204040C56DFF61F840F402A46DFFA5FEC812482F532F20F01024532AAA
:20BE400020F010C55AA8532F20406DFF50F80BA8804040F46DFF93FE3C22C812482F534F70
:20BE600020F01024534A204040C56DFF40F840F402A46DFF84FEC812482F534F20F01024D9
:20BE8000534A20F010C55AA8534F20406DFF2FF80BA8804040F46DFF72FE3C013C33081F33
:20BEA00082003E068210BE008220BE0D3C2BC812482F102440C502846DFF19F840F4028451
:20BEC0006DFF5DFE3C1FC812482F532F20F010245328204040C56DFF0AF840F402846DFFB5
:20BEE0004EFE3C10C812482F534F20F010245348204040C56DFFFBF740F402846DFF3FFEB2
:20BF00003C01484FA28F6CF43C02825914FFB70F01F134FF02923C010090404F0248A002C9
:20BF200001F2104491100048D9441C443B4008506DFF44FB820914FF16056E0382493C2E77
:20BF400014FF960434FF484F6E24081F82003E0682103E0982203E0E3C14C812482F102251
:20BF600034283C0FC812482F532F20F01022B4283C08C812482F534F20F0102274283C01D7
:20BF8000821440F46DFFFBFD484FC2FF6CF43C02825914FFB70F01F134FF02923C01009043
:20BFA0002058404C0B451088A00F01FC104491100048D9449C543B301C506DFFFFFA0290D1
:20BFC000A00F7DCF04801D0088004B08312182014B180110370161F06E05DA2D34CFB01CCF
:20BFE0003C0E3708E8FBBA0F6E0ADA3034CFB01CDA2E34CFB01CDA3034CF3C6E4B0241F1AE
:20C000006B0F31F83C06C2F07B0012144B1F41F0DF00FBFF4B0F31418206534620F010AFB8
:20C02000DA0A4BF2010274F19A16370F6860DA0A4BF20122DF02F3FF3C189AF6534F20F00C
:20C0400010AF54F00E079AF6534F20F010AF54FF3C079AF6534F20F010AF54FF325F8B0FB2
:20C0600003F034CFB01CC2F6DF06E9FFDF0935008202DA2E34CFB01CF644DA3034CF3C2C52
:20C080003C0F534220F010AFDA0A4BF4010268C19A12370F6820DA0A4BF40142C2F9DF091F
:20C0A000F2FF3C189AF2534F20F010AF48CF0EF79AF2534F20F010AF48CF3C079AF2534F9D
:20C0C00020F010AF48CF325F8B0F03F034CFB01CC2F2DF02E9FF00906D000C006D00C01AC0
:20C0E0006D00B01E6D00AC1882046D00130000904DC0E2FF370FE1F78B0F20F23C010D003C
:20C10000400300003C013C018B0F00223C010090F6430D000003009091100047D944CCBC73
:20C12000820491100057D955C4BC3B8000506DFF35FD0090404F405C024891000027D92272
:20C140000C90142F82103E0982203E078230BE0F82405F0F37003C4FDA003C0882058206A2
:20C16000820702F46D00221AC21FBF8FF9FF82548275821640F440C502876D00D114022FC6
:20C180003B90004082156D006B183C36DA003C0882058206820702F46D00081AC21FBF8F31
:20C1A000F9FF82548275820640F440C502876D00B714022F3B90004082156D0051183C1C37
:20C1C000DA003C0882058206820702F46D00EE19C21FBF8FF9FF82548275820640F440C58A
:20C1E00002876D009D14022F3B90004082156D0037183C023C0102F23C01009091100047E5
:20C20000D944E4BC6D000020022F91100047D944E4BC3B000F406D00F71F8F8F20F0A6F22B
:20C220003C01009082088209820B820A911000F7D9FFE4BCDA5C2CF8911000F7D9FFE4BC89
:20C2400009400A0989F00A09911000F7D9FFE4BC544074F0911000F7D9FFE4BC4C416CF1F4
:20C26000911000F7D9FFE4BC09429009E84291100027D922E4BCCC45EC25911000F7D9FFAB
:20C28000FCBC8C53B4FF911000F7D9FFFCBC8C55ACF1911000F7D9FFFCBC8C57ACF2911064
:20C2A00000F7D9FFFCBC8C59ACF3911000F7D9FFFCBC8C5BACF4911000F7D9FFFCBC8C5DB3
:20C2C000ACF5911000F7D9FFFCBC8C5FACF6911000F7D9FFFCBC095FA208ACF7911000F793
:20C2E000D9FFFCBC095FA608ACF93BE00F40BBF0EE5B6D0047043BC0004082356D00420438
:20C300003BA000406D00CF133BC0004082056D0039043BC0004082056D0034043BC00040A5
:20C3200082056D002F043BA000406D00BC13820C82046DFF65FF022D3B4032F13ED73B106E
:20C3400031F13ED43B3031F17ED23C0D3BA000406D00A913C21A370A68A0BFAA0480821C8F
:20C360003C023CE7DF0C0B84911000F7D9FFFCBC09F0C808DA783F0F0D00911000F7D9FFD4
:20C38000FCBC09FFC808534F20B08F2840813C28911000F7D9FFFCBC09F0C808DAF03F0FB6
:20C3A0000D00911000F7D9FFFCBC09FFC808532F20B08F1840813C14911000F7D9FFFCBC3E
:20C3C00009FFC8083B001E003FF00B80911000F7D9FFFCBC09FFC808531F20B08208911005
:20C3E00000F7D9FFFCBC09F0C608DABC3F0F0D00911000F7D9FFFCBC09FFC608534F2090AE
:20C400008F8840813C28911000F7D9FFFCBC09FFC6083B8017003FF00D00911000F7D9FF64
:20C42000FCBC09FFC608532F20908F4840813C13911000F7D9FFFCBC09FFC6083B002F00ED
:20C440003FF00A80911000F7D9FFFCBC09FFC608531F2090910000F7D9FF28603BE034F0DC
:20C46000A29F74FF3B4032F15FDFC5808274BB8038586D008703BB00CC0F9BB01900911094
:20C4800000F7D9FFFCBC09FFC808C22F910000F7D9FF286054F142918242031F0AF24BF02F
:20C4A0000102370070F03B401F007FF004803B401FF0911000F7D9FFFCBC09F0C4087F0F50
:20C4C0000780911000F7D9FFFCBCACF2910000F7D9FF2C60BB00CCFF9BBF19F09110002772
:20C4E000D922FCBC0920C4084B0F01029AC091000027D9222860542042904B0F010291105E
:20C500000027D922FCBC092FC808A2F074F0910000F7D9FF2C6054FF3B00E2073FF00900A8
:20C52000910000F7D9FF2C6054FFFF2F2100910000F7D9FF2C6054FFFF2F0400DA023C12D2
:20C54000910000F7D9FF2C6054FF3B00E2077FF005003B00E2F73C06910000F7D9FF2C60C2
:20C5600054FF910000F7D9FF2C6074FF910000F7D9FF2860BB00CCFF9BBF19F09110002770
:20C58000D922FCBC0920C4084B0F0102C2C091000027D9222C60542F91100027D922FCBCD7
:20C5A0000921C808421F4BF001025A9074FF910000F7D9FF286054F0DA3D7FF00400DA3DB8
:20C5C0003C12910000F7D9FF286054FF3BF03F007FF005003BF03FF03C06910000F7D9FFF8
:20C5E000286054FF910000F7D9FF286074FF1D00BA00BB00CC0F9BB01900911000F7D9FFC4
:20C60000FCBC09FFC808C24F3BE03410A29142918242031F0AF24BF00102370070F03B40E2
:20C620001F007FF004803B401FF0911000F7D9FFFCBC09F0C4087F0F0780911000F7D9FFEC
:20C64000FCBCACF2910000F7D9FF2C60BB00CCFF9BBF19F091100027D922FCBC0920C4083F
:20C660004B0F01029AC03BE03400A29042904B0F010291100027D922FCBC092FC808A2F03E
:20C6800074F0910000F7D9FF2C6054FF3B80BB003FF00900910000F7D9FF2C6054FFFF4FBC
:20C6A0002100910000F7D9FF2C6054FFFF4F0400DA043C12910000F7D9FF2C6054FF3B80A2
:20C6C000BB007FF005003B80BBF03C06910000F7D9FF2C6054FF910000F7D9FF2C6074FFE5
:20C6E000910000F7D9FF2860BB00CCFF9BBF19F091100027D922FCBC0920C4084B0F01029C
:20C70000C2C091000027D9222C60542F91100027D922FCBC0921C808421F4BF001025A90D7
:20C7200074FF910000F7D9FF286054F0DA2B7FF00400DA2B3C12910000F7D9FF286054FF54
:20C740003BF03F007FF005003BF03FF03C06910000F7D9FF286054FF910000F7D9FF28603C
:20C7600074FF911000F7D9FFFCBC09F0C208910000F7D9FF2C6054FF911000F7D9FFFCBCF4
:20C7800009F1C808421FC2EF7F0F1400911000F7D9FFFCBC91000027D9222C60542F911090
:20C7A0000027D922FCBC0920C808420FC2EFACF13B002FF0A29F82204B0F0122911000F7B5
:20C7C000D9FFFCBC885F022032507F0F0500022032503C0F911000F7D9FFFCBC885F7FF23C
:20C7E000040002203C06911000F7D9FFFCBC8850911000F7D9FFFCBCA8509A12370050007E
:20C800003250420F370F70A03B001EF0A2BF82204B0F0102911000F7D9FFFCBC886F020223
:20C8200032527F2F0500020232523C0F911000F7D9FFFCBC886F7FF0040002023C06911075
:20C8400000F7D9FFFCBC8862911000F7D9FFFCBCA8629A4037025000420F370F70E03BB000
:20C86000014082156D008E01821402A56D008A01822402E56D008601823402B56D008201D1
:20C88000824402956D007E018254910000F7D9FF286054FF370F70506D00740182649100DF
:20C8A00000F7D9FF2C6054FF370F70506D006A013BA000403B4016506D0064013B80004023
:20C8C0003BB01B506D005E013B9000403B901D506D005801911000F7D9FFFCBC09FFC00835
:20C8E000EE0B3BB00040911000F7D9FFFCBC09F5C2086D0047013BD000403B003350A6853B
:20C900006D0040013B1003403B7002506D003A013B2003403BA001506D0034013B3003401C
:20C9200082556D002F013B500340911000F7D9FFFCBC09F5CE086D0025013B4032F15FDF4A
:20C9400092803B900C4002A56D001C013BA00C4002E56D0017013BB00C4002B56D0012017C
:20C960003BC00C4002956D000D013BD00C40910000F7D9FF286054FF370F70506D00020156
:20C980003BE00C40910000F7D9FF2C6054FF370F70506D00F7003B100D403B4016506D00A1
:20C9A000F1003BF00C403BB01B506D00EB003B000D403B901D506D00E500911000F7D9FFDF
:20C9C000FCBC09FFC008EE0B3B200D40911000F7D9FFFCBC09F5C2086D00D4003BE00040A2
:20C9E0003B003350A6856D00CD003B9003403B7002506D00C7003BA003403BA001506D001E
:20CA0000C1003BB0034082556D00BC003B600340911000F7D9FFFCBC09F5CE086D00B2002E
:20CA200086E876883B2007403B0001506D00AA003C063B20074082056D00A4003BF000405E
:20CA40003B1010506D009E003B7004403B1008506D0098003B800440BBC0FE5F6D009200B3
:20CA60003C133BF000403B1001506D008B003B7004403B1008506D0085003B800440BB70BA
:20CA8000FE5F6D007F0082743B8038506D007A003BC001403B3030506D0074003BC00240E8
:20CAA00082356D006F00911000F7D9FFFCBC09FFC008EE073BF00A4082056D0063003C5896
:20CAC0003B500A40911000F7D9FFFCBC09F5C0086D0058003B600A4082256D0053003B80C7
:20CAE0000A4082256D004E00911000F7D9FFFCBC09FFC608911000F7D9FFFCBC09F0C8089B
:20CB0000E20F82404B0F01027B1000F07FF01300911000F7D9FFFCBC09FFC608911000F772
:20CB2000D9FFFCBC09F0C808E20F82404B0F01023C03BBF0FF0F3B000B40370070506D00AA
:20CB400021003BE00A403B4001506D001B003BF00A403B1010506D0015003BD00A40911063
:20CB600000F7D9FFFCBC09F5C2086D000B003BE00F40BBD0EA5D6D00050002C23C010090AF
:20CB8000025F91100047D944E4BC8F8F3F506D00641B91100047D944E4BC3B000F40370F81
:20CBA00068506D005A1B009020083B80024049A4000A82656D00DB00910000F7D9FF306010
:20CBC0000CA18F8F20F014A0A60FB4FF910000F7D9FF34600CA38F8F20000CA2A6F0B4F095
:20CBE000910000F7D9FF38600CA58F8F20000CA4A6F0B4F0009020083B20024049A4000A18
:20CC000082656D00B400910000F7D9FF3C600CA18F8F20F014A0A60FB4FF910000F7D9FFB9
:20CC200000700CA38F8F20000CA2A6F0B4F0910000F7D9FF04700CA58F8F20000CA4A6F0A6
:20CC4000B4F00090201082083B4001406D002B0FDA07B4AFDA0CACA23BB01AF0ACA4820440
:20CC60008205BB0068699B86096082076D001E1C3BD028408215821682376D0097146D0007
:20CC8000A700DF021100820491100048D944886491100058D955A4643BD010506DFF15F573
:20CCA00082183C313BD0004082356D00AA003B0001403BC003506D00A4003B1001403BC0F2
:20CCC00005506D009E003B2001403B4004506D0098003B30014082256D0093003B40014075
:20CCE00082056D008E003B50014082056D0089003B60014082056D0084003B800140821582
:20CD00006D007F0002823C0100900248DA006E0A3BD028406D00C013B0423B0000F2742FC5
:20CD20003C093BD028406D00B713B0427B0000F2742F82048F0848516D00FE210228DA01BB
:20CD40006E0A3BD028406D00A713B0423B0000F2742F3C093BD028406D009E13B0427B00BC
:20CD600000F2742F02823C0100900248404F0259DA006E0A3BD028406D008E13B0423B0099
:20CD800000F2742F3C093BD028406D008513B0427B0000F2742F82048F08485140F40296BD
:20CDA0006D001222DA016E0A3BD028406D007413B0423B0000F2742F3C093BD028406D0031
:20CDC0006B13B0427B0000F2742F0090820982080280C21837087080DAFF7F0F048082191D
:20CDE0003C0C3BF000406DFF92FF022A82146D005A0EDA6B5FAFEEFF02923C0100900B45FB
:20CE00001088DA006E0A3BD028406D004513B0423B0000F2742F3C093BD028406D003C13BA
:20CE2000B0427B0000F2742F8204028502966D00BE22DA016E0A3BD028406D002D13B04299
:20CE40003B0000F2742F3C093BD028406D002413B0427B0000F2742F0090910000F7D9FFB4
:20CE6000207009FFC008532F20406DFFBDEF402C910000F7D9FF147014FFEE13DA006E09A3
:20CE80003B201E406D000813B042DA04742F3C093B201E406D000013B0427B4000F0742F20
:20CEA00082048205910000F7D9FF207009FFC008C2FF370F7060910000F7D9FF187009FFDE
:20CEC000C008C2FF370F70706D00830482003C0E532020F010CF91000027D9220870092F1E
:20CEE000C008B4FFC21037007000910000F7D9FF207009FFC0083FF0EDFFDA003C0D9100AF
:20CF000000F7D9FF207009F4C00840C46D000808C21F370F70F0910000F7D9FF187009F004
:20CF2000C0083F0FEEFF910000F7D9FF147014FFEE13DA016E093B201E406D00AD12B042CD
:20CF4000DA04742F3C093B201E406D00A512B0427B4000F0742F40C46DFFDDD80090201801
:20CF600049A4000A6DFFA3F5DA01B4AF910000F7D9FF207009FFC008ACA1910000F7D9FF0B
:20CF8000187009FFC008ACA2910000F7D9FF107014FF82003E0682103E0982203E0C3C0C25
:20CFA000DA062CA6DA082CA73C07DA082CA6DA102CA73C023C01911000F8D9FFC85DF8034A
:20CFC000911000F8D9FFDA9CF80449A4000A6DFF32F500902008024F0B561088027A09ABB2
:20CFE000C808910000F7D9FF207009F0C0080B0F304191100048D94490743BF021506DFF13
:20D00000DDF2910000F7D9FF187009F0C0080B08304191100048D94490743B0022506DFFF1
:20D02000CDF2910000F7D9FF207009F0C0080B09304191100048D94490743B1022506DFFC8
:20D04000BDF2910000F7D9FF187009F0C0080B0A304191100048D94490743B2022506DFFAF
:20D06000ADF27F9F0580821074A03C0382F074A07FA80480821E3C0282FEBE910BA8800078
:20D080004B00410152914B0141114B1051D04B0861014B0F61116BD171C03C123C090B98E2
:20D0A000104802B66D00530042E8370870805FA8F8FF0B9A104802B66D0049003C460BA8A9
:20D0C00080000E040BA880003C040BA88000325052910E1352913C03529132517F011D006D
:20D0E0003C130BF8104802B66D00310042E8370870804B0861F16B0C31FF4BDF51406DFF64
:20D100002AC7370270F05FA8EEFF0BFA104802B66D001D003C1A3C120BF8104802B66D00CE
:20D12000160054A0420F370F70F04B0F61016BD0614C6DFF10C7370270805F9FEFFF0B984F
:20D14000104802B66D00030000900B451088026A910000F7D9FF207009FFC0080BF8304137
:20D1600091100048D94490743B1020506DFF26F2910000F7D9FF187009FFC0080BF9304139
:20D1800091100048D94490743B2020506DFF16F2910000F7D9FF147014FFEE13DA006E09FD
:20D1A0003B201E406D007811B042DA04742F3C093B201E406D007011B0427B4000F0742F21
:20D1C0000B8910480B8910686D00030302A46D001306910000F7D9FF147014FFEE13DA01E5
:20D1E0006E093B201E406D005711B042DA04742F3C093B201E406D004F11B0427B4000F04F
:20D20000742F00902010DF045580910000F7D9FF1470DA0034FF910000F7D9FF2C703B10BB
:20D220001EF0B4FF910000F7D9FF24703B401EF0B4FF910000F7D9FF28703B201EF0B4FFE9
:20D24000DAD3B4AFDAD9ACA23BB01AF0ACA482248205BB0070689B3639603BE00C706D004A
:20D2600025193B001E408215820682376D009E11910000F7D9FF2C7094F482158206823787
:20D280006D009411910000F7D9FF287094F48215821682376D008A11910000F7D9FF247018
:20D2A00094F48215821682376D0080111D008500910000F7D9FF1470DA0134FF910000F7E4
:20D2C000D9FF2C703B001EF0B4FF910000F7D9FF24703B401EF0B4FF910000F7D9FF2870B6
:20D2E0003B201EF0B4FF3B001E408215820682376D005C11910000F7D9FF247094F48215B4
:20D30000820682376D005211910000F7D9FF287094F48215821682376D0048113B301E4005
:20D320008215820682376D0041113B501E408215820682376D003A113B101E408215821605
:20D3400082376D0033113B9016408215821682376D002C113BA016408215821682376D002A
:20D3600025113BB016408215821682376D001E113BC016408215821682376D0017113B00A9
:20D380001A408215821682376D0010113B101A408215821682376D0009113B201A4082155D
:20D3A000821682376D0002113B301A408215821682376D00FB10910000F7D9FF0C7014F493
:20D3C0006D00DC01910000F7D9FF1C7009F4C008910000F7D9FF087009F5C0086D00C30183
:20D3E000DA016E14910000F7D9FF247094F46D005310B0428210910000F7D9FF247094FF79
:20D40000161F0FF0100074203C14910000F7D9FF247094F46D004010B0427B10000091009D
:20D4200000F7D9FF247094FF161F0FF010007420DA006E14910000F7D9FF2C7094F46D00D1
:20D440002B10B0428210910000F7D9FF2C7094FF161F0FF0100074203C14910000F7D9FFF6
:20D460002C7094F46D001810B0427B100000910000F7D9FF2C7094FF161F0FF0100074200F
:20D4800082546D00100BDA016E14910000F7D9FF2C7094F46D000010B0428210910000F7C4
:20D4A000D9FF2C7094FF161F0FF0100074203C14910000F7D9FF2C7094F46D00ED0FB0425E
:20D4C0007B100000910000F7D9FF2C7094FF161F0FF0100074203B8007406D00E40A91006C
:20D4E00000F7D9FF147014FFEE13DA006E093B201E406D00D10FB042DA04742F3C093B205B
:20D500001E406D00C90FB0427B4000F0742F3B1001406D000D063B8007406D00C40A3B6044
:20D5200003406D000506910000F7D9FF0C7014FF82003E0882103E0A82203E0D8230BE0042
:20D540003C1482046D008A053C103B000C406D0085053C0B3B0007406D0080053C063B00F7
:20D560000A406D007B053C013BA003406D00E00582546D0073053B200B406D00D9053BC020
:20D5800000406D006B053BC000406D00670582046D0064053B3003406D0060053B300340D0
:20D5A0006D005C053B700B406D00C2053B5003406D0054053BB00B406D00BA053B90024070
:20D5C0006D004C053B200C406D00B20582146D0045053B300C406D00AB053B9001406D0028
:20D5E0003D053B400C406D00A3053B0002406D0035053B500C406D009B053BA001406D007C
:20D600002D053B600C406D0093053BF001406D0025053B000D406D008B053B400A406D0032
:20D620001D053B100A406D0019053B000E406D007F053B000D406D0011053B8000406D00BB
:20D640000D053BE000406D0009053B9000406D0005053B9000406D00010582546D00FE049D
:20D660003B1003406D00FA043B3003406D00F6043B8004406D00F2043B7001406D00EE04EF
:20D680003B4001406D00EA043B5001406D00E6043B1003406D00E2043B4003406D00DE0462
:20D6A0003B100E406D0044053B000D406D00D6043B8000406D00D2043BE000406D00CE0474
:20D6C0003B9000406D00CA043B9000406D00C6043B5001406D00C2043B1003406D00BE0406
:20D6E0003B3003406D00BA043B8004406D00B6043B7001406D00B2043B4001406D00AE0441
:20D700003B5001406D00AA043B1003406D00A6043B4003406D00A2043B1002406D000805A5
:20D720003B9002406D000405910000F7D9FF147014FFEE13DA016E093B201E406D00AC0E3C
:20D74000B042DA04742F3C093B201E406D00A40EB0427B4000F0742F6DFF81FB6DFF01FCA8
:20D760000090910000F7D9FF1C70B4F4910000F7D9FF0870B4F50090910000F7D9FF0C7098
:20D7800034F4DA003E48DA013E46DA02BE42DA03BE403C1D910000F7D9FF2070DAF0B4FF25
:20D7A000910000F7D9FF18703B0014F0B4FF3C0F910000F7D9FF20703B0014F0B4FF9100D1
:20D7C00000F7D9FF1870DAF0B4FF3C010090024F0B561088027A910000F7D9FF207009F0F9
:20D7E000C0080B0F304191100048D94490743BA014506DFFE3EE910000F7D9FF187009F06F
:20D80000C0080B08304191100048D94490743BB014506DFFD3EE910000F7D9FF207009F04D
:20D82000C0080B09304191100048D94490743BC014506DFFC3EE910000F7D9FF187009F034
:20D84000C0080B0A304191100048D94490743BD014506DFFB3EE3BA002406D00690402F407
:20D860006D00CA0202946D00C7023BB002406D005F0402846D00C00202A46D00BD023BC024
:20D8800002406D005504009049AA00CA0B451088026A910000F7D9FF207009F0C0080B081B
:20D8A000304191100048D94490743BE025506DFF85EE910000F7D9FF187009F0C0080B09C1
:20D8C000304191100048D94490743BF025506DFF75EE910000F7D9FF147014FFEE13DA008C
:20D8E0006E093B201E406D00D70DB042824074203C093B201E406D00CF0DB0427B4000F07B
:20D90000742F910000F7D9FF107014F0DA003E09DA015F0F4C00DA025F0FC2001D00C100E0
:20D920009A58370F70609A79370F70700B8910486DFF4FFF82003C318B0A1EF0536F20F09C
:20D94000911000F8D9FF045410FF01F000F614F182023C206F011000DA0603F20AF0532F52
:20D9600020F010AF91000027D9221C70092FC008B4FF3C0EDA0603F20AF0532F20F010AF7C
:20D9800091000027D9220870092FC008B4FF86F1C212BF82E1FFC210BF60D0FF49A4000A86
:20D9A0003B0003406D00BC023C7B9A78370F70608BF900F0370F70700B8910486DFF09FFE5
:20D9C00082033C648B0A1E00530021F0911000F8D9FF2CD410FF01F300F614F08B0A1E10DA
:20D9E000530121F0911000F8D9FF2CD410FF01F300F6088482013C206F001000DA0803F198
:20DA00000A23532220F010AF91000027D9221C700922C008B4F23C0EDA0803F10A235322FB
:20DA200020F010AF91000027D92208700922C008B4F286F0C211BF81E1FF82003C246F0495
:20DA40001200DA0803F00A138B0104F0532F20F010AF91000027D9221C70092FC008B4FFFF
:20DA60003C10DA0803F00AF38B0F04F0532F20F010AF91000027D9220870092FC008B4FFCB
:20DA800086F4C210BF80DDFFC213BF839DFF49A4000A3B0008406D0043023C023C01910034
:20DAA00000F7D9FF147014FFEE13DA016E093B201E406D00F10CB042DA04742F3C093B2077
:20DAC0001E406D00E90CB0427B4000F0742F009020180B4510880B6710A809AC58089100C6
:20DAE00000F7D9FF207009F0C0080B08304191100048D94490743BA032506DFF5FED9100D2
:20DB000000F7D9FF187009F0C0080B09304191100048D94490743BB032506DFF4FED8200C7
:20DB20000BB0304191100048D94490743BC032506DFF44EDDA080BBF504191100048D94452
:20DB400090743BD032506DFF39EDDA000BCF304191100048D94490743BE032506DFF2EED4F
:20DB6000DA060BCF504191100048D94490743BF032506DFF23ED7B00F8D349A4000A820464
:20DB80003B1001506DFFE5E949A4000A3B0002401ACB92256DFFDDE93C067B0012F44BFD62
:20DBA00041D0C2FBFF1BFBFF4B0A31F14B0D31014B0F01024B0041F16BDF714A49A4000AAC
:20DBC00002C56DFFEFF149A4000A0B8910486D00BD0000900B451088404C0B6710A809AC42
:20DBE000C00809ADC40809AE4808910000F7D9FF207009F0C0080B08304191100048D94499
:20DC000090743B2039506DFFD9EC910000F7D9FF187009FFC0080BF9304191100048D944B8
:20DC200090743B3039506DFFC9ECA00F01CF104491100048D94490743B4039506DFFBEECD4
:20DC4000532C20406DFFD0E8402D910000F7D9FF147014FFEE13DA006E093B201E406D00E5
:20DC60001B0CB042DA04742F3C093B201E406D00130CB0427B4000F0742F1AC8C2FF370F57
:20DC800070601AD9C2FF370F70700B8910486DFFA0FD82083C3C73B80AF04BDF110273A06E
:20DCA0000AF010CF82023C2C73A20AF04BCF110201F000261420DF0E15808FD03FF0161FD3
:20DCC0008FBF20108FE03FF0163F865FA6F186D08FF001F1A6F1532220F010D2B4213C0F72
:20DCE0007FE00880532220F010D2DA00B42F3C07532220F010D2BBF0FFFFB42FC2123FC20E
:20DD0000D5FF40D402C46D000B01C2183FD8C5FF910000F7D9FF147014FFEE13DA016E09DD
:20DD20003B201E406D00B80BB042DA04742F3C093B201E406D00B00BB0427B4000F0742F21
:20DD400040D46DFFE8D100900B451088404C910000F7D9FF207009FFC0080BF830419110B1
:20DD60000048D94490743BB02B506DFF27EC910000F7D9FF187009FFC0080BF93041911087
:20DD80000048D94490743BC02B506DFF17EC820A3C2C910000F7D9FF107014F0DA003E073E
:20DDA000DA01BE0282215F011D003C1C8260030A0AF8370F704001CA00F609F6000802950A
:20DDC0006DFF64FD3C0FDA0803FA0AF8370F704001CA00F609F6000802956DFF57FD3C02F7
:20DDE0003C01C21A370A70A001CA00F609FF0008EED100900248910000F7D9FF147014FF58
:20DE0000EE07822402856D002D1A1D008800DA006E093B201E406D003F0BB042824074207E
:20DE20003C093B201E406D00370BB0427B4000007420DA016E093B301E406D002D0BB04242
:20DE4000DA08742F3C093B301E406D00250BB0427B8000007420DA006E093B501E406D006A
:20DE60001B0BB042DA20742F3C093B501E406D00130BB0427B0002F0742F8F883F406D002F
:20DE80000A02DA016E093B501E406D00050BB042DA20742F3C093B501E406D00FD0AB0429B
:20DEA0007B0002F0742FDA006E093B501E406D00F30AB042DA20742F3C093B501E406D0084
:20DEC000EB0AB0427B0002F0742F8FF80F416D00E201DA016E093B501E406D00DD0AB042A3
:20DEE000DA20742F3C093B501E406D00D50AB0427B0002F0742FDA016E093B201E406D0091
:20DF0000CB0AB042DA04742F3C093B201E406D00C30AB0427B4000F0742F0090404F0248D8
:20DF200091000027D9221470142FEE08822440F402856D00D0191D009000DA006E093B2061
:20DF40001E406D00A90AB042DA04742F3C093B201E406D00A10AB0427B4000F0742FDA019F
:20DF60006E093B301E406D00970AB042DA08742F3C093B301E406D008F0AB0427B8000F0EB
:20DF8000742F3C55DA006E093B501E406D00840AB042DA20742F3C093B501E406D007C0A68
:20DFA000B0427B0002F0742F09F4C00886846D007201DA016E093B501E406D006D0AB0429F
:20DFC000DA20742F3C093B501E406D00650AB0427B0002F0742FDA006E093B501E406D00F1
:20DFE0005B0AB042DA20742F3C093B501E406D00530AB0427B0002F0742F09FFC0088FFFD5
:20E000000F416D004801DA016E093B501E406D00430AB042DA20742F3C093B501E406D00DB
:20E020003B0AB0427B0002F0742FB02F028FC2F8EEAADA016E093B201E406D002D0AB04236
:20E04000DA04742F3C093B201E406D00250AB0427B4000F0742F00900248910000F7D9FF2B
:20E06000147014FFEE06822402856D007C193C5EDA006E093B201E406D000E0AB042DA04ED
:20E08000742F3C093B201E406D00060AB0427B4000F0742FDA016E093B301E406D00FC0995
:20E0A000B042DA08742F3C093B301E406D00F409B0427B8000F0742FDA006E093B501E40B7
:20E0C0006D00EA09B042DA20742F3C093B501E406D00E209B0427B0002F0742F02846D00D6
:20E0E000DA00DA016E093B501E406D00D509B042DA20742F3C093B501E406D00CD09B042CE
:20E100007B0002F0742FDA016E093B201E406D00C309B042DA04742F3C093B201E406D00CD
:20E12000BB09B0427B4000F0742F00900248910000F7D9FF147014FFEE2BDA006E093B0065
:20E140001E406D00A909B042DA01742F3C093B001E406D00A109B0427B1000F0742F822427
:20E1600002856D000019DA016E093B001E406D009309B042DA01742F3C093B001E406D00E3
:20E180008B09B0427B1000F0742F1D008300DA006E093B201E406D007F09B042DA04742FC9
:20E1A0003C093B201E406D007709B0427B4000F0742FDA006E093B101E406D006D09B04265
:20E1C000DA02742F3C093B101E406D006509B0427B2000F0742FDA016E093B301E406D004F
:20E1E0005B09B042DA08742F3C093B301E406D005309B0427B8000F0742FDA006E093B5011
:20E200001E406D004909B042DA20742F3C093B501E406D004109B0427B0002F0742F0284E5
:20E220006D003900DA016E093B501E406D003409B042DA20742F3C093B501E406D002C09F4
:20E24000B0427B0002F0742FDA016E093B201E406D002209B042DA04742F3C093B201E40A8
:20E260006D001A09B0427B4000F0742FDA016E093B101E406D001009B042DA02742F3C0997
:20E280003B101E406D000809B0427B2000F0742F0090911000F8D9FF58A3C8828F9420F0BE
:20E2A000911000F8D9FF58A3C88F54F0B7008404A60F742F911000F8D9FF58A3C8C286C480
:20E2C000911000F8D9FF58A3C8CF54FFB70F04F0A6F474240090911000FF8250530022F095
:20E2E00010F2530022F010FF39FF1F029604E92F1F02911000FFDA05534F20F010FF39FF04
:20E30000C081370F61F18B0F20F23C016E1F910000F7D9FF3070DA0034FF82546D00E40377
:20E32000911000FF8250534020F010F2534020F010FF39FFC2819604E92FC281911000F70C
:20E34000D9FFD0CCDA0134FF3C2D911000F7D9FFD4CC91100027D922D4CC142FC21F34FF08
:20E36000911000F7D9FFD4CC14FF911000F7D9FF78C214F03F0F1780911000F7D9FFD4CCD7
:20E38000DA0034FF910000F7D9FF1880DA0034FF910000F7D9FF3070DA0134FF82546D001A
:20E3A000A30300902008404C8208DA007801910000F7D9FF049009FFC0083B0023003E0234
:20E3C0003C03DA093C03DA083C0192F93C57910000F7D9FF049009F0C0083B0023107F10ED
:20E3E0000980534920F010CF94F0DA097E023C45DAA534AFDAF12CA1534920F010CF94FF89
:20E40000370F70F08F8F3F0089A002082CA3821449A4000A82456D009B1F820A9110004708
:20E42000D944CCBC6DFF9FECBF321980DA03780191100047D944CCBC49A5000A49A6040ADE
:20E4400082046DFFC7EB534920F010CF0CA18F8F20000CA2A6F0A8103C0B82146D00230336
:20E4600002A0C21A370A70A0DA803FF0D9FFDA807FAF048082183C04C2F9FF19AAFF028286
:20E480003C010090200882098208DA007801DAA534AFDAF12CA1DAF28F8F3F0089A00208C9
:20E4A0002CA3821449A4000A82456D00511F91100047D944CCBC6DFF56ECBF321580DA03BE
:20E4C000780191100047D944CCBC49A5000A49A6040A82046DFF7EEB0CA18F8F20800CA2CD
:20E4E000A6F83C0B82146D00DE020290C21937097090DA803FF0DDFF02823C0100902018B9
:20E50000DA003B800C406D00CE02911000F7D9FF7CC2821034F0823491100048D9445ADE85
:20E5200091100058D95516BEA0066D008E0149A4000A82043B0032503B3004603B20047066
:20E540006D00DD0D49A4000A91000057D9551C806DFF6AEEDF027300911000F7D9FF7CC2F5
:20E56000820034F0823491100048D9445ADE91100058D95516BE91100068D96668CE6D001B
:20E5800064016DFFCBED82143B005852824682276D00B017821482156D00751B91100047C0
:20E5A000D944CCBC6DFFA3EA910000F7D9FF04906DFF6AFFB4F291000047D9441C806D0050
:20E5C0005300DF021B00820491100048D944BC7491100058D95598843BE01E506DFF75E89B
:20E5E000821482056D004F1B8204A004A005A0066D002B01DA013C3491000047D944347035
:20E600006DFFD2FEDF021B00820491100048D944849491100058D95598843BB01F506DFF15
:20E6200054E8821482056D002E1B8204A004A005A0066D000A01DA013C1382046DFF1C9B0B
:20E640004924240A911000F7D9FF78C291100057D955D8CC3B0082456DFF6EED34F202F2C8
:20E660003C0100902008404C82198208DA007801910000F7D9FF049009FFC0083B0023007F
:20E680003E023C043B9000A03C043B8000A03C013C1DDAA534AF534A20F010CF94FF2CA110
:20E6A000534A20F010CF881F370F70008F803FF02CA289A00308821449A4000A82456D0070
:20E6C000471E82246D00EF01C2FADAFF3FFAE3FF91100047D944CCBC6DFF45EBBF3219806F
:20E6E000DA03780191100047D944CCBC49A5000A49A6040A82046DFF6DEA0CA13BF00F0012
:20E700003E050CA23BF00F007E0382093C0B82146D00C9010280C21837087080DA803FF09A
:20E72000D9FF02923C0100902008DA0034AF821449A4000A6D00941A14A0DAA57E079110BA
:20E740000047D944CCBC6DFFD2E991100047D944CCBC14A46DFFE3EB009082346DFF77B14D
:20E76000911000F7D9FFD4CCDA0034FF911000F7D9FFD0CC14FF6E2E911000F7D9FFD0CCB5
:20E78000DA0034FF911000FF8250534020F010F2534020F010FF39FFC0819601E92FC0813A
:20E7A00082046DFF699A4924240A911000F7D9FF78C2825491100057D955D8CC82758216F0
:20E7C0003B0082756D00AC0134F282546D009A013C34911000F7D9FF78C214FFDF1F2B8013
:20E7E000911000F7D9FFD8CC80FFB70F1CF07B00000DFE034DC0E1FF16073C01911000F74C
:20E80000D9FFD8CC80F0B7000C0AB770030E7B000011E21FA2F03C06911000F7D9FFD8CC92
:20E8200080F0911000FFDA05530F22F010FF59F00C0282546D006601910000F7D9FF18806D
:20E84000DA0134FF0090910000F7D9FF0C9034F47C6691100068D966942E3C01910000F745
:20E86000D9FF1090F4F67C4691100048D944942E3C01910000F7D9FF1490F4F47C56911010
:20E880000058D955942E3C01910000F7D9FF0890F4F5009000900D00000282046DFF3AECCB
:20E8A000C5F4000182046DFFFFB7910000F7D9FF2090DA0034FF0D00400200800D000002FB
:20E8C00082046DFF27ECC5F4004182046DFFECB7910000F7D9FF2490DA0034FF0D00400234
:20E8E00000800D00000282046DFF14ECC5F4008182046DFFD9B7910000F7D9FF2890DA00E9
:20E9000034FF0D004002008002484DC0E1FF16073C01370F48404DC0E20F3700E1078B00EE
:20E9200020F23C013C01EE0D6DFFDCB7092010093C013C014C243C01A20F3F8FFDFF3C55DC
:20E9400082FF5F4F5200DA003E47DA01BE4DDA025F4F33003C4A910000F7D9FF2090DA01C3
:20E9600034FF6DFFC7EB85FF100142F8A5F8300102246DFFCFEB3C01910000F7D9FF209010
:20E9800014FFEEFB3C32910000F7D9FF2490DA0134FF6DFFAFEB85FF1041428FA5FF30412A
:20E9A00002246DFFB7EB3C01910000F7D9FF249014FFEEFB3C1A910000F7D9FF2890DA018D
:20E9C00034FF6DFF97EB85FF1081428FA5FF308102246DFF9FEB3C01910000F7D9FF28906A
:20E9E00014FFEEFB3C023C01009020104DC0E2FF370FE1F78B0F20823C010D00400300000B
:20EA00003C013C01820034A0DA002CA2DA1F2CA3DA002CA1DA017801DADCACA4DA002CAA05
:20EA2000C5F4000149A5000A6DFF87B7C5F4000182046DFF39B7DA0034AFDA002CA2DA1F80
:20EA40002CA3DA002CA1DA017801DADDACA4DA022CAAC5F4004149A5000A6DFF6EB7C5F4F7
:20EA6000004182046DFF20B7DA0034AFDA002CA2DA1F2CA3DA002CA1DA017801DADEACA45C
:20EA8000DA032CAAC5F4008149A5000A6DFF55B7C5F4008182046DFF07B776830D00000326
:20EAA0000090024FBB00C4097FF017803C0A3B0080429BB4E64E6DFF29FFBB00C409A20F54
:20EAC000BB00C4093FF0F5FF3B50C3400654E2F46DFF1CFF3C073B50C3400654E2F46DFFD9
:20EAE00015FF0090911000FF534420F010F2534420F010FF39FFC2819602E92FC281009075
:20EB0000911000FF534420F010F2534420F010FF39FFC2819601E92FC2810090205002483F
:20EB2000404C405D0279025402656D00990349A40C0A9110005F6DFFFD9449A4100A49A576
:20EB40000C0A6DFF5E9549A4140A49A5100A6DFF3E95DA084BF911028B01004291100048FE
:20EB6000D944A0943B8005506DFF28E5821C4BC911A23B0000047FA01D803C1A4BC91102DE
:20EB8000020A3B0000F43FAF06804BC91102F6123C10C21C370C68C0BFBC0B8082049110D5
:20EBA0000048D944A0943B9006506DFF07E53CE7DF1C0C80DA0089AF3E08DA0089AF3208F5
:20EBC000DA0089AF22093C30DA0C89AF3E08DA0189AF3208911000F7D9FFC04249FF200AF7
:20EBE00080FFB70F1C007B0000FDFE054DC0E1FF16073C01911000F7D9FFC04249FF200A0E
:20EC000080F0B7000C0AB770030E7B000011E21FA2F03C08911000F7D9FFC04249FF200A38
:20EC200080F089A02209DA0089AF3108DA0089AF3308DA0289AF360880CFB70F1C007B007A
:20EC400000FD7E0F4DC0E1FF16073C0180C0B7000C0AB770030E7B000011E21FA2F03C0241
:20EC600080C089A01A09DA0089AF3A08DA0189AF3F08DA0089AF3B0889A81808DA0089AFA2
:20EC80003708DA0189AF0418DA4689AF8818DA0089AF0A1880DFB70F1C007B0000FD7E0F94
:20ECA0004DC0E1FF16073C0180D0B7000C0AB770030E7B000011E21FA2F03C0280D089A0E2
:20ECC0001E0989AAAE0849A4000A49A5140A6DFF3394BF2C8F8082081D008A00738A0AF0CC
:20ECE00010DF80F0B7001C007B0000FDFE034DC0E1FF8F7F00013C01738A0AF010DF80FFCB
:20ED0000B70F0CFAB77F03FE7B000011E210A20F3C05738A0AF010DF80FF89AF1E099AFC26
:20ED20005F8F2680911000F7D9FFC04280FFB70F1C007B0000FDFE034DC0E1FF16073C01AC
:20ED4000911000F7D9FFC04280F0B7000C0AB770030E7B000011E21FA2F03C06911000F7D3
:20ED6000D9FFC04280F089A022093C319A18530F22F0911000F7D9FFC04210FF80FFB70F9C
:20ED80001C007B0000FDFE084DC0E1FF8F7F00013C019A18530F22F0911000F7D9FFC04208
:20EDA00010FF80FFB70F0CFAB77F03FE7B000011E210A20F3C0A9A18530F22F0911000F78F
:20EDC000D9FFC04210FF80FF89AF220989AAAE08530822F0911000F7D9FFC04210F449A5AE
:20EDE000140A6DFF0B94C218370868803FC878FF911000F7D9FFC04249FF005AD4F209FF89
:20EE00000408BC21534F20F060FF9140003F30F3D93F30D83C013C01B03F14FF960234FF5E
:20EE200002C23C010090DA003E4ADA013E4CDA023E4EDA03BE40DA04BE423C15DA00A5FF8A
:20EE4000B4013C11DA00A5FFB8013C0DDA00A5FFBC013C09DA00A5FF80113C05DA00A5FFE2
:20EE600084113C010090024F0B561088C5F480016DFFCA93821005F195053701820125F0F1
:20EE80009501820005F1A1053701820125F0A1010BF8104802966D00ED0082003E0F82109E
:20EEA0005F0F2A0082205F0F440082305F0F5E0082405F0F78001D009300821005F1900573
:20EEC0003701030025F09001821005F191053701010025F09101821005F19005370183017A
:20EEE00025F09001821005F190053701010325F090013C75821005F194053701030025F04B
:20EF00009401821005F195053701010025F09501821005F194053701830125F0940182103D
:20EF200005F194053701010325F094013C58821005F198053701030025F09801821005F132
:20EF400099053701010025F09901821005F198053701830125F09801821005F1980537013F
:20EF6000010325F098013C3B821005F19C053701030025F09C01821005F19D0537010100EF
:20EF800025F09D01821005F19C053701830125F09C01821005F19C053701010325F09C0110
:20EFA0003C1E821005F1A0053701030025F0A001821005F1A1053701010025F0A101821029
:20EFC00005F1A0053701830125F0A001821005F1A0053701010325F0A0013C01910000F740
:20EFE000D9FF2C9010FFDA0134FF0090DA003E4BDA01BE41DA02BE47DA03BE4DDA045F4F3E
:20F0000023003C2985FFB401370F70F03C01370F50203C2285FFB801370F70F03C01370FD2
:20F0200050203C1A85FFBC01370F70F03C01370F50203C1285FF8011370F70F03C01370FA4
:20F0400050203C0A85FF8411370F70F03C01370F50203C028202910000F7D9FF2C9001F475
:20F0600000F614FFEE04DA044BF201223C010090026F82005F40100082105F403A008220DB
:20F080005F40570082305F407A0082405F40A4001D00C900F656911000F8D9FFB8223C11E0
:20F0A000DF150780911000F8D9FF8C323C0A820491100048D94488A43BE003506DFF7EE26E
:20F0C000EE06911000C8D9CC90223C105E16911000C8D9CCA4223C0A820491100048D94416
:20F0E00088A43B2004506DFF69E21D009C00DF250780911000F8D9FFB4323C0A8204911076
:20F100000048D94488A43B8004506DFF57E25E26911000C8D9CCA0323C0A82049110004891
:20F12000D94488A43BB004506DFF48E23C7BDF350780911000F8D9FFB0423C0A820491108F
:20F140000048D94488A43B1005506DFF37E25E36911000C8D9CC88423C105E46911000C834
:20F16000D9CC9C423C0A820491100048D94488A43B5005506DFF22E23C55DF4507809110E1
:20F1800000F8D9FFAC523C11DF550780911000F8D9FF80623C0A820491100048D94488A448
:20F1A0003BC005506DFF0AE25E56911000C8D9CC84523C105E66911000C8D9CC98523C0AC1
:20F1C000820491100048D94488A43B0006506DFFF5E13C28DF650780911000F8D9FFA862FA
:20F1E0003C11DF750780911000F8D9FFBC623C0A820491100048D94488A43B7006506DFFED
:20F20000DDE15E76911000C8D9CC94623C0A820491100048D94488A43BA006506DFFCEE10E
:20F220003C013B000140820540F46DFF44923B000140820540C46DFFF6910090DA003C0C6C
:20F24000534F2000600F9140003F30F3D93F8028820074F0C21FBF4FF57F009020080B4539
:20F2600010A84DC0E20F3700E1078B0020E23C010D00400300003C013C0102A46D0087008B
:20F28000402F3B000150C82408C46DFF1195084409F550086DFFD4AF084F74AFDA034BFA7C
:20F2A00001C2DA034BFA0182DA003EB6DA013EBBDA02BEB03C1654A46DFF62AC54A46DFFD2
:20F2C00097AE3C1854A46DFF79AD54A46DFFE7AC3C1154A46DFF72AD54A46DFF89AE3C0A63
:20F2E000820491100048D944B4A43B500A506DFF65E154A46DFF09AF54A402C56DFFB1ABF0
:20F300008216028454A56DFF2AB002846DFFE3AD821502846DFFC4B0DA044BF80102534159
:20F3200020F060FF9140003F30F3D93F8028DA034BFA0102DA044BF00102DA003E18DA011F
:20F340003E19DA023E1ADA033E1B3C0D8200DA3C3C0A8200DA3D3C078210DA053C048200B6
:20F36000DA3E3C0114F137F108F034FF081F370F83F12CF1083F96022CF3081F96042CF106
:20F3800002EF6E030D0000030090DA015F4F2D00DA045F4F2F00DA065F4F3100DA075F4FAC
:20F3A0003300DA085F4F3500DA095F4F3700DA0A5F4F3900DA0B5F4F3B00DA0C5F4F3D0023
:20F3C000DA0D5F4F3F00DA0F5F4F4100DA125F4F4300DA135F4F4500DA155F4F4700DA16F0
:20F3E0005F4F49003C4C91100028D922DC933C5191100028D922F0933C4C91100028D9223B
:20F40000ECA33C4791100028D922D8A33C4291100028D922C4A33C3D91100028D922E8B31A
:20F420003C3891100028D922C0B33C3391100028D922D4B33C2E91100028D922D0C33C2941
:20F4400091100028D922FCB33C2491100028D922E4C33C1F91100028D922CCD33C1A9110B9
:20F460000028D922F8C33C1591100028D922F4D33C1091100028D922E0D33C0B82049110A1
:20F480000048D944B4A43B5004506DFF97E0A0023C010090BB00FEFF26F4DA005F4F3200F2
:20F4A000DA405F4F34003B0014F05F4F35003B0016F05F4F36003B001AF05F4F37003B00A4
:20F4C0001CF05F4F38003B001EF05F4F39003B0028F05F4F3A003B002AF05F4F3B003B0056
:20F4E0002CF05F4F3C003B002EF05F4F3D003B0040F05F4F3E003B0042F05F4F3F003C4293
:20F500009140002FD922000A3C3E9140002FD922008A3C399140002FD922808A3C3491402C
:20F52000002FD92280CA3C2F9140002FD922C04A3C2A9140002FD922C08A3C259140002FDB
:20F54000D922C0CA3C209140002FD922400B3C1B9140002FD922404B3C169140002FD9225A
:20F56000408B3C119140002FD92240CB3C0C9140002FD922000C3C079140002FD922004C94
:20F580003C023C013C010090024F02F46DFF84FF161F09202409570061FF6E0382123C0268
:20F5A00082023C013C0100900B451088026AF69DDA003E74DA023E743C05DA003C05DA087E
:20F5C0003C03DA103C013C08DA043E723C03DAC03C03DA803C0102846DFF5EFF8FF801412C
:20F5E000402402F56DFF649302846DFF55FF8FF80141820540246DFF8D93DF19198076AC14
:20F6000002846DFF49FF8FF801F182100FF01000892004093C0C02846DFF3EFF8FF801F1F0
:20F620007B1000000FF01000892004090090024F765B02F46DFF30FF161F82100FF0100061
:20F64000892004093C0B02F46DFF26FF161F7B1000000FF01000892004090090911000F878
:20F66000D9FF8812D4F46DFFEF8A911000F8D9FF8812C8246DFFE88A009020880249025AB7
:20F680004DC0E2FF370FE1F78B0F20B23C010D00400300003C013C01DA024BF901426DFF1C
:20F6A000FE8A402F49A4240A40F56DFF248E6DFF7EA402246DFF85B40B2310C882083C1CA4
:20F6C000820702A60BCD10486DFFAC840B231048BB0024649BF6006082076DFF9385BBF0BB
:20F6E000FFFF7FF203803C0B8FFD1F1077CD800F0B0110C8C218DA103FF8E4FFDA103FF860
:20F700000280DA003E98DA013E9DDA02BE92DA03BE973C1DDA0089AF2418DA3289AFA218FE
:20F720003C16DA0089AF2A18DA3389AFA8183C0FDA0089AF2418DA3489AFA2183C08DA0067
:20F7400089AF2A18DA3589AFA8183C01DA024BF90102DF011780DA0089AF0018DA0789AF0E
:20F760002018DA0189AF211889A228090BCD10486DFF09B589A22409DA0089AF0C183C1570
:20F78000DA0189AF0018DA0989AF2618DA0289AF271889A230090BCD10486DFFF4B489A2BF
:20F7A0002C09DA0089AF1418DA0089AF9A18DA0089AF9C18DA0089AF012849A4000A49A52C
:20F7C000240A6DFFD38B02BF6E030D0000034D00D0FF16015E19DA0182103700010E37F06B
:20F7E000040C89F0283949A4000A6DFF9E8D0090DA853F4F0D00DA003FF40A005AF4911001
:20F8000000F8D9FF84C490FFD4FFDC0F1D000E0391100028D922B4821D0012039110002860
:20F82000D92290721D000C0391100028D922A0821D00060391100028D9228C821D000003A1
:20F8400091100028D922B8721D00FA0291100028D922A4721D00F40291100028D9228892D6
:20F860001D00EE0291100028D9229C921D00E80291100028D922B0921D00E20291100028B2
:20F88000D92280B21D00DC0291100028D922ACA21D00D60291100028D92298A21D00D0024C
:20F8A00091100028D92284A21D00CA0291100028D92294B21D00C40291100028D922A8B26A
:20F8C0001D00BE0291100028D922A4C21D00B80291100028D92290C21D00B202911000289A
:20F8E000D922BCB21D00AC0291100028D922B8C21D00A60291100028D9228CD21D00A002F0
:20F9000091100028D92288E21D009A0291100028D922B4D21D00940291100028D922A0D2CD
:20F920001D008E0291100028D9229CE21D00880291100028D922B0E21D0082029110002871
:20F94000D922C0021D007C0291100028D922ACF21D00760291100028D92298F21D0070027B
:20F9600091100028D92284F21D006A0291100028D922D4021D00640291100028D922D01201
:20F980001D005E0291100028D922FC021D00580291100028D922E8021D00520291100028C9
:20F9A000D922E4121D004C0291100028D922E0221D00460291100028D922CC221D004002AF
:20F9C00091100028D922F8121D003A0291100028D922F4221D00340291100028D922DC3201
:20F9E0001D002E0291100028D922C8321D00280291100028D922D4521D00220291100028C1
:20FA0000D922F0321D001C0291100028D922C0521D00160291100028D922D8421D00100276
:20FA200091100028D922EC421D000A0291100028D922C4421D00040291100028D922FC52AC
:20FA40001D00FE0191100028D922D0621D00F80191100028D922E4621D00F201911000289B
:20FA6000D922E8521D00EC0191100028D922C8821D00E60191100028D922E0721D00E00121
:20FA800091100028D922F4721D00DA0191100028D922CC721D00D40191100028D922F86232
:20FAA0001D00CE0191100028D922C4921D00C80191100028D922D8921D00C2019110002883
:20FAC000D922DC821D00BC0191100028D922F0821D00B60191100028D922D4A21D00B001E1
:20FAE00091100028D922C0A21D00AA0191100028D922EC921D00A40191100028D922D0B2CE
:20FB00001D009E0191100028D922E4B21D00980191100028D922E8A21D0092019110002852
:20FB2000D922FCA21D008C0191100028D922F8B21D00860191100028D922CCC21D00800180
:20FB400091100028D922E0C21D007A0191100028D922C8D21D00740191100028D922F4C23D
:20FB60001D006E0191100028D922DCD21D00680191100028D922C4E21D006201911000284E
:20FB8000D922ECE21D005C0191100028D922D8E21D00560191100028D922F0D21D0050013C
:20FBA00091100028D922C0F21D004A0191100028D922FCF21D00440191100028D92210037C
:20FBC0001D003E0191100028D922E8F21D00380191100028D922D4F21D0032019110002832
:20FBE000D92224031D002C0191100028D92220131D00260191100028D9220C131D0020013D
:20FC000091100028D92238031D001A0191100028D92234131D00140191100028D922302359
:20FC20001D000E0191100028D92208231D00080191100028D9221C231D0002019110002897
:20FC4000D92218331D00FC0091100028D92204331D00F60091100028D92200431D00F00023
:20FC600091100028D9222C331D00EA0091100028D92214431D00E40091100028D9223C43FB
:20FC80001D00DE0091100028D92228431D00D80091100028D92238531D00D200911000283E
:20FCA000D92210531D00CC0091100028D92224531D00C60091100028D92208731D00C000C3
:20FCC00091100028D92234631D00BA0091100028D92220631D00B40091100028D9220C63A7
:20FCE0001D00AE0091100028D9221C731D00A80091100028D92218831D00A200911000283A
:20FD0000D92204831D009C0091100028D92230731D00960091100028D9222C831D0090006E
:20FD200091100028D92214931D008A0091100028D92200931D00840091100028D92228933A
:20FD40003C7E91100028D92224A33C7991100028D9223C933C7491100028D92210A33C6F44
:20FD600091100028D9220CB33C6A91100028D92238A33C6591100028D92234B33C60911032
:20FD80000028D92220B33C5B91100028D92208C33C5691100028D92230C33C5191100028A8
:20FDA000D9221CC33C4C91100028D9222CD33C4791100028D92204D33C4291100028D922BE
:20FDC00018D33C3D91100028D92228E33C3891100028D92214E33C3391100028D92200E3AB
:20FDE0003C2E91100028D9223CE33C2991100028D92238F33C2491100028D92224F33C1FCC
:20FE000091100028D92210F33C1A91100028D9224C033C1591100028D92274033C10911039
:20FE20000028D92260033C0B820491100048D9449CB43BD00D506DFFC1DBA0023C0100903A
:20FE400020389100014F6DFF7E8C910001FF19FF00C0AE1F9100014F8204BB0068599B85BA
:20FE6000B9546DFF818E9100014F82246DFF608E49A4000A9100015F6DFF048E82083C1954
:20FE800082093C13370868F02CA4370948F02CA549A4240A49A5000A6DFF538D49A4240A5E
:20FEA00082146DFF318EC219DA083FF9ED7FC218BF48E87F00902038024F0B5610883B006B
:20FEC00071020B90504191100048D9449CB43B3013506DFF73DB02F46DFF8CFC402F14FF39
:20FEE00082003E0882103E0782203E0682303E053C053C053C043C033C023C019100014F2B
:20FF00006DFF218C9100012F192F00C0AE1F9100014F8204BB0068599B85B9546DFF248E04
:20FF20009100014F82246DFF038E49A4000A9100015F6DFFA78D14FF2CA409FF01082CA5F0
:20FF4000BB0068F99B8FB9F44B0861014B0F51F04B0F71F17802F807DA0189AF130814FFE8
:20FF600082003E0A8210BE0882205F0F260082305F0F33003C418205029409A608098207F3
:20FF80006DFF5080FB0071620B2310486DFF3A8189A20C093C328205029409A60809820796
:20FFA0006DFF4080FB0071620B2310486DFF2A8189A20C093C228205029409A608098207A6
:20FFC0006DFF3080FB0071620B2310486DFF1A8189A20C093C128205029409A608098207B6
:20FFE0006DFF2080FB0071620B2310486DFF0A8189A20C093C023C0149A4240A49A5000ADC
:02000004800179
:200000006DFF9F8C49A4240A82146DFF698D0090024F02583B0071020B8050419110004848
:20002000D9449CB43B1011506DFFC8DA02F46DFFE1FB402F14FF3B008000E20F60F291F05A
:20004000013F3023D934000809F401086DFF088C14FF82003E0A8210BE0682205F0F22008D
:2000600082305F0F2D003C3982050284820702266DFFD87FFB0071620B2310486DFFC2803B
:2000800002283C2C82050284820702266DFFCA7FFB0071620B2310486DFFB48002283C1EE3
:2000A00082050284820702266DFFBC7FFB0071620B2310486DFFA68002283C108205028472
:2000C000820702266DFFAE7FFB0071620B2310486DFF988002283C023C0114FF3B0080008B
:2000E000E20F60F291F0013F3023D934000809F4010802856DFFD68B0090404F024F0B5669
:200100001088027A0BA9104191100048D944DC443B102A506DFF52DA74F9681A2CF889F8AF
:200120000A0902946DFFB8F9E84202A46DFFB4F9E85282158216823702946DFF37FA821524
:200140008216824702A46DFF31FA0090404F024982083B8000A0C8427B10000054FF161F95
:200160000FF010008920040909FF0A093C02C2FFEEFFC8528210481F161F0FF010008920B3
:2001800004093C27C8427B10000054FF161F0FF010008920040909F00A093C01020FC2F001
:2001A000EEFEC842821054FF161F0FF010008920040909F00A093C01020FC2F0EEFE8618D4
:2001C000481F370F50406DFFE1F9A6283708688002AFC2FA370A68A0EED6C8427B10000098
:2001E00054FF161F0FF010008920040909FF0A093C02C2FFEEFF40F402946D0047000282A9
:200200003C010090404F024840F46D00AF00088F861F370F684040F46D00720040F40284F1
:200220006D006E0040F46D00CA0040F46D009E00088F861F9601370F684040F46D00600077
:20024000821440F46DFF84FF022F40F46D00B70002F23C010090404F0B45108840F46D0083
:200260008500088F861F370F684040F46D00480040F402846D00440040F402946D00400004
:2002800040F46D009C000090CC447B100000544F161F0FF0100068107649CC4582104C41A8
:2002A000161F0FF0100068103C09CC457B1000004C41161F0FF010006810094F0A093C02AF
:2002C000C2FFEEFFCC448210544F161F0FF010006810094F0A093C02C2FFEEFFCC447B107D
:2002E0000000544F161F0FF010006810CC4582104C41161F0FF0100068100090404F02484A
:200300003B0008903C26481F370F50400F9880506DFF8FF986F909F00A093C01020FC2F075
:20032000EEFEC842821054FF161F0FF010008920040909F00A093C01020FC2F0EEFEC842E6
:200340007B10000054FF161F0FF0100089200409DF09DBFF40F46D006000DF120480820209
:200360003C0282123C010090CC448210544F161F0FF010006810CC4582104C41161F0FF079
:2003800010006810094F0A093C02C2FFEEFFCC457B1000004C41161F0FF010006810094F41
:2003A0000A093C02C2FFEEFFCC447B100000544F161F0FF0100068100090CC457B10000018
:2003C0004C41161F0FF010006810CC447B100000544F161F0FF010006810094F0A093C0231
:2003E000C2FFEEFFCC448210544F161F0FF010006810094F0A093C02C2FFEEFFCC45821054
:200400004C41161F0FF010006810094F0A093C02C2FFEEFF0090404F8208C8427B100000FE
:2004200054FF161F0FF0100089200409C8528210481F161F0FF010008920040909FF0A0947
:200440003C02C2FFEEFFC842821054FF161F0FF010008920040909FF0A093C02C2FFEEFFC0
:20046000481F370F50406DFF91F876228218C8427B10000054FF161F0FF010008920040936
:2004800009FF0A093C02C2FFEEFF02823C010090094F4218370FE3013C04094F10293C011A
:2004A000020FC2F0EEFB009049AA10BA0B4510880B6710A809ACB04809ADB44809AEB8481B
:2004C000DA644BFB01020B08004191100048D944C8543BC03E506DFF71D8DA644BFC010259
:2004E0000B08004191100048D944C8543BD03E506DFF64D8DA644BFD01020B0800419110C7
:200500000048D944C8543BE03E506DFF57D83BB01AF03EEEDA644BFE01020B080041911076
:200520000048D944C8543B103F506DFF47D8911000F7D9FF54D2B4FE370848406DFF668E66
:20054000402CB4AE49A4203A49A5383A0B8B10480BCD10686D00950149A4040A40C56DFF79
:20056000AB92DA002CA4BB00C2FB9BEFC3F47805DA002CAC49AF203AF80949A4300A49A544
:20058000040A6DFF709049A4004A49A5300A6DFF4C904B0A61F17841DA003E99DA01BE93FD
:2005A000DA02BE9EDA035F9F27003C3109AF4848B70F81F189AF084809AF4848961089AF66
:2005C00008483C2509AF4848B70F81F189AF084809AF4848B70F01F289AF08483C1809AFCD
:2005E0004848960889AF084809AF4848961089AF08483C0D09AF4848960889AF084809AF60
:200600004848B70F01F289AF08483C0109AF4848962089AF084809A0C848DA0837F006F38B
:2006200089AF884809AF4948B70F01F289AF094809A2F83989A2DC493BB01AF07EE609AFEA
:200640004848960489AF084849A43C1A49A5004A6DFFE78E3BB01AF05FEF3280D840D4FFAC
:20066000C8AF09FF5108B70F01F389FF110882048205820640C46DFF128E911000F7D9FF32
:2006800054D23BB01AF0B4FFDA003E8ADA013E8BDA023E8CDA033E8DDA043E8E3C103B20A7
:2006A00001E03C0D3B8007E03C0A3BE00DE03C073B4014E03C043BA01AE03C01DA0509C074
:2006C000560837F003F289CF1608534820F0911000F7D9FF40D210FF4CC674FF534820F0BE
:2006E000911000F7D9FF40D210FF534820F091100027D92240D21022092FC208B77F85F307
:20070000ACF1534820F0911000F7D9FF40D210FF534820F091100027D92240D21022142F0B
:20072000B71F03F234FF534820F0911000F7D9FF40D210FF534820F091100027D92240D2FF
:200740001022142FB71F83F034FF534820F0911000F7D9FF40D210F2534820F0911000F736
:20076000D9FF40D210FF081FB71F03F12C21534820F0911000F7D9FF40D210FF534820F05B
:2007800091100027D92240D21022092FC008B71F83F3B4FF534820F0911000F7D9FF40D226
:2007A00010F2534820F0911000F7D9FF40D210FF082F96202C22534820F0911000F7D9FFA5
:2007C00040D210F2534820F0911000F7D9FF40D210FF082FB70F81F12C22534820F09110C0
:2007E00000F7D9FF40D210F2534820F0911000F7D9FF40D210FF082FB70F01F32C22534800
:2008000020F0911000F7D9FF40D210F2534820F0911000F7D9FF40D210FF082FB71F03F008
:200820002C22534820F0911000F7D9FF40D210F2534820F0911000F7D9FF40D210FF081FD8
:20084000B71F83F22C21534820F0911000F7D9FF40D210F2534820F0911000F7D9FF40D2A4
:2008600010FF0830DA664BFE0122DA064BF301229AD2370F68F037F004F22C2300900B67CC
:20088000108894AF404F405C3B80000089F014083B00080028C03B0008002840820089F031
:2008A0001508820089C005083B00080089C0040882005F40100082105F40C50082205F4043
:2008C000970182305F40930282405F4065031D003204F65791100028D92250D3F4F23C1216
:2008E000DF15088091100028D92260D3F4F23C0A820491100048D944C8543B3004506DFF86
:200900005DD6DF68088091100028D92270C3E8223C12DF78088091100028D92240D3E822C6
:200920003C0A820491100048D944C8543B7004506DFF44D63BC000005F0908809110002890
:20094000D92260C3E8423C0A820491100048D944C8543BA004506DFF31D63B2001007E07DE
:20096000911000F8D9FF70D3F4CF3C6A3B8001007E07911000F8D9FF58E3F4CF3C613BE0F2
:2009800001007E07911000F8D9FF6CE3F4CF3C583B4002007E07911000F8D9FF40F3F4CF51
:2009A0003C4F3BA002007E07911000F8D9FF54F3F4CF3C463B0003007E07911000F8D9FF19
:2009C00068F3F4CF3C3D3B6003007E07911000F8D9FF7CF3F4CF3C343BC003007E07911026
:2009E00000F8D9FF9003F4CF3C2B3B2004007E07911000F8D9FFA403F4CF3C223B8004008E
:200A00007E07911000F8D9FFB803F4CF3C193B0006007E07911000F8D9FF44E3F4CF3C10A0
:200A20003BB01A007E04A00FF4CF3C0A820491100048D944C8543B8005506DFFBFD51D00A2
:200A40007A033B6006005F05088091100028D9229C23F4F23C143B7006005F050880911095
:200A60000028D922AC23F4F23C0A820491100048D944C8543B0006506DFFA0D53BC006003D
:200A80005F08088091100028D922AC13E8223C1E3BD006005F08088091100028D922BC13ED
:200AA000E8223C143BE006005F08088091100028D9228C23E8223C0A820491100048D9447D
:200AC000C8543B5006506DFF79D53B2007005F09088091100028D9228C13E8423C143B30C5
:200AE00007005F09088091100028D9229C13E8423C0A820491100048D944C8543B90065053
:200B00006DFF5CD53B8007007E07911000F8D9FFBC23F4CF3C6A3BE007007E07911000F8F8
:200B2000D9FFA433F4CF3C613B4008007E07911000F8D9FFB833F4CF3C583BA008007E0783
:200B4000911000F8D9FF8C43F4CF3C4F3B0009007E07911000F8D9FFA043F4CF3C463B600A
:200B600009007E07911000F8D9FFB443F4CF3C3D3BC009007E07911000F8D9FF8853F4CFAB
:200B80003C343B200A007E07911000F8D9FF9C53F4CF3C2B3B800A007E07911000F8D9FFB6
:200BA000B053F4CF3C223BE00A007E07911000F8D9FF8463F4CF3C193B400B007E0791104B
:200BC00000F8D9FF9033F4CF3C103BB01A007E04A00FF4CF3C0A820491100048D944C8548C
:200BE0003B7007506DFFEAD41D00A5023BC00C005F05088091100028D9229883F4F23C32DF
:200C00003BD00C005F05088091100028D922A883F4F23C283BE00C005F05088091100028BC
:200C2000D922B883F4F23C1E3BF00C005F05088091100028D9228893F4F23C143B000D00BE
:200C40005F05088091100028D9229893F4F23C0A820491100048D944C8543B1008506DFFD6
:200C6000ADD43B200D005F08088091100028D922A873E8223C1E3B300D005F080880911051
:200C80000028D922B873E8223C143B400D005F08088091100028D9228883E8223C0A820490
:200CA00091100048D944C8543B6008506DFF86D43B800D005F09088091100028D9229873D2
:200CC000E8423C323B900D005F09088091100028D9229863E8423C283BA00D005F0908808F
:200CE00091100028D922A863E8423C1E3BB00D005F09088091100028D922B863E8423C1460
:200D00003BC00D005F09088091100028D9228873E8423C0A820491100048D944C8543BD0F9
:200D200008506DFF4BD43BE00D007E07911000F8D9FFA893F4CF3C583B400E007E07911071
:200D400000F8D9FFBC93F4CF3C4F3BA00E007E07911000F8D9FF90A3F4CF3C463B000F0085
:200D60007E07911000F8D9FFA4A3F4CF3C3D3BC00F007E07911000F8D9FFB8A3F4CF3C346C
:200D80003B2010007E07911000F8D9FF8CB3F4CF3C2B3B8010007E07911000F8D9FFA0B375
:200DA000F4CF3C223BE010007E07911000F8D9FFB4B3F4CF3C193B4011007E07911000F8C8
:200DC000D9FF88C3F4CF3C103BB01A007E04A00FF4CF3C0A820491100048D944C8543B902F
:200DE00009506DFFEBD31D00A6013B2013005F05088091100028D922BCD3F4F23C143B305E
:200E000013005F05088091100028D922ACD3F4F23C0A820491100048D944C8543BF0095038
:200E20006DFFCCD33B8013005F08088091100028D9228CD3E8223C1E3BA013005F08088086
:200E400091100028D9229CD3E8223C143B9013005F08088091100028D922BCC3E8223C0AA5
:200E6000820491100048D944C8543B400A506DFFA5D33BE013005F09088091100028D9222F
:200E80009CC3E8423C143BF013005F09088091100028D922ACC3E8423C0A82049110004839
:200EA000D944C8543B800A506DFF88D33B4014007E07911000F8D9FF8CE3F4CF3C6A3BA0E5
:200EC00014007E07911000F8D9FFA0E3F4CF3C613B0015007E07911000F8D9FFB4E3F4CF85
:200EE0003C583B6015007E07911000F8D9FF88F3F4CF3C4F3B7015007E07911000F8D9FF39
:200F00009CF3F4CF3C463BC015007E07911000F8D9FFB0F3F4CF3C3D3BD015007E079110D2
:200F200000F8D9FFC403F4CF3C343B2016007E07911000F8D9FFD803F4CF3C2B3B801600AA
:200F40007E07911000F8D9FFEC03F4CF3C223BE016007E07911000F8D9FFC013F4CF3C1979
:200F60003B4017007E07911000F8D9FFD413F4CF3C103BB01A007E04A00FF4CF3C0A82042E
:200F800091100048D944C8543B600B506DFF16D31D00D1003B8019005F050880911000286D
:200FA000D922D833F4F23C283B9019005F05088091100028D922E833F4F23C1E3BA01900FE
:200FC0005F05088091100028D922F833F4F23C143BB019005F05088091100028D922C84341
:200FE000F4F23C0A820491100048D944C8543BE00B506DFFE3D23BE019005F0808809110C2
:201000000028D922E823E8223C1E3BF019005F08088091100028D922F823E8223C143B0097
:201020001A005F08088091100028D922C833E8223C0A820491100048D944C8543B300C5029
:201040006DFFBCD23B401A005F09088091100028D922F813E8423C283B501A005F0908801F
:2010600091100028D922C823E8423C1E3B601A005F09088091100028D922D823E8423C145F
:201080003B701A005F09088091100028D922E813E8423C0A820491100048D944C8543B90F9
:2010A0000C506DFF8BD23BC01B007E07911000F8D9FFD453F4CF3C3D3B401D007E079110DE
:2010C00000F8D9FFFC53F4CF3C343B501D007E07911000F8D9FFE853F4CF3C2B3B601B0005
:2010E0007E07911000F8D9FFC053F4CF3C223B001B007E07911000F8D9FFEC43F4CF3C1933
:201100003BA01A007E07911000F8D9FFD843F4CF3C103BB01A007E04A00FF4CF3C0A8204F5
:2011200091100048D944C8543B200D506DFF46D23C0100900B451088370848406DFF66887B
:20114000402C40C46DFFA6F9534820F0911000F7D9FF40D210FF54FF8200370F01F089CF74
:20116000201989C924193C0109CF4218370FE3F16EFC40C46DFF8EF9534820F0911000F77A
:20118000D9FF40D210FF54FF8210370F01F089CF2019DA0089CF24193C0109CF4218370F85
:2011A000E3F16EFC3C0109CF41186F3FFE7FBBF0FFFF89CF141909CF10293C01370F68200E
:2011C0003C0100900B541088404C026A370948406DFF1C88402D40D46DFF5CF9534920F08D
:2011E000911000F7D9FF40D210FF54F082013710010089D0201989D824193C0109D04218AF
:201200003700E3F16EFC40D46DFF44F9DF1A0F80534920F0911000F7D9FF40D210FF54FF84
:201220008210370F01F089DF2019DA0089DF24193C0109DF4218370FE3F16EFC09DF1029A1
:201240003C0134CFB01CC2FADF0AE2FF3C0109DF41186F3FFE7FBBF0FFFF89DF1419009085
:201260000B451088370848406DFFD087534820F0911000F7D9FF40D210FF54F082013710B2
:20128000010089202019BB00F00F26908680892024193C01092F42181607EEFD534820F08D
:2012A000911000F7D9FF40D210FF54FF8210370F01F0892F20198FF90FF1892F24193C01D6
:2012C000092F41186F3FFE7FBBF0FFFF892F141900900248404C0259370848406DFF9687B3
:2012E000534820F0911000F7D9FF40D210FF54F08201371001008920201909C0C008BB0075
:20130000F01F26108680892024193C01092F42181607EEFDDF190F80534820F0911000F7FB
:20132000D9FF40D210FF54FF8210370F01F0892F201909CFC00816FFB02C892F24193C01E4
:20134000092F42181607EEFDC2F9DF09D8FF3C01092F41186F3FFE7FBBF0FFFF892F1419F2
:201360000090024F0258370F48406DFF4F87534F20F0911000F7D9FF40D210FF54FF8210FA
:20138000370F01F0892F2019892824193C01092F42181607EEFD3C01092F41186F3FFE7F67
:2013A000BBF0FFFF892F141900900B451088026A370848406DFF2A87402C534820F091101F
:2013C00000F7D9FF40D210FF54FF8200370F01F089CF201940C46DFF5DF889C924193C01EF
:2013E00009CF42181607EEFD534820F0911000F7D9FF40D210FF54FF8210370F01F089CF03
:20140000201989CA24193C0109CF42181607EEFD3C0109CF41186F3FFE7FBBF0FFFF89CFF2
:2014200014190090A00FDA005F4F2100DA015F4F2300DA025F4F2500DA035F4F2700DA04AC
:201440005F4F2900DA055F4F2B00DA065F4F2D00DA085F4F2F00DA095F4F3100DA0A5F4F2F
:201460003300DA0B5F4F35003C38911000F7D9FF58D23C3C911000F7D9FF9C223C379110A9
:2014800000F7D9FF88423C32911000F7D9FFB4523C2D911000F7D9FFA0723C28911000F7E8
:2014A000D9FF8C923C23911000F7D9FFB8A23C1E911000F7D9FFA4C23C19911000F7D9FF18
:2014C00090E23C14911000F7D9FF44F23C0F911000F7D9FFB0023C0A820491100048D94465
:2014E000F0543B7012506DFF69D040F23C01009020200B4510A80B7610884DC0E2FF370F62
:20150000E1F78B0F20C23C010D00400300003C013C01370A48406DFF107791100047D944AF
:20152000BCF240256DFFEE7A02A46D00D60302A46D007205911000F7D9FFBCF2DA0289FFCC
:201540002C08911000F7D9FFBCF2DA04ACF4911000F7D9FFBCF24B0B61F16CF1911000F700
:20156000D9FFBCF2DA072CFAA00FF4AFA00FF80449A4180A49A5080A0BA9104802866D00D1
:201580002800DA102CACDA8089AF1C08DA0089AF1D08911000F7D9FFBCF249A2000AE8A2D7
:2015A00002A46DFF41FF91100057D955BCF240246DFF6078820502A46D006503820502A42E
:2015C0006D009C0602CF6E030D00000300900268405C82005F40220082105F406700822097
:2015E0005F40FF0082305F40730182405F40E70182505F400A0282605F404802DA085F4F67
:201600007402DA095F4F9702DA0A5F4FB902DA0B5F4FFF021D002203F658910000F8D9FF58
:201620002C3080FF744F3C25DF150980911000F8D9FF24E280FF744F3C1CDF2509809110EF
:2016400000F8D9FF34E280FF744F3C13DF350980911000F8D9FF04F280FF744F3C0A820401
:2016600091100048D944F0543B7013506DFFA6CFF688910000F8D9FF0C3080FF74CF3C1305
:20168000DF180980910000F8D9FF1C3080FF74CF3C0A820491100048D944F0543BB01350F7
:2016A0006DFF8CCF1D00DB02DF450980911000F8D9FF742280FF744F3C52DF550980911087
:2016C00000F8D9FF443280FF744F3C49DF650980911000F8D9FF543280FF744F3C40DF7527
:2016E0000980911000F8D9FF643280FF744F3C37DA087E58911000F8D9FF743280FF744F94
:201700003C2EDA097E58911000F8D9FF444280FF744F3C25DA0A7E58911000F8D9FF54424B
:2017200080FF744F3C1CDA0B7E58911000F8D9FF644280FF744F3C13DA0C7E58911000F857
:20174000D9FF744280FF744F3C0A820491100048D944F0543B9014506DFF30CFDF48098059
:20176000911000F8D9FF541280FF74CF3C37DF580980911000F8D9FF641280FF74CF3C2E8A
:20178000DF680980911000F8D9FF741280FF74CF3C25DF380980911000F8D9FF442280FF69
:2017A00074CF3C1CDF780980911000F8D9FF542280FF74CF3C13DF280980911000F8D9FFB5
:2017C000642280FF74CF3C0A820491100048D944F0543B1015506DFFF1CE1D004002DA0D8A
:2017E0007E58911000F8D9FF546280FF744F3C37DA0E7E58911000F8D9FF646280FF744F00
:201800003C2EDA0F7E58911000F8D9FF746280FF744F3C25DA107E58911000F8D9FF4472CE
:2018200080FF744F3C1CDA117E58911000F8D9FF547280FF744F3C13DA127E58911000F82A
:20184000D9FF647280FF744F3C0A820491100048D944F0543BC015506DFFB0CEDA0B7E884D
:20186000911000F8D9FF445280FF74CF3C2EDA097E88911000F8D9FF545280FF74CF3C2512
:20188000DA0A7E88911000F8D9FF645280FF74CF3C1CDA0C7E88911000F8D9FF745280FF7B
:2018A00074CF3C13DA087E88911000F8D9FF446280FF74CF3C0A820491100048D944F054BF
:2018C0003B4016506DFF7ACE1D00C901DA137E58911000F8D9FF748280FF744F3C40DA14B6
:2018E0007E58911000F8D9FF449280FF744F3C37DA157E58911000F8D9FF549280FF744FB8
:201900003C2EDA167E58911000F8D9FF649280FF744F3C25DA177E58911000F8D9FF74924F
:2019200080FF744F3C1CDA187E58911000F8D9FF44A280FF744F3C13DA197E58911000F8FB
:20194000D9FF54A280FF744F3C0A820491100048D944F0543B0017506DFF30CEDA0E7E8867
:20196000911000F8D9FF747280FF74CF3C25DA0F7E88911000F8D9FF448280FF74CF3C1CAD
:20198000DA0D7E88911000F8D9FF548280FF74CF3C13DA107E88911000F8D9FF648280FF3C
:2019A00074CF3C0A820491100048D944F0543B6017506DFF03CE1D005201DA1A7E589110B4
:2019C00000F8D9FF74A280FF744F3C0A820491100048D944F0543BC017506DFFEFCDDA1154
:2019E0007E88911000F8D9FF64A280FF74CF3C0A820491100048D944F0543BF017506DFF94
:201A0000DDCD1D002C01DA1B7E58911000F8D9FF74B280FF744F3C13DA1C7E58911000F87A
:201A2000D9FF44C280FF744F3C0A820491100048D944F0543B6018506DFFC0CDDA127E8882
:201A4000911000F8D9FF44B280FF74CF3C1CDA137E88911000F8D9FF64B280FF74CF3C137A
:201A6000DA147E88911000F8D9FF54B280FF74CF3C0A820491100048D944F0543BB01850D0
:201A80006DFF9CCD1D00EB00DA1D7E58911000F8D9FF74C280FF744F3C0A820491100048FE
:201AA000D944F0543B1019506DFF88CDDA157E88911000F8D9FF54C280FF74CF3C13DA16D3
:201AC0007E88911000F8D9FF64C280FF74CF3C0A820491100048D944F0543B5019506DFF31
:201AE0006DCD1D00BC00DA1E7E58911000F8D9FF54D280FF744F3C0A820491100048D9445A
:201B0000F0543BB019506DFF59CDDA177E88911000F8D9FF44D280FF74CF3C0A82049110EE
:201B20000048D944F0543BE019506DFF47CD1D009600DA1F7E58911000F8D9FF74D280FF40
:201B4000744F3C0A820491100048D944F0543B401A506DFF33CDDA187E88911000F8D9FFF2
:201B600064D280FF74CF3C0A820491100048D944F0543B701A506DFF21CD3C70DA207E586C
:201B8000911000F8D9FF540280FF744F3C13DA217E58911000F8D9FF640280FF744F3C0ABD
:201BA000820491100048D944F0543BE01A506DFF05CDDA197E88911000F8D9FF14F280FFA3
:201BC00074CF3C25DA1A7E88911000F8D9FF24F280FF74CF3C1CDA1B7E88911000F8D9FF5A
:201BE00034F280FF74CF3C13DA1C7E88911000F8D9FF440280FF74CF3C0A82049110004884
:201C0000D944F0543B401B506DFFD8CC3C27DA227E58911000F8D9FF441280FF744F3C0AE9
:201C2000820491100048D944F0543BB01B506DFFC5CCDA1D7E88911000F8D9FF740280FF1E
:201C400074CF3C0A820491100048D944F0543BE01B506DFFB3CC3C023C010090404F820896
:201C60006DFFE2FBD424094F5208161F3C016E07D424821440F56DFFFB73821802823C0192
:201C800000900258911000F7D9FFBCF2D4FF370448406DFF527391100047D944BCF240255D
:201CA0006DFF307740F46DFFCA73370868F06E03DA013C02DA0009F0431837F001F289FF43
:201CC000031876850C2196042C213C050C21B70F01F12C210090DA005F4F2200DA015F4FA4
:201CE0004100DA025F4F6000DA035F4F7F00DA045F4F9E00DA055F4FBD00DA065F4FDC00D1
:201D0000DA085F4FFB00DA095F4F1901DA0A5F4F3701DA0B5F4F55011D007401911000F7B0
:201D2000D9FFBCF291100027D9225CE2E8C2911000F7D9FFBCF291100027D92274D2E8E281
:201D4000911000F7D9FFBCF2DA0189FFAE08911000F7D9FFBCF2DA0189FFB4081D005B0196
:201D6000911000F7D9FFBCF291100027D922A032E8C2911000F7D9FFBCF291100027D92225
:201D8000B822E8E2911000F7D9FFBCF2DA0189FFAE08911000F7D9FFBCF2DA0189FFB4082B
:201DA0001D003901911000F7D9FFBCF291100027D9228C52E8C2911000F7D9FFBCF29110A4
:201DC0000027D922A442E8E2911000F7D9FFBCF2DA0189FFAE08911000F7D9FFBCF2DA0101
:201DE00089FFB4081D001701911000F7D9FFBCF291100027D922B862E8C2911000F7D9FF55
:201E0000BCF291100027D9229062E8E2911000F7D9FFBCF2DA0189FFAE08911000F7D9FFEE
:201E2000BCF2DA0189FFB4081D00F500911000F7D9FFBCF291100027D922A482E8C2911071
:201E400000F7D9FFBCF291100027D922BC72E8E2911000F7D9FFBCF2DA0189FFAE08911072
:201E600000F7D9FFBCF2DA0189FFB4081D00D300911000F7D9FFBCF291100027D92290A2C3
:201E8000E8C2911000F7D9FFBCF291100027D922A892E8E2911000F7D9FFBCF2DA0189FF32
:201EA000AE08911000F7D9FFBCF2DA0189FFB4081D00B100911000F7D9FFBCF2911000277B
:201EC000D922BCB2E8C2911000F7D9FFBCF291100027D92294B2E8E2911000F7D9FFBCF2E0
:201EE000DA0189FFAE08911000F7D9FFBCF2DA0189FFB4081D008F00911000F7D9FFBCF2C2
:201F000091100027D922A8D2E8C2911000F7D9FFBCF291100027D92280D2E8E2911000F745
:201F2000D9FFBCF2DA0189FFAE08911000F7D9FFBCF2DA0189FFB4083C6D911000F7D9FFAC
:201F4000BCF291100027D92294F2E8C2911000F7D9FFBCF291100027D922ACE2E8E2911006
:201F600000F7D9FFBCF2DA0189FFAE08911000F7D9FFBCF2DA0189FFB4083C4C911000F76E
:201F8000D9FFBCF291100027D9228802E8C2911000F7D9FFBCF291100027D92260F2E8E2C7
:201FA000911000F7D9FFBCF2DA0189FFAE08911000F7D9FFBCF2DA0189FFB4083C2B9110A5
:201FC00000F7D9FFBCF291100027D922B412E8C2911000F7D9FFBCF291100027D9228C12D2
:201FE000E8E2911000F7D9FFBCF2DA0189FFAE08911000F7D9FFBCF2DA0189FFB4083C0A5D
:20200000820491100048D944F0543BC010506DFFD5CA0090DA005F4F2200DA015F4F3D008A
:20202000DA025F4F5800DA035F4F7300DA045F4F8E00DA055F4FA900DA065F4FC400DA083C
:202040005F4FDE00DA095F4FF800DA0A5F4F1201DA0B5F4F2C011D004701911000F7D9FF31
:20206000BCF2DA0B89FFA008911000F7D9FFBCF2DA0A89FFA208911000F7D9FFBCF2DA0C65
:2020800089FFA408911000F7D9FFBCF2DA0089FF26081D003201911000F7D9FFBCF2DA0D09
:2020A00089FFA008911000F7D9FFBCF2DA0E89FFA208911000F7D9FFBCF2DA0F89FFA4087D
:2020C000911000F7D9FFBCF2DA0089FF26081D001401911000F7D9FFBCF2DA1089FFA008E8
:2020E000911000F7D9FFBCF2DA1189FFA208911000F7D9FFBCF2DA1289FFA408911000F7CF
:20210000D9FFBCF2DA0089FF26081D00F600911000F7D9FFBCF2DA1389FFA008911000F7C3
:20212000D9FFBCF2DA1489FFA208911000F7D9FFBCF2DA1589FFA408911000F7D9FFBCF29A
:20214000DA0089FF26081D00D800911000F7D9FFBCF2DA1689FFA008911000F7D9FFBCF29E
:20216000DA1789FFA208911000F7D9FFBCF2DA1889FFA408911000F7D9FFBCF2DA0089FF78
:2021800026081D00BA00911000F7D9FFBCF2DA1989FFA008911000F7D9FFBCF2DA1A89FF5F
:2021A000A208911000F7D9FFBCF2DA1B89FFA408911000F7D9FFBCF2DA0089FF26081D0063
:2021C0009C00911000F7D9FFBCF2DA1C89FFA008911000F7D9FFBCF2DA1D89FFA208911037
:2021E00000F7D9FFBCF2DA1E89FFA408911000F7D9FFBCF2DA0089FF26083C7E911000F736
:20220000D9FFBCF2DA1F89FFA008911000F7D9FFBCF2DA2089FFA208911000F7D9FFBCF2A7
:20222000DA2189FFA408911000F7D9FFBCF2DA0089FF26083C61911000F7D9FFBCF2DA220A
:2022400089FFA008911000F7D9FFBCF2DA2389FFA208911000F7D9FFBCF2DA2489FFA408B1
:20226000911000F7D9FFBCF2DA0089FF26083C44911000F7D9FFBCF2DA2589FFA008911042
:2022800000F7D9FFBCF2DA2689FFA208911000F7D9FFBCF2DA2789FFA408911000F7D9FFCC
:2022A000BCF2DA0089FF26083C27911000F7D9FFBCF2DA2889FFA008911000F7D9FFBCF20F
:2022C000DA2989FFA208911000F7D9FFBCF2DA2A89FFA408911000F7D9FFBCF2DA0089FFF3
:2022E00026083C0A820491100048D944F0543B000B506DFF63C900900258911000F7D9FF12
:20230000BCF2D4FF370448406DFF177091100047D944BCF240256DFFF57340F46DFF9C70EE
:20232000370868F06E03DA013C02DA0009F0431837F081F389FF031876850C2196042C2101
:202340003C050C21B70F01F12C2100900248404F025F3C0714F502846D000600C2FFB01F6B
:20236000EEFA0090200834A56DFF5EF83C01D42F08EF161F3C01EEFCD42449A5000A821409
:202380006DFF6C7100900248404F3C0909FF0008B01F370F685002846DFFE6FF09FF000882
:2023A000EEF60090000600F000AE03F00100000090000000000600F000AF03F002000000E7
:2023C00090000000000600F000AF03F00300000090000000000A2CF000A003F00400000085
:2023E00000000000000A2CF000A003F00800000001000000000A2CF000AD03F00000000055
:2024000002000000000A2CF000AD03F00100000003000000000A2CF000A003F0080000002F
:2024200098000000000A2CF000AD03F00000000090000000000B2CF000B503F002000000DD
:2024400004000000000B2CF000B503F00500000098000000000700F000AF03F00100000072
:2024600000000000000700F000AF03F00500000001000000000700F000B403F00900000016
:2024800002000000000700F000AB03F00A00000004000000000700F000C103F00D000000DF
:2024A00005000000000700F000A203F00300000006000000000700F000A203F002000000F4
:2024C00090000000000700F000AB03F00C00000090000000000700F000AF03F000000000A2
:2024E00090000000000700F000AF03F00100000090000000000700F000AF03F00400000085
:2025000090000000000700F000AF03F00500000090000000000700F000B403F00A00000055
:2025200090000000000700F000C103F00C00000090000000000700F000C103F00D0000000C
:2025400090000000000800F000AE03F00300000000000000000800F000A203F001000000C1
:2025600001000000000800F000AA03F00600000003000000000800F000C103F00800000008
:2025800004000000000800F000A203F00000000006000000000800F000A203F00000000017
:2025A00090000000000800F000AA03F00500000090000000000800F000AE03F002000000C6
:2025C00090000000000800F000AE03F00300000090000000000800F000C103F0080000008B
:2025E00090000000000800F000C103F00900000090000000000900F000AF03F00700000064
:2026000000000000000900F000B403F00300000002000000000900F000A003F00100000088
:2026200004000000000900F000B503F00600000005000000000900F000A003F0000000005E
:2026400098000000000900F000A003F00100000090000000000900F000AF03F00600000024
:2026600090000000000900F000AF03F00700000090000000000900F000B403F000000000F8
:2026800090000000000900F000B403F00300000090000000000900F000B503F007000000CF
:2026A00090000000000A00F000A003F00C00000000000000000A00F000A003F0090000005B
:2026C000A8000000000B00F000A003F00600000000000000000B00F000C103F0040000000B
:2026E00001000000000B00F000B603F00300000002000000000B00F000A003F0070000009B
:2027000090000000000B00F000B603F00200000090000000000C00F000B603F0000000004E
:2027200004000000000C00F000B703F00100000005000000000C00F000B603F00000000044
:20274000B8000000000E00F000C103F00600000003000000000E00F000C103F0070000004D
:20276000A0000000000F00F000B403F00600000004000000000F00F000B403F0070000005C
:2027800090000000000600F000000000000700F001000000000800F002000000000900F0C8
:2027A00003000000000A00F004000000000B00F005000000000C00F006000000000D00F019
:2027C00007000000000E00F008000000000F00F009000000000A2CF00A000000000B2CF08D
:2027E0000B0000000050C348640000000050C348640000001400000000000000000000003C
:202800000100000000000000000000000000000000000000000000000000000000000101B5
:202820000700000000000901000000000602000000000A0300000000000000000000000072
:202840000101000000000000002A00F000000000002B00F001000000000000000000000040
:202860000000000000000000000000000000000000000000000000000000010000010F0047
:20288000010F0000000000000000000000000000001800F00200000000A003F00800000083
:2028A00000000000001800F00200000000C103F00600000001000000001800F00200000049
:2028C00000A003F00700000000000000001800F00200000000C103F0070000000100000098
:2028E000001800F00300000000A203F00700000000000000001800F00300000000A203F091
:202900000600000000000000001800F00400000000A003F00900000000000000001800F001
:202920000400000000C103F00500000001000000001800F00400000000A203F00800000030
:2029400000000000001800F00500000000B503F00600000000000000001800F005000000AF
:2029600000AA03F00100000001000000001800F00500000000B503F00700000000000000FC
:20298000001800F00500000000AA03F00300000001000000001800F00600000000B403F0D4
:2029A0000000000000000000001800F00600000000B403F00300000000000000001800F057
:2029C0000600000000AA03F00200000001000000000002000000000000A203F000000000BA
:2029E00088000000000002003000000000B603F001000000880000000000020035000000B4
:202A000000B503F00200000088000000000002005500000000AE03F00500000088000000FF
:202A2000000002000800000000A203F00800000088000000000002000900000000A003F0C9
:202A40000000000088000000000102000A00000000A003F0010000008800000000010200C2
:202A60000B00000000A003F00200000088000000000102000100000000A203F00100000094
:202A800088000000000102001F00000000C103F00900000088000000000102002F00000015
:202AA00000B603F00000000088000000000102003600000000B503F0030000008800000079
:202AC000000102005400000000AE03F00400000088000000000202000C00000000A003F0CF
:202AE0000300000088000000000202000200000000A203F002000000880000000002020022
:202B00002100000000C103F00B00000088000000000202003700000000B503F00400000066
:202B200088000000000202005300000000AE03F00300000088000000000302000D00000078
:202B400000A003F00400000088000000000302000300000000A203F003000000880000002E
:202B6000000302003100000000B603F00200000088000000000302003800000000B503F007
:202B80000500000088000000000302005200000000AE03F002000000880000000004020020
:202BA0000E00000000A003F00500000088000000000402000400000000A203F00400000044
:202BC00088000000000402003200000000B603F003000000880000000004020039000000C2
:202BE00000B503F00600000088000000000402003D00000000B403F003000000880000002A
:202C0000000402005100000000AE03F00100000088000000000502000F00000000A003F08A
:202C20000600000088000000000502002800000000C003F004000000880000000005020091
:202C40003A00000000B503F00700000088000000000502000500000000A203F0050000005D
:202C600088000000000602001000000000A003F00700000088000000000602002A00000060
:202C800000B703F00100000088000000000602003B00000000B403F000000000880000008F
:202CA000000602000600000000A203F00600000088000000000702001100000000A003F036
:202CC0000800000088000000000702004000000000B403F0080000008800000000070200DB
:202CE0000700000000A203F00700000088000000010003000000000000A203F00000000010
:202D000088000000010002004400000000B403F00C00000088000000010002004C0000005A
:202D200000AF03F00500000088000000010002004D00000000AF03F00600000088000000E4
:202D4000010003000800000000A203F00800000088000000010003000900000000A003F0A2
:202D60000000000088000000010102006700000000AA03F001000000880000000101030035
:202D80000A00000000A003F00100000088000000010103000B00000000A003F00200000068
:202DA00088000000010103000100000000A203F00100000088000000010103001F00000043
:202DC00000C103F00900000088000000010102004500000000B403F00D0000008800000029
:202DE000010102004E00000000AF03F00700000088000000010102004F00000000AF03F05B
:202E00000800000088000000010102005600000000AE03F006000000880000000102020094
:202E20006800000000AA03F00200000088000000010202006B00000000AA03F005000000F1
:202E400088000000010203000C00000000A003F003000000880000000102030002000000B2
:202E600000A203F00200000088000000010203002100000000C103F00B00000088000000C5
:202E8000010202004600000000B403F00E00000088000000010202005000000000AE03F0B4
:202EA0000000000088000000010302006900000000AA03F0030000008800000001030200ED
:202EC0006C00000000AA03F00600000088000000010303000D00000000A003F004000000B0
:202EE00088000000010303000300000000A203F003000000880000000103020047000000D3
:202F000000AF03F00000000088000000010403000E00000000A003F0050000008800000051
:202F2000010403000400000000A203F00400000088000000010403003D00000000B403F078
:202F40000300000088000000010402004800000000AF03F001000000880000000105030063
:202F60000F00000000A003F00600000088000000010503002800000000C003F00400000039
:202F800088000000010503000500000000A203F00500000088000000010502004100000030
:202FA00000B403F00900000088000000010502004900000000AF03F002000000880000005C
:202FC000010603001000000000A003F00700000088000000010603002A00000000B703F0D7
:202FE0000100000088000000010602004200000000B403F00A0000008800000001060300BA
:203000000600000000A203F00600000088000000010602004A00000000AF03F0030000008F
:2030200088000000010703001100000000A003F0080000008800000001070200430000007C
:2030400000B403F00B00000088000000010702004B00000000AF03F00400000088000000B3
:20306000010703000700000000A203F00700000088000000020002001200000000A003F071
:203080000900000088000000020002001A00000000C103F00400000088000000020002003D
:2030A0002000000000C103F00A00000088000000020002005E00000000AD03F003000000A5
:2030C00088000000020102001B00000000C103F00500000088000000020102005F000000A3
:2030E00000AB03F00200000088000000020202001C00000000C103F0060000008800000044
:20310000020202006000000000AB03F00300000088000000020302001500000000A003F071
:203120000C00000088000000020302001D00000000C103F00700000088000000020302008D
:203140006100000000AB03F00600000088000000020402001E00000000C103F00800000000
:2031600088000000020402002200000000C103F00C000000880000000204020062000000EB
:2031800000AB03F00900000088000000020502002300000000C103F00D000000880000008B
:2031A000020509004100000000B403F00900000088000000020502005B00000000AD03F082
:2031C0000000000088000000020502006300000000AB03F00A0000008800000002060200C1
:2031E0006400000000AB03F00B00000088000000020602002400000000C003F00000000059
:2032000088000000020602003E00000000B403F00600000088000000020602005C00000043
:2032200000AD03F00100000088000000020702006500000000AB03F00C00000088000000C3
:20324000020702003F00000000B403F00700000088000000020702005D00000000AD03F0E6
:203260000200000088000000030003001200000000A003F009000000880000000300030082
:203280001A00000000C103F00400000088000000030003002000000000C103F00A000000F0
:2032A00088000000030003005E00000000AD03F00300000088000000030103001B000000D5
:2032C00000C103F00500000088000000030103005F00000000AB03F002000000880000001F
:2032E000030203001C00000000C103F00600000088000000030203006000000000AB03F062
:203300000300000088000000030303001500000000A003F00C0000008800000003030300D4
:203320001D00000000C103F00700000088000000030303006100000000AB03F0060000001F
:2033400088000000030403001E00000000C103F0080000008800000003040300220000004D
:2033600000C103F00C00000088000000030403006200000000AB03F009000000880000006A
:20338000030503002300000000C103F00D00000088000000030503005B00000000AD03F0B0
:2033A0000000000088000000030503006300000000AB03F00A0000008800000003060300DB
:2033C0006400000000AB03F00B00000088000000030603002400000000C003F00000000075
:2033E00088000000030603003E00000000B403F00600000088000000030603005C0000005E
:2034000000AD03F00100000088000000030703006500000000AB03F00C00000088000000DF
:20342000030703003F00000000B403F00700000088000000030703005D00000000AD03F000
:203440000200000088000000608124F002388700FFFFFFFF648124F066D00000FFFFFFFF05
:20346000688124F002380700FFFFFFFF6C8124F026980000FFFFFFFF248124F0C9000000D5
:20348000FFFFFFFF088124F001003630FFFFFFFF0C8124F00807690BFFFFFFFF288124F053
:2034A0008E042101FFFFFFFF488124F0B6730835FFFFFFFF4C8124F0466C9402FFFFFFFFF8
:2034C000088124F002003630FFFFFFFF108124F03B033600FFFFFFFF148124F01008690BA1
:2034E000FFFFFFFF508124F00E710834FFFFFFFF548124F0446C9402FFFFFFFF188124F05C
:2035000009003600FFFFFFFF1C8124F00808690BFFFFFFFF208124F0941C2300FFFFFFFFBB
:20352000588124F0B622081BFFFFFFFF5C8124F0466C9402FFFFFFFF2C8124F03404000079
:20354000FFFFFFFF308124F0825A0000FFFFFFFF348124F009090712FFFFFFFF08000000DA
:2035600048340180ACC5A73702000000A8340180ACC5A7370D000000C0340180ACC5A73780
:20358000030000005C3501801600000090350180608124F002388700FFFFFFFF648124F00F
:2035A00066D00000FFFFFFFF688124F002380700FFFFFFFF6C8124F026980000FFFFFFFFE4
:2035C000248124F0C9000000FFFFFFFF0C8124F00807690BFFFFFFFF288124F08E042101DC
:2035E000FFFFFFFF488124F0B6730835FFFFFFFF4C8124F0466C9402FFFFFFFF088124F0CE
:2036000002003630FFFFFFFF108124F03B033600FFFFFFFF148124F01008690BFFFFFFFF00
:20362000508124F00E710834FFFFFFFF548124F0446C9402FFFFFFFF188124F009003600D7
:20364000FFFFFFFF1C8124F00808690BFFFFFFFF208124F0941C2300FFFFFFFF588124F0CC
:20366000B622081BFFFFFFFF5C8124F0466C9402FFFFFFFF2C8124F034040000FFFFFFFF29
:20368000308124F0825A0000FFFFFFFF348124F009090712FFFFFFFF00A003F0000000000A
:2036A00000A103F00100000000A203F00200000000AA03F00A00000000AB03F00B0000008E
:2036C00000AC03F00C00000000AD03F00D00000000AE03F00E00000000AF03F00F00000032
:2036E00000B403F01400000000B503F01500000000B603F01600000000B703F017000000D2
:2037000000C003F02000000000C103F02100000000C203F02200000000C803F02800000047
:20372000001C00F000B403F00C00000000000000001C00F000B403F00C000000A00000006B
:20374000001C00F000B403F00E00000098000000001C00F000B403F00B00000098000000BA
:20376000001C00F000B403F00D000000A8000000001C00F00000000000B403F00800000026
:2037800098000000001C00F00D00000000AF03F00000000098000000001C00F00100000031
:2037A00000B403F00900000098000000001C00F00200000000B403F00D0000009800000067
:2037C000001C00F00300000000AB03F00A00000098000000001C00F00400000000AB03F0EC
:2037E0000B00000098000000001C00F00500000000AB03F00200000098000000001C00F0D1
:203800000600000000B403F00A00000098000000001C00F00700000000C103F0050000008D
:2038200090000000001C00F00800000000B403F00600000098000000001C00F0090000008A
:2038400000B403F00300000098000000001D00F000AA03F00100000000000000001D00F06E
:2038600000AB03F00300000001000000001D00F000AA03F00100000090000000001D00F05E
:2038800000AA03F00300000098000000001D00F000AB03F00900000098000000001D00F097
:2038A00000AA03F00200000098000000001D00F000AB03F00600000098000000001D00F07B
:2038C0000000000000B403F008000000A0000000001D00F00A00000000AA03F000000000E5
:2038E00098000000001D00F00100000000B403F009000000A0000000001D00F002000000C3
:2039000000B403F00D000000A0000000001D00F00300000000AB03F00A000000A0000000FB
:20392000001D00F00400000000AB03F00B000000A0000000001D00F00500000000AB03F07D
:2039400002000000A0000000001D00F00600000000C103F00A00000090000000001D00F057
:203960000700000000C103F00500000098000000001D00F00800000000AA03F00400000039
:2039800098000000001D00F00900000000AA03F005000000A0000000001E00F000AF03F087
:2039A0000400000000000000001E00F000AF03F00700000001000000001E00F000B503F095
:2039C0000200000002000000001E00F000B503F00300000002000000001E00F000AF03F078
:2039E0000200000004000000001E00F000AD03F00300000098000000001E00F000AF03F0C8
:203A00000500000098000000001E00F000AF03F00600000098000000001E00F000AD03F00D
:203A20000000000098000000001E00F000AD03F00100000098000000001E00F000AF03F0F7
:203A40000300000098000000001E00F000AF03F006000000A8000000001E00F000AF03F0BD
:203A60000800000098000000001E00F00000000000AF03F00200000098000000001E00F04E
:203A80000100000000AE03F00200000098000000001E00F00200000000AE03F00600000033
:203AA00098000000001E00F00300000000AE03F00300000098000000001E00F0050000000E
:203AC00000AF03F00100000098000000001E00F00600000000C103F00D000000A000000036
:203AE000001E00F00700000000B403F00A000000A0000000001E00F00800000000B403F0A3
:203B000006000000A0000000001E00F00900000000B403F003000000A0000000001F00F08F
:203B200000A203F00500000000000000001F00F000A103F00500000002000000001F00F032
:203B400000A103F006000000A0000000001F00F000A203F00600000098000000001F00F0DA
:203B600000AA03F00600000098000000001F00F000A103F007000000A0000000001F00F0B1
:203B800000A203F00700000098000000001F00F00000000000A203F00400000098000000B1
:203BA000001F00F00100000000A203F00000000098000000001F00F00200000000A203F022
:203BC0000100000098000000001F00F00300000000A003F00500000098000000001F00F0FB
:203BE0000300000000A203F00200000098000000001F00F00400000000A003F002000000EB
:203C0000B0000000001F00F00400000000A203F00300000098000000001F00F0050000009D
:203C200000A203F00800000090000000001F00F00600000000A003F0080000009000000017
:203C4000001F00F00700000000A003F00900000090000000001F00F00800000000AA03F06E
:203C60000500000098000000002000F000C103F00D00000000000000002000F000B603F01D
:203C80000100000001000000002000F000B503F00200000002000000002000F000B503F0AE
:203CA0000300000002000000002000F000B603F003000000A0000000002000F000B603F0EA
:203CC0000000000098000000002000F000C103F00C00000098000000002000F000B603F02B
:203CE00000000000A0000000002000F000B603F001000000A0000000002000F000B603F011
:203D00000300000098000000002000F000C103F00B00000098000000002000F00000000091
:203D200000C103F00A00000098000000002000F00100000000C103F00900000098000000C7
:203D4000002000F00200000000C103F00800000098000000002000F00300000000B603F041
:203D60000200000098000000002000F00700000000A203F00100000090000000002000F05C
:203D80000700000000C103F00700000098000000001C00F000000000001D00F001000000AF
:203DA000001E00F002000000001F00F003000000002000F0040000000101020304050606B1
:203DC00008080A0A0C0C0C0F0000003F0000803F0000A03F0000C03F000000400000204010
:203DE000002D31010100001D0500001F0101000017B7513903000000483E01801301230780
:203E0000FF0FFF0F12021121BF0F3F3F011200000F3F000032000000FF0000000000000062
:203E20003F000000000000003F000000000000003F0000003C3E0180443E018000000000C7
:063E40000000000000007C
:123E4800030017B7D138020017B7D138010017B7D138DD
:203E5C00006003F00000000000AF03F00400000000000000006003F00100000000AE03F058
:203E7C000300000000000000006003F00200000000AA03F00200000000000000006003F0DC
:203E9C000200000000A203F00100000001000000006003F00200000000A003F00400000081
:203EBC0002000000006003F00300000000AA03F00300000000000000006003F00300000098
:203EDC0000AE03F00100000001000000006003F00300000000A203F0000000000200000036
:203EFC00006003F00400000000C103F00700000000000000006003F00400000000AF03F09B
:203F1C000500000003000000006003F00500000000AF03F00800000000000000006003F028
:203F3C000600000000B403F00000000000000000006003F00600000000AB03F00A000000B7
:203F5C0003000000006003F00700000000B403F00900000000000000006003F007000000DE
:203F7C0000AF03F00100000002000000001000F000000000001100F001000000001200F07C
:203F9C000200000000020202020202020202030101010102020202020202020202020202D0
:203FBC00020202020204404040404040404040404040404040202020202020202020204097
:203FDC00404040404040888888888888080808080808080808080808080808080808080875
:203FFC00404040404040909090909090101010101010101010101010101010101010101085
:20401C00404040400200000000000000000000000000000000000000000000000000000082
:20403C00000000000000000000000000000000000000000000000000000000000000000064
:20405C00000000000000000000000000000000000000000000000000000000000000000044
:20407C00000000000000000000000000000000000000000000000000000000000000000024
:05409C0000000000001F
:0940A40066696C653A2025730081
:0D40B00066696C653A206D646B2F25730006
:0940C0006C696E653A202564006C
:1940CC000D0A66696C65202573206C696E652025643A2025732E0D0A00C4
:1540E8000D0A66696C65202573206C696E652025642E0D0A009E
:0D410000417373657274206572726F7200F6
:204110004C6F67206D657373616765002E2E2F6C69627261726965732F7A665F636F6D6D06
:204130006F6E2F7A665F636F6D6D6F6E5F6669666F2E63000000000000000000002F0000D8
:2041500000000700070000147F147F1400242A7F2A120062640813230036495522500000B4
:204170000503000000001C224100000041221C000014083E08140008083E0808000000A0B5
:204190006000000808080808000060600000402010080402003E5149453E0000427F4000ED
:2041B000004261514946002141454B31001814127F10002745454539003C4A494930000104
:2041D0007109050300364949493600064949291E00003636000000005636000000081422F1
:2041F000410000141414141400004122140800020151090600324959513E007C1211127C98
:20421000007F49494936003E41414122007F4141221C007F49494941007F09090901003E28
:204230004149497A007F0808087F0000417F4100002040413F01007F08142241007F40402C
:204250004040007F020C027F007F0408107F003E4141413E007F09090906003E4151215E78
:20427000007F091929460046494949310001017F0101003F4040403F001F2040201F003F0E
:204290004038403F00631408146300070870080700615149454300007F41410002040810F1
:2042B0002040000041417F00000402010204004040404040000001020400002054545478A5
:2042D000007F4844443800384444442000384444487F00385454541800087E0901020018A6
:2042F000A4A4A47C007F080404780000447D4000004080847D00007F102844000000417FC2
:204310004000007C04180478007C0804047800384444443800FC242424180018242418FC05
:20433000007C0804040800485454542000043F444020003C4040207C001C2040201C003C42
:204350004030403C004428102844001CA0A0A07C004464544C4414141414141400000000FD
:20437000000000000000000000000000000000F800000000000000333000000000100C06B0
:20439000100C0600000000000000000040C07840C0784000043F04043F040400007088FC35
:2043B00008300000001820FF211E0000F008F000E018000000211C031E211E0000F0088842
:2043D000700000001E2123241927211010160E00000000000000000000000000000000E052
:2043F00018040200000000071820400000020418E00000000040201807000000404080F0A3
:20441000804040000202010F01020200000000F0000000000101011F01010100000000005E
:204430000000000080B07000000000000000000000000000000101010101010100000000C5
:204450000000000000303000000000000000000080601804006018060100000000E0100879
:204470000810E000000F102020100F00001010F8000000000020203F20200000007008085F
:2044900008887000003028242221300000300888884830000018202020110E000000C020E6
:2044B00010F8000000070424243F240000F80888880808000019212020110E0000E01088FD
:2044D00088180000000F112020110E0000380808C83808000000003F00000000007088081E
:2044F00008887000001C222121221C0000E010080810E0000000312222110F00000000C0A9
:20451000C0000000000000303000000000000080000000000000806000000000000080404B
:204530002010080000010204081020004040404040404000040404040404040000081020E0
:20455000408000000020100804020100007048080808F0000000003036010000C030C82845
:20457000E810E0000718272423140B000000C038E0000000203C23020227382008F88888BD
:2045900088700000203F202020110E00C030080808083800071820202010080008F8080846
:2045B0000810E000203F202020100F0008F88888E8081000203F20202320180008F88888FB
:2045D000E8081000203F200003000000C03008080838000007182020221E020008F8080060
:2045F0000008F808203F210101213F20000808F8080800000020203F2020000000000808BA
:20461000F8080800C08080807F00000008F888C028180800203F20012638200008F808002D
:2046300000000000203F20202020300008F8F800F8F80800203F003F003F200008F830C07E
:204650000008F808203F200007183F00E01008080810E0000F10202020100F0008F80808BF
:204670000808F000203F210101010000E01008080810E0000F18242438504F0008F8888859
:2046900088887000203F2000030C302000708808080838000038202121221C00180808F86C
:2046B000080818000000203F2000000008F808000008F808001F202020201F00087888006D
:2046D00000C83808000007380E010000F80800F80008F800033C0700073C030008186880E8
:2046F0008068180820302C03032C30200838C800C83808000000203F2000000010080808ED
:20471000C83808002038262120201800000000FE020202000000007F40404000000C30C04B
:2047300000000000000000010638C00000020202FE000000004040407F0000000000040221
:20475000020204000000000000000000000000000000000080808080808080800002020439
:2047700000000000000000000000000000008080808000000019242222223F2008F80080A7
:2047900080000000003F112020110E000000008080800000000E112020201100000000804A
:2047B0008088F800000E112020103F200000808080800000001F222222221300008080F071
:2047D000888888180020203F202000000000808080808000006B94949493600008F8008040
:2047F00080800000203F210000203F2000809898000000000020203F2020000000000080BB
:204810009898000000C08080807F000008F8000080808000203F24022D302000000808F80F
:20483000000000000020203F202000008080808080808000203F20003F20003F808000808C
:2048500080800000203F210000203F200000808080800000001F202020201F00808000800B
:204870008000000080FFA12020110E000000008080808000000E112020A0FF80808080002B
:204890008080800020203F212000010000008080808080000033242424241900008080E08B
:2048B000808000000000001F202000008080000000808000001F202020103F20808080001B
:2048D0000080808000010E300806010080800080008080800F300C030C300F000080800061
:2048F000808080000020312E0E312000808080000080808080818E701806010000808080AC
:20491000808080000021302C2221300000000000807C020200000000003F40400000000058
:20493000FF00000000000000FF0000000002027C800000000040403F0000000000060101A2
:204950000202040400000000000000002E2E2F6C69627261726965732F7A665F636F6D6DD9
:204970006F6E2F7A665F636F6D6D6F6E5F66756E6374696F6E2E6300696D75363630726242
:134990002073656C6620636865636B206572726F722E00B4
:2049A4002E2E2F6C69627261726965732F7A665F6465766963652F7A665F646576696365EF
:2049C4005F696D7536363072622E63002E2E2F6C69627261726965732F7A665F64657669CA
:1649E40063652F7A665F6465766963655F6970733230302E630049
:1A49FC004D5439563033582073657420636F6E666967206572726F722E003C
:204A18002E2E2F6C69627261726965732F7A665F6465766963652F7A665F6465766963657A
:0B4A38005F6D7439763033782E630018
:1A4A44004D5439563033582067657420636F6E666967206572726F722E00FF
:204A60002E2E2F6C69627261726965732F7A665F6472697665722F7A665F647269766572FA
:074A80005F646D612E63000D
:204A88002E2E2F6C69627261726965732F7A665F6472697665722F7A665F647269766572D2
:0B4AA8005F656E636F6465722E630033
:204AB4002E2E2F6C69627261726965732F7A665F6472697665722F7A665F647269766572A6
:204AD4005F657874692E63002E2E2F6C69627261726965732F7A665F6472697665722F7A2D
:0F4AF400665F6472697665725F70776D2E63001E
:204B040010F800801CF8008028F8008034F8008040F800804CF8008058F8008064F8008001
:204B240070F800807CF8008088F8008094F80080A0F80080ACF80080B8F80080C4F80080E1
:204B4400D0F80080DCF80080E8F80080F4F8008000F900800CF9008018F9008024F90080BD
:204B640030F900803CF9008048F9008054F9008060F900806CF9008078F9008084F9008099
:204B840090F900809CF90080A8F90080B4F90080C0F90080CCF90080D8F90080E4F9008079
:204BA400F0F90080FCF9008008FA008014FA008020FA00802CFA008038FA008044FA008053
:204BC40050FA00805CFA008068FA008074FA008080FA00808CFA008098FA0080A4FA008031
:204BE400B0FA0080BCFA0080C8FA0080D4FA0080E0FA0080ECFA0080F8FA008004FB008010
:204C040010FB00801CFB008028FB008034FB008040FB00804CFB008058FB008064FB0080E8
:204C240070FB00807CFB008088FB008094FB0080A0FB0080ACFB0080B8FB0080C4FB0080C8
:204C4400D0FB0080DCFB0080E8FB0080F4FB008000FC00800CFC008018FC008024FC0080A4
:204C640030FC00803CFC008048FC008054FC008060FC00806CFC008078FC008084FC008080
:204C840090FC00809CFC0080A8FC0080B4FC0080C0FC0080CCFC0080D8FC0080E4FC008060
:204CA400F0FC0080FCFC008008FD008014FD008020FD00802CFD008038FD008042FD00803C
:204CC4004CFD008056FD008060FD00806AFD008074FD00807EFD008088FD008092FD008070
:204CE4009CFD0080A6FD0080B0FD0080BAFD0080C4FD0080CEFD0080D8FD0080E2FD0080D0
:204D0400ECFD0080F6FD008000FE00800AFE008014FE00801EFE00802E2E2F6C69627261EA
:204D2400726965732F7A665F6472697665722F7A665F6472697665725F736F66745F69697C
:204D4400632E63002E2E2F6C69627261726965732F7A665F6472697665722F7A665F6472D5
:0B4D6400697665725F7370692E630052
:204D70002E2E2F6C69627261726965732F7A665F6472697665722F7A665F647269766572E7
:204D90005F756172742E6300913000FFD9FF0C9654FF370F6EF18FFF83813C01913000FF96
:204DB000D9FF28A654FF370F6EF18FFF83F13C019130004FD9440C9602846DFF708702F458
:204DD0006DFF8887913000FFD9FF0C9654FF2E1B8F2800F0960154F0370070088F000100B1
:204DF000A60F74FF8F2800F0960254F0370070088F000100A60F74FF54FFDA00B70F81F02D
:204E1000CDCF20090D00C0040D00C004DA00B70F81F0CD0F04090D00C0040D00C0049100EE
:204E30000000D900000091000080D988000091000090D9990000910000F8D9FF004080FF64
:204E5000CD4FE20F0D00C004910003F8D9FF000E80FFCD0FE20F0D00C004914000F7D9FF35
:204E700080C980FFCD8FE20F0D00C004913000FFD9FF0C9654FF2E1B8F2800F0960154F0E4
:204E9000370070088F000100A60F74FF06288F3840F154F0370070088F000100A60F74FFCA
:204EB00054FF6DFFB6866DFF9684913000FF19FF28A66F1F12008F2220F09601913000FF03
:204ED00019F028A6370070088F002100A60F913000FF59FF28A686228F2240F1913000FFA7
:204EF00019F028A6370070088F002100A60F913000FF59FF28A63C01913000FF19FF28A6EE
:204F10001601DF1FFB7FDA00913000FF59FF18169120884F910003FAD9FF008080F46DFF84
:0E4F30007587910000F8D9FFCEB7DC0F009016
:204F400091000010D91100003B0098F0CD4FE00F0D00C004913000FF19FF10167BD03801A5
:204F600026F07603DA003C248FBF0F01BF10138016FB913000FF19F018160F0FB0F18BFF57
:204F800001F1061F570062FF5E23DA013C02DA003C0FEF4F0400DA013C0B911088FF19FFDF
:204FA000000D370FE2F06E03DA013C02DA003C011E17911000F8D9FFCCF4DC0F3C069110F7
:0A4FC00000F8D9FFF0F4DC0F0090B8
:204FCC00910000F8D9FF84952D0F2000910000F8D9FF96D52D0F2000911000F8D9FF34150D
:204FEC00DC0F0090914000A7D9AA40890D008004914000F7D9FFC00991400027D922C00BAE
:20500C00A004802080FFA2F0DA404BF0114282003C1E80FFB70F1CF08F4F1F1080FFBBF023
:20502C00FF2F0662262F06AFA6F1F606CD81E30F0D00C0043C0274419AD47E05CDC1E30FBC
:20504C000D00C00440F449FF001AC2103F40E3FFDA00744F0D0080040D00C004911000F812
:20506C00D9FF1055DC0F0090914000A7D9AA40890D008004914000F7D9FFC00991400027B6
:20508C00D922C00BA004802080FFA2F0DA404BF0114282003C1E80FFB70F1CF08F4F1F1007
:2050AC0080FFBBF0FF2F0662262F06AFA6F1F606CD81E30F0D00C0043C0274419AD47E0592
:2050CC00CDC1E30F0D00C00440F449FF001AC2103F40E3FFDA00744F0D0080040D00C004AB
:2050EC00911000F8D9FF3835DC0F0090913000FFD9FF0C9654FF370F6EF18FFF83413C018A
:20510C00913000FFD9FF28A654FF370F6EF18FFF83F13C019130004FD9440C966DFF3586F0
:20512C0002F46DFF4A8691100048D944E0736DFFC077DF12038000A0911000F8D9FF10554B
:20514C00DC0F0090911000F8D9FF1C55DC0F0090911000F8D9FFD864DC0F00906DFFDB8874
:02516C000090B1
:20517000007E037094E8008094E8008094E8008094E8008094E80080000000400000000002
:205190000000F04000000000000000000000A0C20000A841E3A51B3DCDCCCC3F0000000000
:2051B0000000000000000000000000000000000000000000000000000000000000000000DF
:2051D0000000000000000000000080BE000000000000000000000000000000000000000081
:2051F0000000000000000000000000008FC2F5BC6F1283BA000050C29A99993EB81E853D2B
:205210000000003F000000000000404100000000000088429A9999BE000000006666C6BF19
:2052300000000000000000000000000017B7D1385EBA493E00004040F4FD14420000000021
:2052500000000000000000000000000000000000000000000000000000000000000000003E
:2052700000000000000000000000000000000000000000000000000000000000000000001E
:20529000000000000000803F0000803F000000000000000000000000000000000000000080
:2052B0000000000000000000000000000000000000000000000000000000000000000000DE
:2052D0000000000000000000000000000000000000000000000000000000803F00000041BE
:2052F0006666E63F6666E63F00000000000000000000000000000000000000000000460076
:20531000000000000000000000000000000000000000000000000000FFFF400100F8F00056
:20533000E401E201E101010000000200000003000000040000000500000006000000070097
:2053500000000800000009000000000000000100000002005E01030032000400BC000500D0
:205370007800060000000700000008003C0009000000000000000100000100000100010146
:0653900001000000000016
:20539800010000000000007070510180040000000100000004000070885101807C010000F2
:2053B8000100000080010070845301800100000001000000840100700453018006000000B6
:2053D800010000008C0100700A5301800200000001000000900100700C53018002000000F3
:2053F80001000000940100700E5301800200000001000000980100701053018004000000B9
:20541800010000009C010070855301800100000001000000A001007086530180010000009F
:2054380001000000A4010070875301800100000001000000A8010070145301800A000000D6
:2054580001000000B40100701E5301800200000001000000B80100702053018002000000FA
:2054780001000000BC010070225301800200000001000000C00100702453018002000000C2
:2054980001000000C4010070265301800200000001000000C801007028530180020000008A
:2054B80001000000CC010070885301800100000001000000D0010070895301800100000099
:2054D80001000000D40100708A5301800100000001000000D80100702A53018002000000C5
:2054F80001000000DC0100702C5301800200000001000000E00100702E53018002000000EE
:2055180001000000E4010070305301800200000001000000E80100703253018002000000B5
:2055380001000000EC010070345301800200000001000000F00100708B5301800100000029
:2055580001000000F4010070365301802400000001000000180200708C53018001000000B3
:20557800010000001C0200705A5301802A0000000100000048020070745101800400000027
:20559800010000004C0200708D5301800100000001000000500200707851018010000000B5
:2055B80001000000600200708E5301800100000001000000640200708F5301800100000062
:2055D80001000000680200709053018001000000010000006C02007091530180050000002A
:2055F800020000007402007000000000B2CB00000200000028CE00700000000002000000C4
:20561800020000002CCE007000000000170000000200000044CE0070000000006500000006
:2056380002000000ACCE007000000000650000000200000014CF00700000000001000000AB
:205658000200000018CF00700000000021580000020000003C270170000000000100000089
:205678000200000040270170000000001600000002000000582701700000000041000000EF
:20569800020000009C270170000000002500000002000000C42701700000000041000000F8
:2056B8000200000008280170000000002500000002000000302801700000000041000000FE
:2056D80002000000742801700000000025000000020000009C280170000000004100000006
:2056F80002000000E02801700000000025000000020000000829017000000000410000000D
:20571800020000004C29017000000000250000000200000074290170000000004100000013
:2057380002000000B8290170000000002500000002000000E029017000000000410000001B
:2057580002000000242A01700000000025000000020000004C2A0170000000004100000021
:2057780002000000902A0170000000002500000002000000B82A0170000000004100000029
:2057980002000000FC2A0170000000002500000002000000242B0170000000004100000030
:2057B80002000000682B0170000000002500000002000000902B0170000000004100000037
:2057D80002000000D42B0170000000002500000002000000FC2B0170000000004000000040
:2057F80002000000002D0170000000004C01000000000000000000000000000000000000A4
:02000004802F4B
:0AE14000911000E8D9EED81ADC0EA9
:0AE16000911000E8D9EEEC1ADC0E75
:0AE18000911000E8D9EEFC0ADC0E55
:0AE1A000911000E8D9EEEC1ADC0E35
:0AE1C000911000E8D9EED03ADC0E11
:0AE1E000911000E8D9EEF42ADC0EDD
:0AE20000911000E8D9EEEC1ADC0ED4
:0AE22000911000E8D9EECA4ADC0EA6
:0AE24000911000E8D9EEEE3ADC0E72
:0AE26000911000E8D9EEEC1ADC0E74
:0AE28000911000E8D9EEC45ADC0E3C
:0AE2A000911000E8D9EEE84ADC0E08
:0AE2C000911000E8D9EEEC1ADC0E14
:0AE2E000911000E8D9EEEC1ADC0EF4
:0AE30000911000E8D9EED85ADC0EA7
:0AE32000911000E8D9EEEC1ADC0EB3
:0AE34000911000E8D9EEEC1ADC0E93
:0AE36000911000E8D9EEF45ADC0E2B
:0AE38000911000E8D9EEEC1ADC0E53
:0AE3A000911000E8D9EEEC1ADC0E33
:0AE3C000911000E8D9EED06ADC0EDF
:0AE3E000911000E8D9EEEC1ADC0EF3
:0AE40000911000E8D9EEEC1ADC0ED2
:0AE42000911000E8D9EEEC6ADC0E62
:0AE44000911000E8D9EEEC1ADC0E92
:0AE46000911000E8D9EEEC1ADC0E72
:0AE48000911000E8D9EEC87ADC0E16
:0AE4A000911000E8D9EEEC1ADC0E32
:0AE4C000911000E8D9EEEC1ADC0E12
:0AE4E000911000E8D9EEFC1ADC0EE2
:0AE50000911000E8D9EEEC1ADC0ED1
:0AE52000911000E8D9EEEC1ADC0EB1
:0AE54000911000E8D9EED82ADC0E95
:0AE64000911000E8D9EE8EE9DC0E1F
:0AE66000911000E8D9EE98CADC0E14
:0AE68000911000E8D9EEBACADC0ED2
:0AE6A000911000E8D9EE9CDADC0EC0
:0AE78000911000E8D9EE9CEADC0ECF
:0AE7A000911000E8D9EE88FADC0EB3
:0AE7C000911000E8D9EEC20ADC0E49
:0AE8C000911000E8D9EEBEDADC0E7C
:0AFB8000911000E8D9EE962EDC0E7D
:0200000480304A
:200000000000000000000000000000000000000000000000000000000000000000000000E0
:200020000000000000000000000000000000000000000000000000000000000000000000C0
:200040000000000000000000000000000000000000000000000000000000000000000000A0
:20006000000000000000000000000000000000000000000000000000000000000000000080
:20008000000000000000000000000000000000000000000000000000000000000000000060
:2000A000000000000000000000000000000000000000000000000000000000000000000040
:2000C000000000000000000000000000000000000000000000000000000000000000000020
:2000E000000000000000000000000000000000000000000000000000000000000000000000
:200100000000000000000000000000000000000000000000000000000000000000000000DF
:200120000000000000000000000000000000000000000000000000000000000000000000BF
:2001400000000000000000000000000000000000000000000000000000000000000000009F
:2001600000000000000000000000000000000000000000000000000000000000000000007F
:2001800000000000000000000000000000000000000000000000000000000000000000005F
:2001A00000000000000000000000000000000000000000000000000000000000000000003F
:2001C00000000000000000000000000000000000000000000000000000000000000000001F
:2001E0000000000000000000000000000000000000000000000000000000000000000000FF
:20022C0085F81001913000FFD9FF189654FF370F6EF18FFF83113C01914000A6D9AA4089C4
:20024C000D0080043B0098F0CD4FE00F0D00C004913000FFD9FF189654FF2E1B8F2100F0E0
:20026C00960154F0370070088F000100A60F74FF8F2100F0960254F0370070088F00010075
:20028C00A60F74FF54FFDA00B70F81F0CDCF20090D00C0040D00C004DA00B70F81F0CD0F72
:2002AC0004090D00C0040D00C004910003F8D9FF000080FFCD4FE20F0D00C004910006F833
:2002CC00D9FF000C80FFCD0FE20F0D00C004914000F6D9FF80C980FFCD8FE20F0D00C0048C
:2002EC00913000FFD9FF189654FF2E1B8F2100F0960154F0370070088F000100A60F74FF2E
:20030C0006218F3140F154F0370070088F000100A60F74FF54FF91000000D90000009100C0
:20032C000010D911000091000080D988000091000090D9990000914000F6D9FFC009914079
:20034C000026D922C00BA004802080FFA2F0DA404BF0114282003C1E80FFB70F1CF08F4F9D
:20036C001F1080FFBBF0FF2F0662262F06AFA6F1F606CD81E30F0D00C0043C0274419AD473
:20038C007E05CDC1E30F0D00C00440F449FF001AC2103F40E3FFDA00744F0D0080040D0079
:2003AC00C0046DE8AA2CBB7071FB9B1F8DF34BF241F04B0F71013C0185FF1001A28F3F0FE6
:2003CC00FDFF9140884F910003FAD9FF208080F46DE81E2D911000F8D9FF3E38DC0F0090F1
:2003EC0085F81001913000FFD9FF249654FF370F6EF18FFF83113C01911000A5D9AA40852C
:20040C000D0080043B0098F0CD4FE00F0D00C004913000FFD9FF249654FF2E1B8F2100F012
:20042C00960154F0370070088F000100A60F74FF8F2100F0960254F0370070088F000100B3
:20044C00A60F74FF54FFDA00B70F81F0CDCF20090D00C0040D00C004DA00B70F81F0CD0FB0
:20046C0004090D00C0040D00C004910003F8D9FF004080FFCD4FE20F0D00C004910006F831
:20048C00D9FF000E80FFCD0FE20F0D00C004911000F5D9FF80C580FFCD8FE20F0D00C004FD
:2004AC00913000FFD9FF249654FF2E1B8F2100F0960154F0370070088F000100A60F74FF60
:2004CC0006218F3140F154F0370070088F000100A60F74FF54FF91000000D90000009100FF
:2004EC000010D911000091000080D988000091000090D9990000911000F5D9FFC00591101D
:20050C000025D922C007A004802080FFA2F0DA404BF0114282003C1E80FFB70F1CF08F4FE0
:20052C001F1080FFBBF0FF2F0662262F06AFA6F1F606CD81E30F0D00C0043C0274419AD4B1
:20054C007E05CDC1E30F0D00C00440F449FF001AC2103F40E3FFDA00744F0D0080040D00B7
:20056C00C0046DE8CA2BBB7071FB9B1F8DF34BF241F04B0F71013C0185FF1001A28F3F0F05
:0E058C00FDFF911000F8D9FF3E38DC0F009003
:02000004805F1B
:0ADBA000911000E8D9EEBC2EDC0E57
:0AFBC000911000E8D9EEA23EDC0E21
:02000004A0005A
:20000000911000F8D9FFC0D4DC0F0090000000000000000000000000000000000000000060
:02000004A0302A
:20020000910003F8D9FF2C80DC0F0090000000000000000000000000000000000000000053
:0C022000910003F8D9FF2CF0DC0F0090D7
:02000004AF400B
:200000007E0059B3000000A0E2E59F801D1A607F00000000000000000000000000000000BA
:200020000000000000000000000000000000000000000000000000000000000000000000C0
:200040000000000000000000000000000000000000000000000000000000000000000000A0
:20006000000000000000000000000000000000000000000000000000000000000000000080
:20008000000000000000000000000000000000000000000000000000000000000000000060
:2000A000000000000000000000000000000000000000000000000000000000000000000040
:2000C000000000000000000000000000000000000000000000000000000000000000000020
:2000E000000000000000000000000000000000000000000000000000000000000000000000
:200100000000000000000000000000000000000000000000000000000000000000000000DF
:200120000000000000000000000000000000000000000000000000000000000000000000BF
:2001400000000000000000000000000000000000000000000000000000000000000000009F
:2001600000000000000000000000000000000000000000000000000000000000000000007F
:2001800000000000000000000000000000000000000000000000000000000000000000005F
:2001A00000000000000000000000000000000000000000000000000000000000000000003F
:2001C00000000000000000000000000000000000000000000000000000000000000000001F
:1401E000000000000000000000000000000000003412214361
:200200007E0059B3000000A0E2E59F801D1A607F00000000000000000000000000000000B8
:200220000000000000000000000000000000000000000000000000000000000000000000BE
:2002400000000000000000000000000000000000000000000000000000000000000000009E
:2002600000000000000000000000000000000000000000000000000000000000000000007E
:2002800000000000000000000000000000000000000000000000000000000000000000005E
:2002A00000000000000000000000000000000000000000000000000000000000000000003E
:2002C00000000000000000000000000000000000000000000000000000000000000000001E
:2002E0000000000000000000000000000000000000000000000000000000000000000000FE
:200300000000000000000000000000000000000000000000000000000000000000000000DD
:200320000000000000000000000000000000000000000000000000000000000000000000BD
:2003400000000000000000000000000000000000000000000000000000000000000000009D
:2003600000000000000000000000000000000000000000000000000000000000000000007D
:2003800000000000000000000000000000000000000000000000000000000000000000005D
:2003A00000000000000000000000000000000000000000000000000000000000000000003D
:2003C00000000000000000000000000000000000000000000000000000000000000000001D
:1403E00000000000000000000000000000000000341221435F
:200400007E0059B3000000A0E2E59F801D1A607F00000000000000000000000000000000B6
:200420000000000000000000000000000000000000000000000000000000000000000000BC
:2004400000000000000000000000000000000000000000000000000000000000000000009C
:2004600000000000000000000000000000000000000000000000000000000000000000007C
:2004800000000000000000000000000000000000000000000000000000000000000000005C
:2004A00000000000000000000000000000000000000000000000000000000000000000003C
:2004C00000000000000000000000000000000000000000000000000000000000000000001C
:2004E0000000000000000000000000000000000000000000000000000000000000000000FC
:200500000000000000000000000000000000000000000000000000000000000000000000DB
:200520000000000000000000000000000000000000000000000000000000000000000000BB
:2005400000000000000000000000000000000000000000000000000000000000000000009B
:2005600000000000000000000000000000000000000000000000000000000000000000007B
:2005800000000000000000000000000000000000000000000000000000000000000000005B
:2005A00000000000000000000000000000000000000000000000000000000000000000003B
:2005C00000000000000000000000000000000000000000000000000000000000000000001B
:1405E00000000000000000000000000000000000341221435D
:200600007E0059B3000000A0E2E59F801D1A607F00000000000000000000000000000000B4
:200620000000000000000000000000000000000000000000000000000000000000000000BA
:2006400000000000000000000000000000000000000000000000000000000000000000009A
:2006600000000000000000000000000000000000000000000000000000000000000000007A
:2006800000000000000000000000000000000000000000000000000000000000000000005A
:2006A00000000000000000000000000000000000000000000000000000000000000000003A
:2006C00000000000000000000000000000000000000000000000000000000000000000001A
:2006E0000000000000000000000000000000000000000000000000000000000000000000FA
:200700000000000000000000000000000000000000000000000000000000000000000000D9
:200720000000000000000000000000000000000000000000000000000000000000000000B9
:20074000000000000000000000000000000000000000000000000000000000000000000099
:20076000000000000000000000000000000000000000000000000000000000000000000079
:20078000000000000000000000000000000000000000000000000000000000000000000059
:2007A000000000000000000000000000000000000000000000000000000000000000000039
:2007C000000000000000000000000000000000000000000000000000000000000000000019
:1407E00000000000000000000000000000000000341221435B
:201000007E0059B3000000A0E2E59F801D1A607F00000000000000000000000000000000AA
:201020000000000000000000000000000000000000000000000000000000000000000000B0
:20104000000000000000000000000000000000000000000000000000000000000000000090
:20106000000000000000000000000000000000000000000000000000000000000000000070
:20108000000000000000000000000000000000000000000000000000000000000000000050
:2010A000000000000000000000000000000000000000000000000000000000000000000030
:2010C000000000000000000000000000000000000000000000000000000000000000000010
:2010E0000000000000000000000000000000000000000000000000000000000000000000F0
:201100000000000000000000000000000000000000000000000000000000000000000000CF
:201120000000000000000000000000000000000000000000000000000000000000000000AF
:2011400000000000000000000000000000000000000000000000000000000000000000008F
:2011600000000000000000000000000000000000000000000000000000000000000000006F
:2011800000000000000000000000000000000000000000000000000000000000000000004F
:2011A00000000000000000000000000000000000000000000000000000000000000000002F
:2011C00000000000000000000000000000000000000000000000000000000000000000000F
:1411E000000000000000000000000000000000003412214351
:201200007E0059B3000000A0E2E59F801D1A607F00000000000000000000000000000000A8
:201220000000000000000000000000000000000000000000000000000000000000000000AE
:2012400000000000000000000000000000000000000000000000000000000000000000008E
:2012600000000000000000000000000000000000000000000000000000000000000000006E
:2012800000000000000000000000000000000000000000000000000000000000000000004E
:2012A00000000000000000000000000000000000000000000000000000000000000000002E
:2012C00000000000000000000000000000000000000000000000000000000000000000000E
:2012E0000000000000000000000000000000000000000000000000000000000000000000EE
:201300000000000000000000000000000000000000000000000000000000000000000000CD
:201320000000000000000000000000000000000000000000000000000000000000000000AD
:2013400000000000000000000000000000000000000000000000000000000000000000008D
:2013600000000000000000000000000000000000000000000000000000000000000000006D
:2013800000000000000000000000000000000000000000000000000000000000000000004D
:2013A00000000000000000000000000000000000000000000000000000000000000000002D
:2013C00000000000000000000000000000000000000000000000000000000000000000000D
:1413E00000000000000000000000000000000000341221434F
:201400007E0059B3000000A0E2E59F801D1A607F00000000000000000000000000000000A6
:201420000000000000000000000000000000000000000000000000000000000000000000AC
:2014400000000000000000000000000000000000000000000000000000000000000000008C
:2014600000000000000000000000000000000000000000000000000000000000000000006C
:2014800000000000000000000000000000000000000000000000000000000000000000004C
:2014A00000000000000000000000000000000000000000000000000000000000000000002C
:2014C00000000000000000000000000000000000000000000000000000000000000000000C
:2014E0000000000000000000000000000000000000000000000000000000000000000000EC
:201500000000000000000000000000000000000000000000000000000000000000000000CB
:201520000000000000000000000000000000000000000000000000000000000000000000AB
:2015400000000000000000000000000000000000000000000000000000000000000000008B
:2015600000000000000000000000000000000000000000000000000000000000000000006B
:2015800000000000000000000000000000000000000000000000000000000000000000004B
:2015A00000000000000000000000000000000000000000000000000000000000000000002B
:2015C00000000000000000000000000000000000000000000000000000000000000000000B
:1415E00000000000000000000000000000000000341221434D
:201600007E0059B3000000A0E2E59F801D1A607F00000000000000000000000000000000A4
:201620000000000000000000000000000000000000000000000000000000000000000000AA
:2016400000000000000000000000000000000000000000000000000000000000000000008A
:2016600000000000000000000000000000000000000000000000000000000000000000006A
:2016800000000000000000000000000000000000000000000000000000000000000000004A
:2016A00000000000000000000000000000000000000000000000000000000000000000002A
:2016C00000000000000000000000000000000000000000000000000000000000000000000A
:2016E0000000000000000000000000000000000000000000000000000000000000000000EA
:201700000000000000000000000000000000000000000000000000000000000000000000C9
:201720000000000000000000000000000000000000000000000000000000000000000000A9
:20174000000000000000000000000000000000000000000000000000000000000000000089
:20176000000000000000000000000000000000000000000000000000000000000000000069
:20178000000000000000000000000000000000000000000000000000000000000000000049
:2017A000000000000000000000000000000000000000000000000000000000000000000029
:2017C000000000000000000000000000000000000000000000000000000000000000000009
:1417E00000000000000000000000000000000000341221434B
:04000005A000000057
:00000001FF
