:0200000480007A
:1200200073646820737468A0036568CA0BC30030009058
:200034004E414E000F05D011174580010B00D0010F00B02142218B0101110F2010006B0591
:20005400002000903256FF0626003B00FEFF3FF617000F6510308B0602601745802600906C
:200074003256FF0618003B00FEFF3FF60F000F6500308B060260174580260090A2F637054E
:20009400C13F0F6510200090A2F682030F6500200090DA207FF60700174580360F640020BC
:2000B4000090A2F682020F64003000906E616E00494E4600696E6600000600F000AE03F05F
:2000D4000100000000000000000600F000AF03F00300000001000000000600F000AE03F0D8
:0800F400000000009000000074
:200100000000000000000000000000000000000000000000000000000000000000000000DF
:200120000000000000000000000000000000000000000000000000000000000000000000BF
:2001400000000000000000000000000000000000000000000000000000000000000000009F
:2001600000000000000000000000000000000000000000000000000000000000000000007F
:2001800000000000000000000000000000000000000000000000000000000000000000005F
:2001A00000000000000000000000000000000000000000000000000000000000000000003F
:2001C00000000000000000000000000000000000000000000000000000000000000000001F
:2001E0000000000000000000000000000000000000000000000000000000000000000000FF
:20020000820C822D3C130757FFCF8755BFDFCE57460546048B1480408B05A050CE77460781
:2002200046068B1680608B07A07082028203820082013A260B2700F26E023C4F0B6430F132
:200240000B7500F20B75A0F26E04024002513C453A640B7500F26E0382123C3F3B0004E0E3
:200260000B6030F10B7100F20B71A0F2DE1087559FFF06116701801F8B1FE00602480259BB
:2002800006156745805F0614C2FE3CEB0284029506F067101F0006F1C21E82087AE86E1DC0
:2002A00087559FFF06116701801F8B1FE0060B60C0A00B71D0B007BB9FFF06156745805F49
:2002C000061406136723803F8B1FE0266E0302A002B1C2183FE8E67F76C7460346028B125B
:2002E00080208B03A030DF2D0B00071DE0FF76F7460146008B1080008B01A01000903B00CA
:20030000034040F440C5007074DF3B00034040C4007061000E00370A6800DA0A4BF0110262
:200320000070610006003BE0024040C4007054DFC21F74DF0070DA0C7FF40B00538420F0F3
:20034000911000F8D9FFFC4210FFD4F23C02A0023C0100902010094F4C18161F3C0182008C
:200360003E0782203E0782405F0F28003C2982023C298202911000F8D9FF30D449FF000A60
:2003800049A2000AA0F404FF242FFC4E913000FF39FF0016160F6E0F82246D00D71D9130BC
:2003A00000FF39FF0016160F10AF14FF4B0F61F14BF251203C013C066D00561C3C0382027E
:2003C0003C013C01009082F282003C17538020F0911000F8D9FFFC4210FFD4FF7D4F0D80FD
:2003E000538020F0911000F8D9FFFC4210FF481F370F48203C04C210BFC0EAFF3C01009000
:20040000404F40F46DFFA8FF09FFD408370F6CF0C21F4B0F41F14BF251203C0100906DFF2C
:20042000D4FF53C220F060FF9140003F30F3D93F101849F2080A3C0100906DFFC6FF53C292
:2004400020F060FF9140003F30F3D9321018B0423C0100906DFFB9FF53C220F060FF91408F
:20046000003F30F3D93210183C010090494F081A3C0554FF345FB015C2F4FF14FCFF02426C
:200480003C0100902010404F0B541088026A89A7080909FF4C18161F78033C0140F46DFF33
:2004A000B1FFC2188B4860F3370F68F074AF8B1A60F3370F68F0780154AF4B0F61F14BF9C9
:2004C00041503BF026F19B3FA8F34BF5413082044B5251004B00716182108F461FF06E0DA1
:2004E0007B0018144B1941104B1251104B0171118F411FF06E023C010269821882074B00AF
:2005000061014B0241F04B0661014B0F51006B0031F582014B1F01F0AE046B0031B53C05EA
:200520006B0031F567FFBFBF4B3B01F016038B0F20F26E028214822D3C39DF2D05808210BD
:20054000821E3C0773D70A004B8011028B1000E03C234B0D61A14BA241A0036D0AC04B0CF3
:2005600061F14BFA51C06B0C31F5820A4BAF01F0AE046B0C31A53C056B0C31F567FFBFAF0E
:200580004BAB01F0370F61F16E0602AB02D8036D0A900207C2107F0EDEFF4B3B01F0160302
:2005A0008B0F20F26E023C09C21DF647736D0AF03BF0FF007FF0C3FF820440F46D0036002C
:2005C00009FFE00837097000370F0CF089FFA00809FFE20837087000370F0CF089FFA208F4
:2005E00009F0560854AFC2FF370F68F037F004F089FF160809F05708580137F004F089FF2D
:20060000170858026E03DA013C02DA0009F0570837F081F389FF170840F409A40C096D0000
:20062000050082123C010090094F4C18374F05F0894F0C18F6493C01094F4F18370FE1F3CC
:200640003C01EEFB3C093C01094F4F18370FE1F33C01DF1FFBFF0090494F041A3C05145FEA
:2006600074FFB015C2F4FF14FCFF02423C0100902008F4A4405DD4DFF44F40F46D00C407AE
:20068000820440F46DFFD2FFDA0009F05A0837F002F089FF1A0809DFC80809F0D408C2FF1D
:2006A000370F70F037F00CF0ACFA09D46C0840F46DFFBCFF09D4040909D54A0809D64D08D1
:2006C00009D74C0840F46DFFDFFE0228820440F46DFFACFF09DF7C086E0382103C0282003F
:2006E000087F370F01F22CF709DF56086E03DA013C02DA0009F05B0837F001F389FF1B084B
:2007000009DF540809F05B0837F081F389FF1B0809DF510809F0590837F083F089FF190815
:2007200009DF530809F05B0837F001F289FF1B0809DF550809F05C0837F004F089FF1C08EC
:2007400009D0580808CF370F02F32CFC09DF590809F0500837F002F389FF100809DF500890
:2007600009F0D80837F003F3ACFC09D05A0808DF8BF0200337006800370F04F02CFD09DF31
:200780005B0809F051088BFF20F3370F68F037F004F089FF110809D05D0808CF370F02F25E
:2007A0002CFC09DF5E0809F0500837F002F289FF100809DF520809F05A0837F002F089FF79
:2007C0001A0809DCA809BD0C7900D4CEBD0E280009C0040809C95D084CE16E2109E4840948
:2007E00009E44808370068506D00620A09E4840909E4480802956D008D0AD4E2DA016E03A0
:2008000082103C0282000C27370F81F22C27D4E20CEC0920460837F002F02C2609CE88094F
:20082000BD0E1E0009C00C0809C95D084CE16E1709E4840909E44808370068506D00380AB4
:2008400009E4840909E4480802956D00630AD4E20CEC0920440837F003F02C2409CE900973
:20086000BD0E150009C5540809C95D0809E4840909E448080CECA6F56D001A0A09E48409E2
:2008800009E4480802956D00450A09CE9809BD0E150009C55C0809C95D0809E4840909E4A0
:2008A00048080CECA6F56D00030A09E4840909E4480802956D002E0A09D46C0840F46DFFF7
:2008C000B5FEDA0089FF001982FF6CFFDA00D4A22C2E09DF6D082E0CDA016E03DA013C0258
:2008E000DA0009F0421837F001F089FF021809DF6D082E1CDA016E03DA013C02DA0009F032
:20090000421837F001F189FF021809DF6D082E2CDA016E03DA013C02DA0009F0431837F051
:2009200001F189FF031809DF6D082E3CDA016E03DA013C02DA0009F0431837F081F189FFA7
:20094000031809DF6D082E4CDA016E03DA013C02DA0009F0431837F001F389FF0318DA007A
:200960002C2DDA002C2C09DF7D082C2FD20089205409DA006C240C2F82003E0482103E040F
:200980003C0682193C063BC000903C0382093C014CDC6E0C09D4B00909D4AE0802956D00D7
:2009A0001B29D4A4894284093C0909D4AE0802956D00FE28D4A4894284094CDE6E0C09D4D0
:2009C000B80909D4B40802956D000629D4A4894288093C0909D4B40802956D00E928D4A44B
:2009E0008942880909D9660809DFE208EE03DF19228040F46DFF23FD09DFE2081420370FE2
:200A000068F037F008F0342F0C21379F83F12C210C2396022C23DA016E03DA013C02DA00E3
:200A200009F0431837F001F289FF03180C2196042C2109DFE008EE03DF19228040F46DFF96
:200A40000BFD09DFE0081420370F68F037F008F0342F0C21379F83F12C210C2396022C2390
:200A6000DA016E03DA013C02DA0009F0431837F081F389FF03180C2196042C2109DFE408BD
:200A80006E2140F46DFFCDFC09DFE4081420370F68F037F008F0342F0C21379F83F12C2172
:200AA0000C2396022C23DA016E03DA013C02DA0009F0421837F001F089FF02180C2196040D
:200AC0002C21DA016E03DA013C02DA0009F0500837F081F089FF1008DA016E0382103C02E5
:200AE000820008CF370F81F02CFC09FF5008960189FF100808CF96012CFC02823C01009040
:200B0000F445DA00894F3C08DA02894F2C08DA01AC447B107EF46C41DA032C4ADA002C4CA4
:200B2000DA032C4DDA00894F1008DA01894F1108DA01894F1208DA00894F1308DA00894F7D
:200B40001608DA00894F1408DA07894F1508DA01894F1808DA01894F1908DA00894F1A0858
:200B6000DA00894F1B08DA00894F1C08DA00894F1D08DA00894F1E08DA00894FA208DA00E5
:200B8000894FA008DA00894FA408DA00894F2608DAFF894F2D08A00FEC4AA00FEC4EA00F34
:200BA000EC4CDA00894FAE08DA00894FB408DA00894F3D080090D44F09FF760816013C01A3
:200BC0006E0909FF7E08960189FF3E080C4E96012C4E09FF7608370F61F13C016E0909FF66
:200BE0007E08960489FF3E080C4E96022C4E09FF7708370F61F13C016E0909FF7F0896049F
:200C000089FF3F080C4E96042C4E09FF7708370FE1F13C016E0909FF7F08960889FF3F0848
:200C20000C4E96082C4E09FF7708370F61F33C016E0909FF7F08964089FF3F080C4E961039
:200C40002C4E0090404F6D00BA25022F02F46D00B624821074F002F46D00D1253C0114FFA2
:200C6000370FE1F0BA0F3C01DF1FFB7F0090404F6D00A525022F02F46D00A12414F0B70075
:200C8000010034F002F46D00BA253C0114FF370FE1F0BA0F3C016EFB0090FF240B00538482
:200CA00020F0911000F8D9FFC08210FFD4F23C02A0023C01009082F282003C17538020F0C3
:200CC000911000F8D9FFC08210FFD4FF7D4F0D80538020F0911000F8D9FFC08210FF481F1A
:200CE000370F48203C04C210BF20EAFF3C01009002486DFFE2FF914000FFD9FF00B8530253
:200D000021F010FF534820F010F23C0100907643DF140980094F6C28375F02F0894F2C2864
:200D20003C42DF240400DF340980094F6C28375F02F1894F2C283C37DF440400DF5409809B
:200D4000094F6C28375F02F2894F2C283C2CDA0C7E48094F6C28375F02F3894F2C283C23DB
:200D6000DA0A3E43DA0D7E48094F6D28375F02F0894F2D283C18DF640400DF740980094FF0
:200D80006D28375F02F1894F2D283C0DDA083E43DA097E48094F6D28375F02F2894F2D280F
:200DA0003C0200A00090404F0B451088026A6D00FE18022B4B8B51406D001B290220820373
:200DC0003C0782224B200102F6023C05C213DA103FF3F9FFDA107FF34B8076A682204B0963
:200DE00011029AF03C029AF9370F700009F1E4083701100089F0A408DA018200820137F174
:200E000001133701011789F138198F7300F182005380201082700F10000009F2301982F460
:200E2000C64026020F1F00F0A6F289F230198F8300F18B0F20F26E0DDA00538F20F0C23F13
:200E400082100FF0000009FF3019A60F89FF301909FF701837AF81F389FF3018DA010F3F47
:200E600000F04B0F61F14BFB51203C0282023C010090094054080C5C8B4FA0F237F001F3FC
:200E8000894F1408094051080C5C37F002F3894F11080090404F024F02586D008818022945
:200EA0004BF951406D00A528022082033C0782224B200102F6023C05C213DA103FF3F9FF05
:200EC000DA107FF33F80C2F83708700009F1D4183701100089F09418820082118202370269
:200EE00001233712012789F238198F7300F182105380201082700F10000009F2301982F43E
:200F0000C64026020F1F00F0A6F289F230198F8300F18B0F20F26E0DDA01538F20F0C23F31
:200F200082100FF0000009FF3019A60F89FF3019DA010F3F00F04B0F61F14BF951203C0291
:200F400082023C010090094054080C5C8B4FA0F237F081F3894F1408094054080C5C37F004
:200F600002F0894F14080090404D405FC86C89DC900914CF370FE1F0BA0F3C01EE0440C4A7
:200F80006DFF77FE09FF5C081E1409FF5D086E5CDA0182100FF000004CC1260F6E03DA01A1
:200FA0003C02DA003C01EE08DA0182100FF000004CC1A60F6CC109FF69086E2248BF6E0508
:200FC000C864C8B56DFFC1FFDA0109F07008532F2010C22182320F1200204CC582F3C632E8
:200FE000262F0F100000A60F6CC5483F370F70F009C0D41837F010F089CF94183C064824DC
:20100000483540C46DFF48FF09FFF80809C0D01837F010F089CF901809FF5D186E1409FFB5
:201020005D08EE1109FF7A0809C0741837F003F189CF341809FF7B0809C0741837F082F233
:2010400089CF34183C0109FF5C086E0709FF5D18EE0409FF5D086E644818820182100F108C
:2010600000004CC126F07603DA013C02DA003C01EE08820082110F0100104CC1A61F6CC17A
:2010800009FF5D186E0B09FF5D08EE08484F6E0609FF7A085E5248483C0109FF60086E31D6
:2010A000489F6E05C864C8956DFFE5FEDA0009F06808532F20F09221DA030F1F00204CC53A
:2010C00082F3C632262F0F100000A60F6CC509FF740809C0701837F081F389CF301809FF31
:2010E00074085E16DA024BF811028BF01F80370870F009C0E40837F010F089CFA4083C08F1
:2011000054F409F6740840C402856DFF4EFE09FFF60809C0E00837F010F089CFA00809FEE4
:20112000A019BD0E2300D4ECBCCF09EF080809C4840909C44808370F68506D00B905D4C47D
:2011400040C56DFF98FE09EC8409BCCF09EF080809C4840909C44808370F68506D00A805E4
:20116000D4C440C56DFFF1FE09FFFE086E2CC86209F07C08DA010F0F00F009203029A6F027
:2011800089203029C86409F47C0809F57D086DFFC0FDC86409F47D086DFFACFD09F04018E0
:2011A00009FFFE081421370F68F037F108F0342F0C21370F83F12C210C2396022C230C2154
:2011C00096042C2109FFC4186E2CC86209F04218DA010F0F00F009203029A6F0892030292A
:2011E000C86409F4421809F543186DFF92FDC86409F443186DFF7EFD09F0461809FFC41872
:201200001421370F68F037F108F0342F0C21370F83F12C210C2396022C230C2196042C211A
:2012200009FFCA186E2CC86209F04818DA010F0F00F009203029A6F089203029C86409F47B
:20124000481809F549186DFF64FDC86409F449186DFF50FD09F04C1809FFCA181421370FFD
:2012600068F037F108F0342F0C21370F83F12C210C2396022C230C2196042C2109FFD01845
:201280006E2CC86209F04E18DA010F0F00F009203029A6F089203029C86409F44E1809F59B
:2012A0004F186DFF36FDC86409F44F186DFF22FD09F0521809FFD0181421370F68F037F1BF
:2012C00008F0342F0C21370F83F12C210C2396022C230C2196042C2109FF5C0889DF140865
:2012E00049FF141A49D2180AA02444FF642FFC4E00902068911000F8D9FFDC6249FF000A3E
:2013000049A2000AC506180044FF642FFC6E49AF000A4942000AC506180044FF642FFC6EFB
:20132000894598090090404F09FF5408DF1F3780C842DA008210820137F101133701011781
:201340008921381909FF6108EE28487F6E1BC842821009FF6008532020008B80001082304F
:201360000F1000000922341982F3C63026020F1F00F0A6F289223419C844C8756DFFE5FDFE
:201380003C0BC842DA008210820137F1811037018114892138193C013C0109FF54086E043C
:2013A00009FF61086E32C842DA018200820137F101133701011789213819486F6E1BC84261
:2013C000820009FF6008532020008B80001082300F1000000922341982F3C63026020F1F63
:2013E00000F0A6F289223419C844C8656DFF43FD3C0BC84FDA018200820137F18110370159
:20140000811489F138193C010090DA000950DA08370F0EF009505C08370F03F809505D088A
:20142000370F81F909505E08370F01FA09505F08370F83FA09506108370F01FE09506008A1
:20144000370F03FC6C4582010950640837010310095065083701811109506608370104145C
:2014600009506B083701011A09506708370103120950680837018113095069083701041687
:2014800009506C083701811A09506A083701041809506D083701011B09506E083701011C47
:2014A00009506F083701811C095F70086E0382203C028200095F71086E03DA013C02DA008F
:2014C000A6F03701021D095F720837F1041E89411009095F0408534F20F0D45FD4FF10FFD5
:2014E00019F0C081095F730837F00102095F0408534F20F0D45FD4FF10FF59F0C081095F68
:2015000006096C42095F0A096C43095F16096C41095F1209744F095F6A086E0A095F6A083E
:201520001E17095F6A081E24095F0E096C460090F4450090404F405CD4C2D42DF4FD09CF45
:2015400004082CF409CF0408530F22F010D2D9220002E822C82440C56DFF59FF820009CF0F
:2015600063086E05DA0137F001083C04DA0137F0810809FF0408534F20F010D25920C08155
:2015800009CFF4086E22D4F209FF0408BC21534F20F060FF9140003F30F3D93F30D83C018F
:2015A00009C0760809CFF40814F1370F68F037F108F034FF081F370F83F12CF1083F96023D
:2015C0002CF3081F96042CF100902038911000F8D9FFD08249FF000A49A2000AA0D644FF63
:2015E000642FFC6E49AF000A4942000AA0D644FF642FFC6EF44500906DFF09FF0090D45FA1
:20160000F44F0090404F6D00DA20022F02F46D00D61F14F0B700010034F002F46D00EF2026
:201620000090404C025809C488090CCC3704685002F46D003D0309C4880909C44C08028562
:201640006D0068030CC482203E0B8230BE018240BE078250BE0D82605F0F23003C29D4CFE7
:2016600009C05008084F370F81F02CF43C22D4CF09C05008084F370F02F22CF43C1AD4CF4F
:2016800009C05008085F370F02F02CF53C12D4CF09C05008085F370F81F12CF53C0AD4CF2E
:2016A00009C05008085F370F81F22CF53C023C010090404C025809C488090CCC37046850AE
:2016C00002F46D00F50209C4880909C44C0802856D0020030CC482203E0B8230BE0182402C
:2016E000BE078250BE0D82605F0F23003C29D4CF09C05008084F370F01F02CF43C22D4CF3D
:2017000009C05008084F370F02F12CF43C1AD4CF09C05008084F370F02F32CF43C12D4CF3B
:2017200009C05008085F370F01F12CF53C0AD4CF09C05008085F370F01F22CF53C023C0182
:201740000090404F6D003B20022F02F46D00371F91A0003030F3D933C04F1430B70001001D
:2017600091A0003030F3D933C04F343002F46D0046200090094F302953242000570F62F00D
:20178000EE0382023C076D0008004B0F61F14BF251203C010090913000FF39FF3006370F81
:2017A00064F2EE0382023C105E186D0000147B0000F44BF241203C0882046D00C7134B0FA3
:2017C00061F14BF251203C013C01009037046800DA084BF00102DA0203F10AF6370F68F0CE
:2017E000DF15068082220FF210203C0482120FF210203C010090404F026F82066DFFE8FFED
:201800006E04681268223C0268120090404F026F82066DFFDDFF6E04684268523C0268427C
:201820000090404F3B0001606DFFD2FF74F20090404F024F0269820602F46DFFC9FF022893
:201840003B0001600BF910486DFFC2FF8F0201F0A6F868680090DA01744F0090804F53048F
:201860002800420F60FF3C0148423C010090BC41DA024BF50102534020F053042100600F56
:201880009140003F30F3D93FF0B810F23C010090804F53042800420F60FF3C0168550090FE
:2018A000804F53042800420F60FF3C0168350090804F53042800420F60FF3C016845009048
:2018C000804F53042800420F60FF3C0168250090804F53042800420F60FF3C01481F375F78
:2018E00002F06CF10090804F53042800420F60FF3C014890DA006CF948BF375F02F06CFBC1
:2019000068907663DA013C02DA0037F001F0767382103C028200370F81F06CF90090804F35
:2019200053042800420F60FF3C01DF15048082103C028200481F370F81F56CF10090404CD5
:20194000405F8218D4F2F4C2084F2CC4084F3B008000E20FD4F2102291F000303023D93D76
:20196000000889CD880909FF05082CC549DE001A89CE8C0909FF53085E1709F405088215CC
:2019800040E46DFF50FF09F405088215821640E46DFF50FF09F4050809F5500840D46DFF70
:2019A000C0FF09F40508086540D46DFF93FF487F6E08C87409F4600809F561086D003101FB
:2019C00009FF56081E1509FF5708DF1F278009F4050809F5580809F6560809F7570840D42A
:2019E0006DFF83FFD4F4084409F505086DFF41FF09F0590809FFDA081421370F68F037F1EF
:201A000008F0342F0C21370F83F12C210C2396022C230C2196042C2109FF53085E1E09F431
:201A20000508482540D46DFF4DFF09F40508483540D46DFF37FF3C0D09F40508482540D44F
:201A40006DFF38FF09F40508483540D46DFF22FF09F405088215820640E46DFFCEFE09F439
:201A600005088215820640E46DFFD2FE09FF54085E1509C48C096DFFF0FE02823C010090F6
:201A8000F445DA002C44DA002C45DA146C42DA0A6C43DA01894F1008DA022C46DA00894F7E
:201AA0001108DA00894F1308DA01894F1408DA00894F1608DA00894F1708DA02894F1808FC
:201AC000DA00894F1908DA00AC4DA00FEC47DA80894F2008DA00894F21080090404F024FD9
:201AE000C83409F40508821502F66DFF86FEC83409F40508821502F66DFF8AFEC8346DFF70
:201B0000ACFE0090404F024FC83409F40508820502F66DFF72FEC83409F40508820502F6C5
:201B20006DFF76FEC8346DFF98FE0090594400C00090194F08C0370F78F04B0F41F1194087
:201B400004C0370078004B0041014B0F51F06D0006004BF241203C01009082046DFF0CFE10
:201B60003C010090404F0B54108840F46DFFE3FF4B8251007B00F8136B0131004B00718112
:201B80004B0861116B0131007B00F0134B1001F0370F61F16E02C2186D00111E022A02A4C9
:201BA0006D000D1DDA00BE90DA013E9EDA023E9CDA033E9ADA043E98DA053E96DA06BE91AE
:201BC000DA07BE9C3C28534920F010F2534920F010FF19FF0CC0378F18F0592F0CC03C1C9F
:201BE000534920F010F2534920F010FF19FF0CC0378F18F0592F0CC03C0F534920F010F27D
:201C0000534920F010FF19FF0CC0378F18F0592F0CC03C023C0102A46D00F11D0090404F48
:201C20000258481F8FDF1F00481F1607534F2020082F0F2F0010DA0F0F2F002091A0012FC3
:201C4000D922E05F534020F01022542F82F0C620260F2621A61F742FC82408CF09F550089D
:201C6000A64502F46D002400C82408C402856D0051000090A00282003C13538020F091106E
:201C800000F8D9FFD01310FF481F7E49538020F0911000F8D9FFD01310FFD4F2C210DA118B
:201CA0007FF00480BD02EB7F3C010090404F0B4510A849FC100A82404B0A01828F3A00F1F1
:201CC000538F20C09140002FD922800C7D2F15806D00751D022F02F46D00711C09F0201928
:201CE00082110FA1101082F2C621261089F0201902F46D00841D534820F010CFDAFF0FCFF9
:201D000000F00FCB10B002F302B249F240080090404F0B4510886D00521D022A02A46D00EB
:201D20004E1C49FF001ADA084BF801028F7800F1534F2040534020F010FFDA0F0F4F00F0CC
:201D40000F49109002F3029249F2400802A46D00561D00902020404CDA084BF401826D008C
:201D6000CD10534920F010A2534920F010CF488F742F09CF500816FFC21F4B0F41F14BF234
:201D80005100534920F010AF14FF163FC21F4B0F41F14BF05100534920F010AF14FF370F62
:201DA00062F39211534920F010AF081F160342F1534920F010AF081F370F62F142F14B01A3
:201DC00041F14BF051203C01009020080248405F3705E8FB8B0F20F26E01820949A6000A89
:201DE000028440F56D003900DA0037F9019014AF37F983900CA137F903920CA237F983937B
:201E00000CA337F903950CA437F983960CA537F90398081FAE63DA003C02DA0137F9819961
:201E2000DA0037F9019A14FFAE53DA003C02DA0137F9819ADA0037F9019B09FFC008370FEF
:201E400066F3C2FF370F70F037F9859B3789049E02923C010090406C82088209DA084BF4CD
:201E60000122094F500816FF9210534320F0104F09FF6008163FC21FE2F0534320F0104F56
:201E800009FF6008370F62F39211534320F0104F09FF6108160342F1534320F0104F09FFC5
:201EA0006108370F62F142F173100AA0B025405D820B3C4E534B20F010DF54FFE2AF4B0F5C
:201EC00061F17B0000044B0F51C0820D820E3C328210532E20F00FF010004B0041F14BFC43
:201EE00051F07B00F0036B00214F6D005420FF922180532E20F00FF210F04B0F41F14BCF0D
:201F000001F016068B0F20F26E09C2F28B0240F3370F689002E8821D3C0FFF820B809A1253
:201F2000C2FF8B0F40F3370F689002E8821D3C04C21EBF8ECFFFF6D382798278532B20F0C5
:201F400010CF2819532B20F010CF34F8C21BBF3BB3FF0090404C405F7641820854CF6E01B1
:201F60006D00CC0F3C0109CF500816FFC21F4B0F41F14BF251F03C017B00F8034BF051303D
:201F800048103B800040821502463700E81BBA016E037B00F8037B00F8134B0151703B0065
:201FA00040929B499794024A3C4D4B0A41014B0341004B0751107B00F0236B0221114B0119
:201FC00031B1DA407FBF05003B0004B03C0973AB0A10FF410400822B3C034EB2821B4B0B33
:201FE00041114B1041006B07311082024B2101F0AE046B0731003C056B0731F067FFBF0F02
:202000004B9001F06F2F1E804B9001F0AE264B9001F0AE036F060580020902A602B56F06C2
:202020001180DA004BF001F0AE27DA004BF001F0370F61F06E03DA003C02DA016E023C0483
:20204000C2FAFF2AB47F3F5409006F0607006F050580025F026502F6DA024BF601229AD2EB
:20206000370F4800C2F5370568F037F80680DA024BF601421A52C2FF370F68F037F80283F3
:202080008E03020F3C02DA0037F802858E0382323C01370268F037F80284088FAE43DA01A5
:2020A0003C02DA0037F80186088FAE33DA003C02DA0137F88186089F370FE1F237F801873A
:2020C00002823C0100907B0000F44BF45180544F6E016D00130F3C01BB0068099B80B10456
:2020E000820182033C1DDA01534320400F4F00F04B0F61F14BF251406B0831F482054B5F1D
:2021000001F0AE046B0831443C056B0831F467FFBF4F4B0401F0AE230B431008C213BF8359
:20212000E4FF02123C0100900248BC416D00E60EDA004BF801F0AE217B0008F44BF841F06B
:202140004BF251004B0031F14B0F41F16B0F31F07B00F0134B1F01F0AE244B0031F13C0405
:202160004B0031F1C21F8B1F40134B0161F14BF251F06B0F31F882004B0F01F0AE084B0186
:2021800061F14BF251F06B0F31583C094B0161F14BF251F06B0F31F867FFBF5F82463C2CB4
:2021A0004B0661F14BF841F04BF251F07B00F0036B0021FF4B0F710173600AF04B0F61F14C
:2021C0004BF251306B0331F882044B4F01F0AE046B0331383C056B0331F867FFBF3F4B5336
:2021E00001F0AE247603023502013705E8FB6E02F6023C06C2163B801FF07F6FD3FFC2F18B
:202200008B0140233C010090FF540B00538420F0911000F8D9FF08D410FFD4F23C02A002BB
:202220003C01009082F282003C17538020F0911000F8D9FF08D410FFD4FF7D4F0D8053804A
:2022400020F0911000F8D9FF08D410FF481F370F48203C04C210BF50EAFF3C010090494F8E
:20226000102A3C0554FFB45FB025C2F4FF14FC7F0090494F102A3C0554FF745FB045C2F4F0
:20228000FF14FC7F0090494F102A3C0554FF345FB015C2F4FF14FC7F0090DA010F4F10F055
:2022A000370F70F009410819765737017008A6F0370110183C083701700882F2C6F2262034
:2022C00037011018766737017000A6F0370110103C083701700082F2C62F26F03701101068
:2022E000894108190090DA084BF40102534120F0104F49FF241A3C06095FC00874FFB025FC
:20230000C2F5FF15FB7F0090DA084BF40102534120F0104F49FF241A3C05545F74FFB045DF
:20232000C2F5FF15FC7F0090DA084BF40102534120F0104F49FF241A3C05145F74FFB0152E
:20234000C2F5FF15FC7F0090094F5418EE047B1000F03C02DA01CC4D094078080F0F10F05D
:202360006CF10090094288093C010090094F5418EE03DA013C037B1000F0CC4D094078089B
:202380000F0F10F06CF10090404F405C406D0248D4FE40E46D00A4050229DF093680ECE26D
:2023A000084F96012CF4E84CA8A8821089F01618E86DA8E848FF6E05C8F240F42D02000096
:2023C00009FF58181E1409FF58185E3540F46D008E093C1A09FF5818DE4209E2A80909E499
:2023E000A809094FD818C2F837087000370F10F0892F981840F46D007A093C06C8AF09E403
:2024000088092D0F000002923C01009082020C44AE04D44F481F6E0282123C01009020107D
:20242000404C405DD4D2D42FF802C8AFF4AFD4DFF4CF0CC4B70F01F02CC409DF640889CF1D
:20244000171809DF650889CF181809DF260989CF1A1909DF2A0989CF1E190CD8370F61F1A8
:20246000D4AF09F0510837F0010389F0110849DF1C0AF8015E1754FFEE05DA0089CF04187A
:202480003C07CCD7481F370F68F089CF041809C04418DA084BF00182534920F0D4A4104F95
:2024A000029440D56DFF58FD022F6CF809C4441849D5080A4CD1D4A402F56DFF88FC022F15
:2024C0006CCC09CF5018DE1309D40409D4A46DFFFCFDD4A4094F682837026800370F03F092
:2024E000894F282849C5081A6D000305821009CF44180FF000008F0001100CD9AE43DA00FA
:202500003C02DA0109C444180F4F10F0D4A4494F081A8F000140A640A6F10203021249F248
:20252000400809CF7308370F64F28F7F00416DFF13FC4B0231F189CF0A09D80154FFEE079F
:20254000A00FECCFA00F89CF80193C47D4FF09F2C80989C2F4090CD9370F61F289CF141805
:202560000CD86F1F2280910000F8D9FF08D2ECCF910000F8D9FF2CD289CF801940C46DFF91
:20258000F7FED801D4FF09D5600809DA6108DA80C82408C4A6F56DFF8BFBC82408C402A50A
:2025A0006DFFB8FB3C1AA00FECCFA00F89CF801909A28409D42F09D5600809DA6108D422D9
:2025C000092F5008C82408C4A6F56DFF71FBC82408C402A56DFF9EFB09DFC808370F66F385
:2025E00089CF1518910000F8D9FF0403ECCA910000F8D9FFD2D2ECCBD80209FF46186E11BD
:202600009110002F09F00518534920F0D4AF10FF49FF241A530022F0102280FF592F0C0264
:2026200082023C010090404C40C46D00171CA00FECC7DA8089CF2008DA0089CF2108A00FD3
:20264000ECC7DA0089CF2008DA0089CF2408DA0289CF250882FF89CF2609DA0089CF2A0941
:2026600000902040404C405DCCD5F80F6D00A718022802846D00A31714FFB70F01F034FF99
:2026800009DF58086E03DA003C02DA0114F037F081F134FF02846D00B218820809D4100981
:2026A00009A4BC096DFF42FD370268F037F80880DA0F37F80485DA0037F8828C09DF5908B4
:2026C0006E03DA013C02DA0037F8818DDA0137F8028FDA0137F8818E68484CD489CF08195C
:2026E000820009DFC6086E043BF01FF03C02DA0037F00900820109DFC408EE0409DF66082F
:202700006E02821137108104820109DFC208EE0409DF66086E0282113710010509DF5B08D2
:2027200037F0020809DF5C0837F0020909DF680837F0020D09DF690837F0020E685009DE2D
:20274000A009BD0E3B00D4EFBCFF0CE409E85508C814088408C5A6F56DFFAAFAC8140884C6
:2027600002856DFFD7FACCE2BCFF0CEC09E85508C814088408C5A6F56DFF9AFAC8140884AE
:2027800002856DFFC7FACCE4BD0F180009EF140809E85508C8140884370F68506DFF88FA3B
:2027A000C814088402856DFFB5FAD4F2D4F40C4408C0370F03F02C24D80FECCAF4CCDA00A9
:2027C0006CC1A00FECC2910000F8D9FF08E2ECC5910000F8D9FF4C02ECC609DF66086E0C42
:2027E000910000F8D9FF98E2ECC7910000F8D9FF8CC2ECC83C0B910000F8D9FFC2B2ECC719
:20280000910000F8D9FFE8A2ECC8910000F8D9FFCA62ECC909DF6608DF0F8C00DA0189CFD4
:20282000061849A4000A9110005F6DFF83F649A4040A49A5000A6DFFCAF609DF250889CF12
:20284000051809CF05182CA8DA0089AF2708DA0189AF3408DA0089AF0A09DA0089AF2A0899
:20286000DA0089AF2F08DA00ACAFDA0089AF2308D80F49FF241A80FF89AF0E09DA0089AF50
:202880002D08DA0189AF3008DA0089AF2108DA0089AF2208DA0089AF20080CD889AF3A08A9
:2028A00009DFC40889AFB80849C4380A49A5040A6DFF42F609DF240889CF041809CF041801
:2028C0002CA8DA0089AF2708DA0189AF3408D80F49FF102A80FF89AF0A09DA0089AF2A081D
:2028E000DA0189AF2F08DA0089AF0E09DA0089AF2D08DA0089AF3008DA00ACAFDA0089AF8D
:202900002108DA0089AF2208DA0089AF2308DA0089AF20080CD889AF3A0809DFC20889AF93
:20292000B80849C42C0A49A5040A6DFF05F63C04DA0089CF0618BBF0FFFFD80F89FF14195C
:2029400009CF46186E4509A4BC096DFF6DFC914000FFD9FF3038534221F010FF3C018210B3
:2029600009DF2508370F70F014F1370F68F037F108F034FF081F370F83F12CF1083F9602C9
:202980002CF3081F96042CF109A4BC096DFF4CFC914000FFD9FF3038534221F010FFB04F50
:2029A0003C01821009DF2408370F70F014F1370F68F037F108F034FF081F370F83F12CF19A
:2029C000083F96022CF3081F96042CF13C6D09DFC4086E2109A4BC096DFF26FC914000FF5F
:2029E000D9FF3038534221F010FF3C0109D0480809DFC40814F1370F68F037F108F034FFD2
:202A0000081F370F83F12CF1083F96022CF3081F96042CF109DFC2086E2209A4BC096DFFBC
:202A200003FC914000FFD9FF3038534221F010FFB04F3C0109D0480809DFC20814F1370F70
:202A400068F037F108F034FF081F370F83F12CF1083F96022CF3081F96042CF109DFC6083B
:202A60006E2309A4BC096DFFDFFB914000FFD9FF3038534221F010FF49FF080A3C0109D0D8
:202A8000480809DFC60814F1370F68F037F108F034FF081F370F83F12CF1083F96022CF33E
:202AA000081F96042CF1D80F09FF5308960189FF13080090404F405C40F46D001B1AE85CDF
:202AC000DA0089FF1808DA0089FF1908DA0089FF1A08DA0089FF1B08DA0089FF1C08DA0088
:202AE00089FF2808DA0089FF2908A002E88282FF89FF240882FF89FF2508DA0089FF260884
:202B0000BB00C2FB9BEFC3F46CF40090911000CF094804186DFF28FC402F530822F010C2F1
:202B2000392F1E02370F61F18B0F2002DF100D80530822F010C2530822F010C4394F1F0214
:202B40009604E92F1F023C01DF00110009FF00196E0609F2801940F42D020000084FB70FCC
:202B600001F02CF4D4F46D004C02530822F010CF39FF1E02370FE1F18B0F20F25E1C530884
:202B800022F010CF530822F010C2392F1F029604E9FF1F023C010090404C40C46DFFE4FB31
:202BA000402F9110005F09C1051809C6A80949F7100A530122F01052392F1E02370FE1F17D
:202BC0008B0F2002DF100D80530122F01052530122F01054394F1F029604E92F1F023C0172
:202BE000DF001A00530122F0105F39FF1E02370F61F18B0F20F25E1C530122F0105F5301C8
:202C000022F01052392F1F029604E9FF1F023C011D00BC0009FF58181E1509FF5818DF3FBD
:202C20002580530122F0105F39FF1E02370F61F18B0F20F25E1C530122F0105F530122F0C9
:202C40001052392F1F029604E9FF1F023C01534120F0105F534120F01052392FC28196024D
:202C6000E9FFC2811D00920009FF5818DF4F2480530122F0105F39FF1E02370F61F18B0FD1
:202C800020F25E1C530122F0105F530122F01052392F1F029604E9FF1F023C01534120F0FE
:202CA000105F534120F01052392FC2819602E9FFC2813C6B530122F01052392F1E02370FF4
:202CC00061F18B0F2002DF100D80530122F01052530122F01054394F1F029604E92F1F025C
:202CE0003C01DF00530088AFBF2F5000530122F01052530122F01054394F1F029604E92F03
:202D00001F02534120F01052534120F01054394FC2819602E92FC281547FEE0C48CF821050
:202D2000370F01F0896F201909FF1A19896F24193C2C48CF8210370F01F0896F201909FF3A
:202D40005518FF9F0A80D47288AF102F09FF7FF8896F24193C1A09F05518DA103F0F0D80ED
:202D600088AFC2FF532F20F0D47F10FF09FFC008896F24193C0A88AFC2FF534F20F0D47F1F
:202D800010FF54FF896F24190090404C09C2A809092FC0188FFF1F813C01BBF0FF0F892027
:202DA000141940C46DFFE0FA402F911000DF6F08070009FF5918960189FF19186F180700D8
:202DC00009FF5918960289FF19186F28070009FF5918960489FF19186F78070009FF591858
:202DE000968089FF19186F38070009FF5918960889FF19186F48070009FF5918961089FF21
:202E000019186F58070009FF5918962089FF19186F68070009FF5918964089FF1918DF08FE
:202E2000110009FF00196E0609F2801940F42D020000084FB70F01F02CF4D4F46D00E100B1
:202E400009CF46186E3109C00418530022F010DF39FF1E02370F61F18B0F20F25E1C5300FB
:202E600022F010DF530022F010D2392F1F029604E9FF1F023C0109C00518530022F010DF67
:202E800039FF1E02370F61F18B0F20F25E1C530022F010DF530022F010D2392F1F0296045E
:202EA000E9FF1F023C010090404F40F46DFF5CFA0925AC0940242D050000484FC21F6CF466
:202EC0000090404F40F46DFF4FFA0925A80940242D050000483FC21F6CF30090DA01494FAB
:202EE0000408EE0382023C0282123C0100900C5109406A2837F001F0894F2A280C52094091
:202F00006A2837F001F1894F2A280C5309406A2837F081F1894F2A280C5409406A2837F07D
:202F200001F2894F2A280C5509406A2837F001F3894F2A280C5609406A2837F081F3894F43
:202F40002A280C5709406B2837F001F3894F2B280090404FD4F2D4220924A80949FC180A7A
:202F6000094F4218370FE3013C0188EF0B0F80F1370F508054CFEE0A82003C0509411029BF
:202F80003C01C2103F80FC7F3C2609F05518FF900B80D4C502846DFF78F9D4C20128002625
:202FA000F4C23C1909F05518DA103F0F0C80D4C502846DFF56F9532820F0D4C21022F4C2F9
:202FC0003C0AD4C502846DFF56F9534820F0D4C21022F4C288EFA28FACFE88EFEE1009FFD9
:202FE00000196E0609F2801940F42D020000084FB70F01F02CF4D4F46D0003000090DA007D
:203000006C4100902008404F49FD100AD4F2D42C09CF4618DF0F7E02911000EF09C4A809E4
:20302000F4A46DFF01F9534221F03C0109C8051809C904184DC0E2FF370FE1F78B0F20A26B
:203040003C010D00400300003C0188AFBF2FE50088AF92F0530822F010E2530822F010E423
:20306000B94F140237007000370F0EF0F92F140209FF5518FF9F10808200530822F010E285
:20308000530822F010E4394F1602370F83F2E92F16023C2109F05518DA103F0F1080821027
:2030A000530822F010E2530822F010E4394F1602370F83F2E92F16023C0E8220530822F06C
:2030C00010E2530822F010E4394F1602370F83F2E92F160254DFEE4049F21A1A802FB70FCD
:2030E0001C007B0000FDFE014DC0E1FF16073C0149F21A1A8020B7000C0AB770030E7B0067
:203100000011E21FA2F03C0449F21A1A8020530822F010E2592008028200821182225308C6
:2031200022F010E219231002370303303713813137230434530822F010E2592310025308FA
:2031400022F010E2530822F010E4394F12029610E92F12023C3A54DFB70F1C007B0000FD99
:203160007E0F4DC0E1FF16073C0154D0B7000C0AB770030E7B000011E21FA2F03C0254D0D1
:20318000530822F010E259200802820082118202530822F010E21923100237030330371350
:2031A000813137230434530822F010E259231002530822F010E2530822F010E4394F120282
:2031C000B70F01F2E92F1202D4A24922241A530822F010E4802F594F0C028200821182028C
:2031E000530822F010E219231002370303323713813337230436530822F010E25923100234
:20320000530822F010E2530822F010E4394F1F029604E92F1F0288A0530922F010E253098E
:2032200022F010E4B94F140237007000370F0EF0F92F140209FF5518FF9F108082005309C0
:2032400022F010E2530922F010E4394F1602370F83F2E92F16023C2109F05518DA103F0F82
:2032600010808210530922F010E2530922F010E4394F1602370F83F2E92F16023C0E8220F3
:20328000530922F010E2530922F010E4394F1602370F83F2E92F1602486FEE4049F21E1A89
:2032A000802FB70F1C007B0000FDFE014DC0E1FF16073C0149F21E1A8020B7000C0AB770B8
:2032C000030E7B000011E21FA2F03C0449F21E1A8020530922F010E259200C02820082116F
:2032E0008222530922F010E219231002370303323713813337230436530922F010E259239F
:203300001002530922F010E2530922F010E4394F12029620E92F12023C3B486FB70F1C004B
:203320007B0000FDFE004DC0E1FF8F7F00013C01486FB70F0CFAB77F031E7B0000F1E2F0C6
:20334000A2013C024861530922F010E259210C02820082118202530922F010E219231002B4
:20336000370303323713813337230436530922F010E259231002530922F010E2530922F090
:2033800010E4394F1202B70F81F2E92F1202530922F010E2530922F010E4394F1F02960433
:2033A000E92F1F02BBF0FFFFD4A4894F14196DFF3BF79140002FD9223038534221F01022D5
:2033C0003C010C2396022C23D4A46DFF2DF79140002FD9223038534221F01022B0423C0128
:2033E0000C2396022C23D4A46DFF1EF79140002FD9223038534221F010224922080A3C01C9
:203400000C2396022C23530922F010E2530922F010E4394F1F029604E92F1F02534920F0AC
:2034200010E2534920F010E4394FC2819601E92FC28188AFBF2F2B00530822F010E2530833
:2034400022F010E4394F1F029604E92F1F02534820F010E2534820F010E4394FC28196014C
:20346000E92FC28109FF5718EE0948CF8200370F01F0D4AF89FF20193C0848CF8210370F3C
:2034800001F0D4AF89FF20193C3F54DFEE0E48CF8210370F01F0D4A2892F201909FF1A19CB
:2034A000D4AF89FF24193C3048CF8210370F01F0D4A2892F201909FF5518FF9F0B80D4D2CD
:2034C00088AF102F09FF7FF8D4AF89FF24193C1C09F05518DA103F0F0E8088AFC2FF532FB1
:2034E00020F0D4DF10FF09FFC008D4AF89FF24193C0B88AFC2FF534F20F0D4DF10FF54FFDC
:20350000D4AF89FF241976A30D0000031D00EE0088AFBF1FEB00D4F2D422092CA80909FF85
:203520007308370F644209CF421816073C018B4F000109FF56185E12C2F088AF7E02C2F0BC
:2035400088AF0B0F80F1370F5080BF18CF0088AF5280A8A088AFEE0382113C02820109FF18
:203560005618DE11BF28100088AF6E0D4DC0E20F3700E1078B0020923C010D00400300005E
:203580003C013C084DC0E20F3700E1078B0020923C0109FF5618DE14820089F0161809FF7A
:2035A0005718EE0848CF8200370F01F089CF20193C0748CF8210370F01F089CF201954DF5E
:2035C000EE1E09F01A19DF01130082013C0489C02419C2119AF83FF1FC7F48CF8211371F67
:2035E00001F089CF201989C024193C08DA003C0489C02419C21F3F8FFD7F3C7409FF55188F
:20360000FF9F2480DF011800BF280800D4D59AF840C402F56DFF8AF648CF8210370F01F07F
:2036200089CF2019D4DF01F800F609FF7FF889CF24193C06D4D540C402856DFF77F6D4DF41
:2036400001F800F6F4DF3C4E09F05518DA103F0F2780DF011A00BF280800D4D59AF840C4B1
:2036600002F56DFF42F648CF8210370F01F089CF2019C2F8532820F0D4DF10FF09FFC00867
:2036800089CF24193C0BD4D540C402856DFF2DF6532820F0D4DF10FFF4DF3C24DF01190012
:2036A000BF280800D4D59AF840C402F56DFF2EF648CF8210370F01F089CF2019C2F853488F
:2036C00020F0D4DF10FF54FF89CF24193C0BD4D540C402856DFF1AF6534820F0D4DF10FFCC
:2036E000F4DF76930D00000300902008404D49DF100AD4D2D42C8CDA82404B0F0102F6181E
:203700008CDA82404B0F0102370068F03C088CDA82404B0F0102370068F0C21F370F68802E
:2037200009DF58189E4B8CDA3B0001004B0F0102F6198CDA3B0001004B0F0102370068F0AC
:203740003C098CDA3B0001004B0F0102370068F0C21F42F8C2F83708688009CF4618DF0F76
:203760002102911000EF09C4A809F4A46DFF5CF5534221F03C0109C9051809CA04184DC0F5
:20378000E2FF370FE1F78B0F20B23C010D00400300003C01530922F010E2530922F010E432
:2037A000B940140237800E00F92014028220530922F010E2530922F010E4394F1602370FBC
:2037C00083F2E92F160254FFB70F1C007B0000FD7E0F4DC0E1FF16073C0154F0B7000C0AB2
:2037E000B770030E7B000011E21FA2F03C0254F0530922F010EF59F0080282008211820297
:20380000530922F010EF19F31002370303303713813137230434530922F010EF59F3100257
:20382000530922F010EF530922F010E2392F1202B70F01F2E9FF120209DF58189E4DD4AFC4
:2038400049FF1C1A530922F010E280FF592F0C02820082118202530922F010EF19F3100251
:20386000370303323713813337230436530922F010EF59F31002530922F010EF530922F0A1
:2038800010E2392F1F029604E9FF1F028CDA82404B0F0102F6188CDA82404B0F01023700BB
:2038A00068003C088CDA82404B0F010237006800C210530A22F010EF530A22F010E2B92FAF
:2038C000140237007000370F0EF0F9FF14028220530A22F010EF530A22F010E2392F1602E8
:2038E000370F83F2E9FF16024CD6EE4049DF1E1A80FFB70F1C007B0000FDFE014DC0E1FF98
:2039000016073C0149DF1E1A80F0B7000C0AB770030E7B000011E21FA2F03C0449DF1E1AB9
:2039200080F0530A22F010EF59F00C02820082118222530A22F010EF19F31002370303329E
:203940003713813337230436530A22F010EF59F31002530A22F010EF530A22F010E2392FD2
:2039600012029620E9FF12023C3C4CD6B70F1C007B0000FDFE004DC0E1FF8F7F00013C0156
:203980004CD6B70F0CFAB77F031E7B0000F1E2F0A2013C0309D11809530A22F010EF59F10F
:2039A0000C02820082118202530A22F010EF19F31002370303323713813337230436530A76
:2039C00022F010EF59F31002530A22F010EF530A22F010E2392F1202B70F81F2E9FF1202F8
:2039E000530A22F010EF530A22F010E2392F1F029604E9FF1F02BBF0FFFFD4A4894F1419A6
:203A00006DFF12F4914000FFD9FF3038534221F010FF3C01083F96022CF3D4A46DFF04F458
:203A2000914000FFD9FF3038534221F010FFB04F3C01083F96022CF3D4A46DFFF5F39140EA
:203A400000FFD9FF3038534221F010FF49FF080A3C01083F96022CF3530A22F010EF530A12
:203A600022F010E2392F1F029604E9FF1F02534A20F010EF534A20F010E2392FC281960189
:203A8000E9FFC28109DF5818DF3F308009D09408DA103FF00A0009D0F208DA0F37F085F3E2
:203AA00089DFB2083C0B09D0F2088CDAC2FF370F70F037F085F389DFB20809D09408DA10DD
:203AC0003FF0090009DF7008B70F01F089DF30083C0609DF7008960189DF300809DF7208BC
:203AE000964089DF32083C3709DF5818DF1F248009D09408DA103FF00A0009D0F208DA0F8D
:203B000037F085F389DFB2083C0B09D0F2088CDAC2FF370F70F037F085F389DFB20809DF54
:203B20007008960189DF300809DF7208964089DF32083C1109DF7008960189DF300809DF30
:203B40007208964089DF320809DFF208B70F85F389DFB208530922F010EF530922F010E264
:203B6000392F1F029604E9FF1F02534920F010EF534920F010E2392FC2819601E9FFC28163
:203B800009DF58181E464CDCD4AF89FF1C193C054CDCD4AF89FF201976B30D0000033C01DE
:203BA0000090534420F0911000F8D9FF00E410FF54F1404CB04C913000FFD9FF000691303E
:203BC000002F392F1B06370F62F3EE06BB00C2FB9BEFCBF43C1A9130002F392F1B06370FC8
:203BE00062F35E16BB0068F99B8FB9F43C0E9130002F392F1B06370F62F35E26BB0068F90B
:203C00009B8FB9F43C02DA003C0109F059083700E700C2104B0041014B0F410009FF5B089B
:203C20001607C21F4B0F41F14BF051F07B802C044B0151007B0000144B104100BB00A01B15
:203C40009BB1A5144B1F51F04BF041F0744F544F7B0020047B00F0136B0F61416D00C91162
:203C6000B4C2009020108208911000F8D9FF30D449FF000A49A2000AA0F404FF242FFC4E94
:203C8000913000FF39FF0116370F62F282103E048220BE073C1C82146D005801913000FFCC
:203CA00039FF0116160F6E0C913000FF39FF0116160F10AF14FF4B0F61F14BF251803C0812
:203CC000BB0068899B88B9843C013C023C0102823C01009002486D00B2018200DA003E8645
:203CE000DA013E89DA023E8C3C10913000FF19F000263C0D913000FF19F004263C08913000
:203D000000FF19F008263C0382023C01760B8B0004F14B0F61F17B0028044B0F51F04BF241
:203D200041203C010090913000FFD9FF00069130002F392F1B06370F62F3EE06BB00C2FB37
:203D40009BEFCBF43C1A9130002F392F1B06370F62F35E16BB0068F99B8FB9F43C0E91303E
:203D6000002F392F1B06370F62F35E26BB0068F99B8FB9F43C02DA003C0109F06908370083
:203D8000E700C2104B0041014B0F411009FF6B081607921009FF6C081607C21FE2F04B0061
:203DA00041F14BF151203C010090913000FFD9FF00069130002F392F1B06370F62F3EE06B1
:203DC000BB00C2FB9BEFCBF43C1A9130002F392F1B06370F62F35E16BB0068F99B8FB9F451
:203DE0003C0E9130002F392F1B06370F62F35E26BB0068F99B8FB9F43C02DA003C0109F0A0
:203E000068086F001F8009F069083700E700C2104B0041014B0F411009FF6B081607921058
:203E200009FF6D081607C21FE2F04B0041F1BBD0CC0C9BC0FC034B0F41F04BF151203C196E
:203E400009F069083700E700C2104B0041014B0F411009FF6B081607921009FF6D081607FC
:203E6000C21FE2F0532020F04B0F41F14BF151203C010090913000FFD9FF00069130002F78
:203E8000392F1B06370F62F3EE06BB00C2FB9BEFCBF43C1A9130002F392F1B06370F62F3DF
:203EA0005E16BB0068F99B8FB9F43C0E9130002F392F1B06370F62F35E26BB0068F99B8F73
:203EC000B9F43C02DA003C0109F059083700E700C2104B0041014B0F411009FF5C081607D5
:203EE000921009FF5B081607C21FE2F04B0041F14BF151203C01009082088202913000FF20
:203F000039FF3706370F62F282103E0482203E063C0982146D001A003C0682246D0016000B
:203F20003C023C01913000FF39FF3706160F6E0A913000FF39FF3706160F4B0F41F14BF211
:203F4000518002823C010090913000FF39FF3306370F62F282003E0482103E083C23BB00BE
:203F6000C22B9BE2CB243C013C1FDA003E46DA013E47DA02BE413C136DFF7EFF3C126DFFC5
:203F8000D4FE913000FF39FF3406AE757B0000F44BF251203C066DFF0AFF3C0382023C0126
:203FA0003C0382023C013C01009082046DFFCEFF913000FF39FF3106370F6302DA003E0E75
:203FC000DA015F0F2400DA025F0F2600DA035F0F2800DA045F0F2A003C2D913000FF39FFBA
:203FE0003206160F6E07913000FF39FF3206160F5E1382023C0A913000FF39FF3206160F0A
:204000004B0F41F14BF251203C177B001FF44BF251203C127B0027F44BF251203C0D7B0081
:204020002FF44BF251203C087B0037F44BF251203C0382023C013C01009082046DFF86FFD3
:20404000913000FF39FF3106370F6302DA003E0CDA01BE0CDA02BE0FDA035F0F2200DA04C9
:204060005F0F24003C27913000FF39FF3106160FEE0382023C0A913000FF39FF3106160FE8
:204080004B0F41F14BF251203C177B001FF44BF251203C127B0027F44BF251203C0D7B0001
:2040A0002FF44BF251203C087B0037F44BF251203C0382023C013C010090404F82029130F6
:2040C000002FD92228A6542F370F6EF18FFF83113C019130002F192F28A66F1F12008F210B
:2040E00020F096019130002F192028A6370070088F002100A60F9130002F592F28A68F2118
:2041000020F096029130002F192028A6370070088F002100A60F9130002F592F28A63C0169
:204120009130002F192F28A61601DF1FFB7F3B0000013C05C2F04E0382123C089130002FA2
:20414000392F3306370FE1F3EEF69130002F192F30068200370F02FE8210370F01FF9130F1
:20416000002F592F30063B0000013C05C2F04E0382123C089130002F392F3306370FE1F34F
:20418000EEF6DABC9130002F592FB4069130002F192FA0563B20FE0F260F9130002F592F30
:2041A000A0569130002F192FA4563B20FE0F260F9130002F592FA4569130002F192FA85692
:2041C0003B20FE0F260F9130002F592FA856DA009130002F592FB4069130002F392F1A0648
:2041E000B70F01F09130002FE92F1A069130002F392F2A06B70F01F09130002FE92F2A0669
:204200003B0000F33C05C2FF4EF382123C0D9130002F392014066F10F87F9130002F3920AE
:2042200024066F10F27F084F1E13084FDE289130002F192F10068200370F82F254F03B90E6
:20424000D03306634B3011428B141F0037006800370F05F89130002F592F10069130002F06
:2042600019201806086F37F0030C087F37F08704084F37F0020F9130002F5920180691302A
:20428000002F1920280608EF37F0010008AF37F0030C08BF37F087049130002F592028066C
:2042A0009130002F392F1A0696019130002FE92F1A069130002F392F2A0696019130002FB8
:2042C000E92F2A063B0000F33C05C2FF4EF382123C119130002F392014063700E100DF10DA
:2042E000F67F9130002F392024063700E100DF10EE7F3B0000063C05C2F04E0382123C16F7
:204300009130002F392F1406370FE1F26EF69130002F392F2406370FE1F26EEF9130002FC6
:20432000392F2406370F61F26EE89130002F39201C06088F37F003F09130002FE92F1C06B6
:204340009130002F19202C0608CF37F0030008DF37F003049130002F59202C063B00000610
:204360003C05C2F04E0382123C169130002F392F1406370FE1F26EF69130002F392F2406A2
:20438000370FE1F26EEF9130002F392F2406370F61F26EE83BF0490206503C05C2F04E0326
:2043A00082123C0C9130002F392F1006AE179130002F392F11066F0FF37F9130002F392F37
:2043C0001A0696049130002FE92F1A069130002F392F2A0696049130002FE92F2A063B0066
:2043E00000F33C05C2FF4EF382123C0D9130002F392014066F20F87F9130002F39202406CE
:204400006F20F27FDABC9130002F592FB406DA059130002F592FA006DA1D9130002F592F68
:20442000A076DA009130002F592FB4069130002F19203006DA0137F0020EDA0137F0010FD7
:204440003B0000313C05C2F34E3382123C089130002F392F3306370FE1F3EEF69130002F22
:20446000592030063B0000013C05C2F04E0382123C089130002F392F3306370FE1F3EEF6A6
:204480009130002F192F28A66F1F12008F2120F096019130002F192028A6370070088F00EA
:2044A0002100A60F9130002F592F28A686218F3140F19130002F192028A6370070088F0013
:2044C0002100A60F9130002F592F28A63C019130002F192F28A66F0FFC7F022F3C01EE0523
:2044E00009F498196D008502DF0FCF8149F21C0A82029130004FD94428A6544F370F6EF1B4
:204500008FFF83113C019130004F194F28A66F1F12008F2120F096019130004F194028A6C8
:20452000370070088F002100A60F9130004F594F28A68F2120F096029130004F194028A652
:20454000370070088F002100A60F9130004F594F28A63C019130004F194F28A61601DF1F29
:20456000FB7F9130004F19403006488F82F3C63F26F0488F5423263FA6F03B0000313C05C5
:20458000C2F34E3382123C089130002F392F3306370FE1F3EEF69130002F592030063B00A4
:2045A00000013C05C2F04E0382123C089130002F392F3306370FE1F3EEF69130002F192026
:2045C0003406370062F2EE07370062FAEE04370062FE6E369130002F1920340648AF82F392
:2045E000C63F26F048AF4893263FA6F0DA0037F00202DA0037F0020ADA0037F0020E3B0075
:2046000000313C05C2F34E3382123C089130002F392F3706370FE1F3EEF69130002F59201E
:2046200034063B0000013C05C2F04E0382123C089130002F392F3706370FE1F3EEF6913094
:20464000002F1920340648AF82F3C63F26F048AF4893263FA6F03B0000313C05C2F34E3381
:2046600082123C089130002F392F3706370FE1F3EEF69130002F592034063B0000013C05AF
:20468000C2F04E0382123C089130002F392F3706370FE1F3EEF69130002F192F0016370F18
:2046A00062F66E309130002F1920001648CF82F3C63F26F048CF48B3263FA6F0DA0037F010
:2046C00002063B0000313C05C2F34E3382123C089130002F392F0316370FE1F3EEF69130E7
:2046E000002F592000163B0000013C05C2F04E0382123C089130002F392F0316370FE1F319
:20470000EEF69130002F1920001648CF82F3C63F26F048CF48B3263FA6F03B0000313C0515
:20472000C2F34E3382123C089130002F392F0316370FE1F3EEF69130002F592000163B0042
:2047400000013C05C2F04E0382123C089130002F392F0316370FE1F3EEF69130002F1920A4
:204760000C1648EF82F3C63F26F048EF48D3263FA6F0DA0137F0010F3B0000313C05C2F38F
:204780004E3382123C089130002F392F0F16370FE1F3EEF69130002F59200C163B0000017E
:2047A0003C05C2F04E0382123C089130002F392F0F16370FE1F3EEF69130002F1920002613
:2047C00009FF001982F3C63F26F009F3001948FF26F3A6309130002F592000269130002F5E
:2047E000192F042609F0081982F3C630260F09F0081909F304192630A60F9130002F592FD7
:2048000004269130002F192F082609F0101982F3C630260F09F0101909F30C192630A60FF8
:204820009130002F592F08269130002F192F28A66F1F12008F2120F096019130002F1920AC
:2048400028A6370070088F002100A60F9130002F592F28A686218F3140F19130002F19206F
:2048600028A6370070088F002100A60F9130002F592F28A63C019130002F192F28A66F0F4F
:20488000FC7F022F3C01DF0FB18049FC140A82089130002FD92228A6542F370F6EF18FFFB4
:2048A00083A13C0182091D009C009130002F192F28A66F1F12008F2A20F096019130002F5D
:2048C000192028A6370070088F002100A60F9130002F592F28A68F2A20F096029130002F26
:2048E000192028A6370070088F002100A60F9130002F592F28A63C019130002F192F28A614
:204900001601DF1FFB7F3B0000063C05C2F04E0382183C089130002F392F1406370FE1F21A
:204920006EF69130002F39201C06536920F0C8621022142F37F003F09130002FE92F1C06F9
:204940009130002F192F28A66F1F12008F2A20F096019130002F192028A6370070088F001C
:204960002100A60F9130002F592F28A68F2A20F096039130002F192028A6370070088F0084
:204980002100A60F9130002F592F28A63C019130002F192F28A66F0FFC7F536920F0C862C9
:2049A0001022092B020982046DFFD0FA9130002F392F3006160F4B0F41F14BF251F03C01D0
:2049C0004BBF41F04B0F71F185F110013C0185F01001A2103FF0FDFFC2193709689014CFC3
:2049E0003FF965FF028F3C0102F23C0100902008144F09444108DF1F298049A4000A6DFF61
:204A0000D2F86D00F006022F02F46D000006913000FF19F1200609A0C408BB00402FA6207A
:204A200037011010913000FF59F12006913000FF19F01806821137100101913000FF59F022
:204A4000180602F46D0002070090DA018B0401000F0F10F0913000FF59FF248600908FF4DE
:204A60003F10913000FFD9FF28A654FF370F6EF18FFF83213C01913000FF19FF28A66F1FE6
:204A800012008F2220F09601913000FF19F028A6370070088F002100A60F913000FF59FFE9
:204AA00028A68F2220F09602913000FF19F028A6370070088F002100A60F913000FF59FF0C
:204AC00028A63C01913000FF19FF28A61601DF1FFB7F6F041500913000FFD9FF108653414C
:204AE00020F010F2913000FFD9FF1086534120F010FF083F375F03F22C233C13913000FF93
:204B0000D9FF1086534120F010F2913000FFD9FF1086534120F010FF081F375F03F22C21A1
:204B2000913000FF19FF28A66F1F12008F2220F09601913000FF19F028A6370070088F0002
:204B40002100A60F913000FF59FF28A686228F3240F1913000FF19F028A6370070088F002A
:204B60002100A60F913000FF59FF28A63C01913000FF19FF28A66F0FFC7F00908FF43F103B
:204B8000913000FFD9FF28A654FF370F6EF18FFF83213C01913000FF19FF28A66F1F120002
:204BA0008F2220F09601913000FF19F028A6370070088F002100A60F913000FF59FF28A60C
:204BC0008F2220F09602913000FF19F028A6370070088F002100A60F913000FF59FF28A6EB
:204BE0003C01913000FF19FF28A61601DF1FFB7F6F041500913000FFD9FF1086534120F0E9
:204C000010F2913000FFD9FF1086534120F010FF083FB70F01F02C233C13913000FFD9FF7D
:204C20001086534120F010F2913000FFD9FF1086534120F010FF081FB70F01F02C2191306B
:204C400000FF19FF28A66F1F12008F2220F09601913000FF19F028A6370070088F00210081
:204C6000A60F913000FF59FF28A686228F3240F1913000FF19F028A6370070088F00210009
:204C8000A60F913000FF59FF28A63C01913000FF19FF28A66F0FFC7F00908FF43F1091307A
:204CA00000FFD9FF28A654FF370F6EF18FFF83213C01913000FF19FF28A66F1F12008F22F1
:204CC00020F09601913000FF19F028A6370070088F002100A60F913000FF59FF28A68F22EB
:204CE00020F09602913000FF19F028A6370070088F002100A60F913000FF59FF28A63C013E
:204D0000913000FF19FF28A61601DF1FFB7F6F041500913000FFD9FF1086534120F010F202
:204D2000913000FFD9FF1086534120F010FF083FB70F81F02C233C13913000FFD9FF108648
:204D4000534120F010F2913000FFD9FF1086534120F010FF081FB70F81F02C21913000FF61
:204D600019FF28A66F1F12008F2220F09601913000FF19F028A6370070088F002100A60FAA
:204D8000913000FF59FF28A686228F3240F1913000FF19F028A6370070088F002100A60FE8
:204DA000913000FF59FF28A63C01913000FF19FF28A66F0FFC7F00908FF43F10913000FF0F
:204DC000D9FF28A654FF370F6EF18FFF83213C01913000FF19FF28A66F1F12008F2220F0BF
:204DE0009601913000FF19F028A6370070088F002100A60F913000FF59FF28A68F2220F0CA
:204E00009602913000FF19F028A6370070088F002100A60F913000FF59FF28A63C0191306B
:204E200000FF19FF28A61601DF1FFB7F6F041400913000FFD9FF1086534120F010F29130E2
:204E400000FFD9FF1086534120F010FF083F96012C233C12913000FFD9FF1086534120F0E5
:204E600010F2913000FFD9FF1086534120F010FF081F96012C21913000FF19FF28A66F1F10
:204E800012008F2220F09601913000FF19F028A6370070088F002100A60F913000FF59FFE5
:204EA00028A686228F3240F1913000FF19F028A6370070088F002100A60F913000FF59FFC7
:204EC00028A63C01913000FF19FF28A66F0FFC7F00908FF43F10913000FFD9FF28A654FF0D
:204EE000370F6EF18FFF83213C01913000FF19FF28A66F1F12008F2220F09601913000FF40
:204F000019F028A6370070088F002100A60F913000FF59FF28A68F2220F09602913000FFA7
:204F200019F028A6370070088F002100A60F913000FF59FF28A63C01913000FF19FF28A6BD
:204F40001601DF1FFB7F6F041400913000FFD9FF2C86534120F010F2913000FFD9FF2C8601
:204F6000534120F010FF083F96202C233C12913000FFD9FF2C86534120F010F2913000FF34
:204F8000D9FF2C86534120F010FF081F96202C21913000FF19FF28A66F1F12008F2220F0A3
:204FA0009601913000FF19F028A6370070088F002100A60F913000FF59FF28A686228F3260
:204FC00040F1913000FF19F028A6370070088F002100A60F913000FF59FF28A63C01913011
:204FE00000FF19FF28A66F0FFC7F00908FF43F10913000FFD9FF28A654FF370F6EF18FFF85
:2050000083213C01913000FF19FF28A66F1F12008F2220F09601913000FF19F028A6370043
:2050200070088F002100A60F913000FF59FF28A68F2220F09602913000FF19F028A6370086
:2050400070088F002100A60F913000FF59FF28A63C01913000FF19FF28A61601DF1FFB7F1B
:205060006F041400913000FFD9FF1086534120F010F2913000FFD9FF1086534120F010FFF4
:20508000083F96022C233C12913000FFD9FF1086534120F010F2913000FFD9FF10865341FE
:2050A00020F010FF081F96022C21913000FF19FF28A66F1F12008F2220F09601913000FF67
:2050C00019F028A6370070088F002100A60F913000FF59FF28A686228F3240F1913000FFA5
:2050E00019F028A6370070088F002100A60F913000FF59FF28A63C01913000FF19FF28A6FC
:205100006F0FFC7F00908FF43F10913000FFD9FF28A654FF370F6EF18FFF83213C019130A6
:2051200000FF19FF28A66F1F12008F2220F09601913000FF19F028A6370070088F0021009C
:20514000A60F913000FF59FF28A68F2220F09602913000FF19F028A6370070088F00210065
:20516000A60F913000FF59FF28A63C01913000FF19FF28A61601DF1FFB7F6F0414009130DA
:2051800000FFD9FF1086534120F010F2913000FFD9FF1086534120F010FF083F96082C23E7
:2051A0003C12913000FFD9FF1086534120F010F2913000FFD9FF1086534120F010FF081FC5
:2051C00096082C21913000FF19FF28A66F1F12008F2220F09601913000FF19F028A6370078
:2051E00070088F002100A60F913000FF59FF28A686228F3240F1913000FF19F028A6370084
:2052000070088F002100A60F913000FF59FF28A63C01913000FF19FF28A66F0FFC7F00905F
:20522000DA010F4F00F0913000FF19F0208626F0760382123C0282023C0100908FF43F1052
:20524000913000FFD9FF28A654FF370F6EF18FFF83213C01913000FF19FF28A66F1F12003B
:205260008F2220F09601913000FF19F028A6370070088F002100A60F913000FF59FF28A645
:205280008F2220F09602913000FF19F028A6370070088F002100A60F913000FF59FF28A624
:2052A0003C01913000FF19FF28A61601DF1FFB7F6F041500913000FFD9FF1086534120F022
:2052C00010F2913000FFD9FF1086534120F010FF082F375F03F22C223C13913000FFD9FFF4
:2052E0001086534120F010FF9130002FD9221086534120F01022142F375F03F234FF91304C
:2053000000FF19FF28A66F1F12008F2220F09601913000FF19F028A6370070088F002100BA
:20532000A60F913000FF59FF28A686228F3240F1913000FF19F028A6370070088F00210042
:20534000A60F913000FF59FF28A63C01913000FF19FF28A66F0FFC7F0090024102629130DE
:2053600000FFD9FF28A654FF370F6EF18FFF83313C01913000FF19FF28A66F1F12008F2319
:2053800020F09601913000FF19F028A6370070088F002100A60F913000FF59FF28A68F2323
:2053A00020F09602913000FF19F028A6370070088F002100A60F913000FF59FF28A63C0177
:2053C000913000FF19FF28A61601DF1FFB7F6F011F008B05014082100F40100086F191300F
:2053E00000FFD9FF2C86534120F010FF9130002FD9222C86534120F01022542F82F1C61032
:20540000260F0F420020A62F74FF3C1B82100F50100086F1913000FFD9FF2C86534120F0E1
:2054200010FF9130002FD9222C86534120F01022542F82F1C610260F0F520020A62F74FF20
:20544000913000FF19FF28A66F1F12008F2320F09601913000FF19F028A6370070088F00D8
:205460002100A60F913000FF59FF28A686238F3340F1913000FF19F028A6370070088F00FF
:205480002100A60F913000FF59FF28A63C01913000FF19FF28A66F0FFC7F00908FF43F1012
:2054A000913000FFD9FF28A654FF370F6EF18FFF83213C01913000FF19FF28A66F1F1200D9
:2054C0008F2220F09601913000FF19F028A6370070088F002100A60F913000FF59FF28A6E3
:2054E0008F2220F09602913000FF19F028A6370070088F002100A60F913000FF59FF28A6C2
:205500003C01913000FF19FF28A61601DF1FFB7F6F041500913000FFD9FF2C86534120F0A3
:2055200010F2913000FFD9FF2C86534120F010FF083F375F02F32C233C13913000FFD9FF64
:205540002C86534120F010F2913000FFD9FF2C86534120F010FF081F375F02F32C21913036
:2055600000FF19FF28A66F1F12008F2220F09601913000FF19F028A6370070088F00210058
:20558000A60F913000FF59FF28A686228F3240F1913000FF19F028A6370070088F002100E0
:2055A000A60F913000FF59FF28A63C01913000FF19FF28A66F0FFC7F00904DC0E1FF1607DA
:2055C0003C0153CF20F060FF9130003F30F3D93F0C9654FF2E1B8F2420F0960154F03700AF
:2055E00070088F002100A60F74FF86248F2440F154F0370070088F002100A60F74FF3C01C5
:2056000054FF1601DF1FFE7F0090913000FF19FF28A66F1F12008F2420F09601913000FFB5
:2056200019F028A6370070088F002100A60F913000FF59FF28A686248F2440F1913000FF4B
:2056400019F028A6370070088F002100A60F913000FF59FF28A63C01913000FF19FF28A696
:205660001601DF1FFB7F00904DC0E1FF16073C01913000FFD9FF0C9653CF20F010FF54FFF6
:205680002E1B8F2420F0960154F0370070088F002100A60F74FF8F2420F0960254F03700C6
:2056A00070088F002100A60F74FF3C0154FF1601DF1FFE7F084F96082CF454FF2E1B8F2414
:2056C00020F0960154F0370070088F002100A60F74FF86248F3440F154F0370070088F0038
:2056E0002100A60F74FF3C0154FF6F0FFF7F0090913000FF19FF28A66F1F12008F2420F03C
:205700009601913000FF19F028A6370070088F002100A60F913000FF59FF28A68F2420F09E
:205720009602913000FF19F028A6370070088F002100A60F913000FF59FF28A63C01913042
:2057400000FF19FF28A61601DF1FFB7F913000FF39FF2CA69608913000FFE9FF2CA6913032
:2057600000FF19FF28A66F1F12008F2420F09601913000FF19F028A6370070088F00210054
:20578000A60F913000FF59FF28A686248F3440F1913000FF19F028A6370070088F002100DA
:2057A000A60F913000FF59FF28A63C01913000FF19FF28A66F0FFC7F00904DC0E1FF1607D8
:2057C0003C0153CF20F060FF9130003F30F3D93F0C9654FF370F6EF18FFF83213C013C017A
:2057E0000090913000FFD9FF28A654FF370F6EF18FFF83213C013C0100904DC0E1FF160775
:205800003C0153CF20F060FF9130003F30F3D93F0C9654FF2E1B8F2420F0960154F037006C
:2058200070088F002100A60F74FF86248F3440F154F0370070088F002100A60F74FF3C0172
:2058400054FF6F0FFF7F0090913000FF19FF28A66F1F12008F2420F09601913000FF19F000
:2058600028A6370070088F002100A60F913000FF59FF28A686248F3440F1913000FF19F0F9
:2058800028A6370070088F002100A60F913000FF59FF28A63C01913000FF19FF28A66F0FDF
:2058A000FC7F0090F647094F40189601894F00183C08DF140780094F40189604894F001871
:2058C0000090F647094F7C089601894F3C083C08DF140780094F7C089610894F3C08009080
:2058E000FF340B00538420F0911000F8D9FF405410FFD4F23C02A0023C01009082F2820006
:205900003C17538020F0911000F8D9FF405410FFD4FF7D4F0D80538020F0911000F8D9FFBD
:20592000405410FF481F370F48203C04C210BF30EAFF3C010090404C405F09C0380909C1F9
:205940003C0914FFEE0C083F37F00500082F37F00504081F37F1011182183C0F14FF5E1C48
:20596000083F37F00508082F37F0050C081F37F1011382183C02820889C13C0989C038095F
:2059800040C46DFFBDFF09FFC8086E26081FEE099140002FD92200C8538220F010223C0932
:2059A0009140002FD92200C8538220F01022B04208A009FFC8081421370F68F037F108F0A8
:2059C000342F0C21370F83F12C210C2396022C230C2196042C2108264CC4820102F009C387
:2059E0002C0982020F20A0400F31A0503C016DFF43D33C0114FF534F20F010C28922300938
:205A000014F440C46DFF50FF14F440C46DFF5BFF08264CC4820102F009C32C0982020F2086
:205A2000A0400F31A0503C016DFF26D33C0114FF534F20F010C2481F42F2892230090282DD
:205A40003C01009091100048D944B8C382129130002F192F34A6370F6EF18FFF83313C012E
:205A60009150022F392F2C081601DF1F7080094584093C648F2320F07BC0FF0FA60F913077
:205A8000002F592F34A63C019130002F192F34A6370FE1F0DF1FFA7FCC513C0DD4F25420F8
:205AA000482F82F1C61F26F0481FA6F0D4F2742049FF0C0A80F0145F53CF20104C5142F147
:205AC0003F10EEFF9150022F392F0B4896409150022FE92F0B488F2320F07BC0FF0FA60FAA
:205AE00096029130002F592F34A63C01913000FF19FF34A66F1FFC7F3B0010F0C2FF4EF387
:205B000082023C09915002FF39F00B4837006103DF10F67F4C52BB00520C9BB0BF044B0F40
:205B200041F04B0F71F185F110013C0185F01001A2103FF0FDFF49550C0A8050144F53CF48
:205B400020104C4142F13F1097FF022F3C01EE0200A0DC0B009091100028D92280D3821052
:205B6000915002FF39FF2C081601DE1C82023C0DCC2153C220F010FFD4F45441482F26F1ED
:205B8000481F3E128200C212142F3FF2F37FDF100A80915002FF39FF2E08370FE1F21E1200
:205BA00082003C01F60200A0DC0B0090025FC234B7040200370050808BC801008B8000405D
:205BC0006D00EE2BBC2640240B8F10486D0004003C010090C234B70402F0370F5000DA00B6
:205BE000894F1808DA01894F1908804F8BCF01F0C27FB70F03F0744FDA00AC42DA00AC476D
:205C0000DA00894F0A09894F0609DA00AC49AC48894094088945960840423C0100906D0088
:205C200080030090544F2E1B8F2400F096015440370070088F000100A60F744F06248F2403
:205C400040F15440370070088F000100A60F744F544F0090913000FF19FF28A66F1F12004F
:205C60008F2400F09601913000FF19F028A6370070088F000100A60F913000FF59FF28A679
:205C800006248F2440F1913000FF19F028A6370070088F000100A60F913000FF59FF28A685
:205CA000913000FF19FF28A6009002484DC0E1FF16078B5F20F33C0153CF20F060FF9130CE
:205CC000003F30F3D93F0C9640F402846DFFACFF084F96082CF440F402846D005C000090AF
:205CE000024802846DFFB8FF913000FF39FF2CA69608913000FFE9FF2CA602846D00630079
:205D00000090BB00C20B9BE0CB04913000FF39FF1B06370F62F35E26BB0068199B81B914C4
:205D20003C0B5E16BB0068199B81B9143C05BB00C21B9BE1CB14913000FF39FF3306370FD8
:205D400062F26E1D913000FF39FF1906370FE7F0C21F4B0F61F14BF14110913000FF39FF1E
:205D60001B0616079210913000FF39FF1C061607C21FE2F04B0061F14BF15100913000FF6F
:205D800039FF3006160F4B0F41F14BF051203C010090544F2E1B8F2400F09601544037007A
:205DA00070088F000100A60F744F06248F3440F15440370070088F000100A60F744F544F57
:205DC0000090913000FF19FF28A66F1F12008F2400F09601913000FF19F028A6370070086D
:205DE0008F000100A60F913000FF59FF28A606248F3440F1913000FF19F028A63700700814
:205E00008F000100A60F913000FF59FF28A6913000FF19FF28A60090912000303043493351
:205E2000088A543F06F4374F9FF09120003030434933088A743F9120003030434933148AAB
:205E4000543FEF8F0A00B70F01FC9120003030434933148A743F0090F445DA006C410C489F
:205E600096012C480C4896022C480C48B70F01F12C480C48B70F81F12C480C48B70F01F22A
:205E80002C480C4896202C480940C808DA0837F006F3AC440C49B70F01F22C49DA00894FD0
:205EA0000E09DA00894F1209DA00894F0A090C49B70F81F22C490C49B70F01F32C49094F5A
:205EC0005808B70F01F0894F1808094F5808B70F81F0894F1808094F5808B70F01F1894F84
:205EE0001808094F5808B70F81F1894F18080090DA00344FDA00AC41DA00AC42DA00AC4355
:205F0000DA002C48DA00AC45A00FEC43DA006C4400908F841EF08F0F0801B70408FC3704AE
:205F2000E81BB71F812BDA7F7FF1048082020090DA967F1F048082023C068B6109F1325FAC
:205F40000FF2002037024820760432523702482000908F841EF08F0F0801B70408FC37048E
:205F6000E81BB71F812BDA7F7FF1048082020090DA967F1F048082023C068B6109F1325F6C
:205F80000FF200203702502076043252370250200090B70408FC3704E80BB71F811BDA7F48
:205FA0003FF00580DA967F0F0480820200908B6009F1325F0FF10010370168200090B70406
:205FC00008FC3704E80BB71F814BDA7F7FF00480D2020090DA967FF0078082058B600961FB
:205FE0001DFF4AD082058BA016601DFF46D0B70408FC3704E80BB71F811BDA7F3FF00580A5
:20600000DA967F0F0480820200908B6009F1325F0FF1001037017020009082088B0420F2E1
:206020008B0500F5EE0D7B0008000282B700890B8F7201108F880120A610A6020090D20084
:206040000B0450F10B1500F20B5190F2EE073B0008800B40C0400B51D05082029B02F02F41
:20606000BBF0FF3F9BF3FF3F0F2480000F358010BA008B0100F4EE4C3B7001900B4510686C
:20608000BB00FF1F9BF1FF1F8F0400012651BA008B0100F4EE2182019BF1FF1F8F04000168
:2060A0002651BA008B0100F4EE098F751E107745804302153B0003903C0F8F351F107745A8
:2060C000804902153B4002903C078FF51F107745804F0215C2190F2480000F3580108B004E
:2060E00020F28B0100F5EEF2024A0B6710C8D2148B891E606DFFC1CF0F2C80000F3D80108C
:20610000BA008B0100F4EE2B3B0008703C293B600920BB00000F9BF00F0026408F050011E1
:206120008B0020F28B0100F5EE073BA00820774500568FC4004082009B00080082013C05BB
:20614000C2F27745805006140B0430F10B1500F20B15A0F2EEF602401DFF6AFF82078BF240
:206160009F008BF3BF1026C026D1BA008B0100F4EE038F0744710B8A10488BF907601D00EB
:20618000112C8B0420F28B0500F5EE0A7B0008008203B700892B8F7301F0A6F20090820292
:2061A0009B02F02FBBF0FF3F9BF3FF3F0F2480000F358010BA008B0100F4EE4C3B70018047
:2061C0000B451068BB00FF1F9BF1FF1F8F0400012651BA008B0100F4EE2182019BF1FF1FF3
:2061E0008F0400012651BA008B0100F4EE098F751E107745804302153B0003803C0F8F35CE
:206200001F107745804902153B4002803C078FF51F107745804F0215C2180F2480000F354D
:2062200080108B0020F28B0100F5EEF202490B6710A8D2148B881E606DFF1FCF0F2A8000D1
:206240000F3B8010BA008B0100F4EE2B3B0008703C293B600930BB00000F9BF00F0026405B
:206260008F0500118B0020F28B0100F5EE073BA00830774500568FC4004082009B00080089
:2062800082013C05C2F37745805006140B0430F10B1500F20B15A0F2EEF602401DFF7BFF2F
:2062A00082078BF29F008BF3BF1026A026B1BA008B0100F4EE038F0744718BF80760820469
:2062C00002951D006F2B3BD03CF19B4FEDF34BF401F02E031D00C12B7B00F803BBA027F814
:2062E0009BAF01F44BF401F02E2C3BB0FDF09B9FFCF34B4051406D00B02B6B02312F009013
:206300006B0031F46B0021044B0F51406D00A52B3BB0FDF09B9FF4F36B0F2122009091104E
:206320000048D94494551D0002008208404F8209820A820BC81CC82D483C09FF1001DF1FBF
:20634000238080CF160180D08F100001FE046E04C2FC04DF24CF76CF8F3C00018FEC1FF0A1
:206360006E0902F140D2C2F16014442164C1FC4E90DD020CDF0CE07FC2FC60C204DF24CF2B
:20638000FC2E3CD9DE2580CF2E03C2FC24C9DF0CD37F8F3C00F106EC76C5C2FC60C264CA5C
:2063A000FC2F6EC9C2FF60F224CBFC2F3CC48F0F1F00DF002E008F3F0001DF102B8080CFCC
:2063C0008F3F00D180DF1603FEDB76DB02D440C440D56D000F0701CD00C601DD00D6A2DC44
:2063E00076CF8F3C00018FEC1FF06E0902F140D2C2F16014442164C1FC4E90DD020CDF0C25
:206400009B7F02C440C440D56D00F4063C9400901603DF2F91FF80CF16036E0702F440C42E
:206420006D00D10610CCA2FCDF0C867F8F3C004106EC76C5C2FC60C264C8FC2FDF047C7F60
:2064400040C46D00C0061DFF77FF205089A4380989A62C0989A73409DA01A00F820909AAFC
:206460001019780C89A9081989A9280902A089A90019B70089FBF80678113700E8FB780870
:206480000258404C029D405D8BFF0FC27B00F8B376C658116E04029C09AD30095808BA0F8C
:2064A0007813F68A3B700600580B3E043B7004007E0382183C23580D6F5F21803B1006002D
:2064C000580B3E043B100400FE095811EE0382083C1582788F3F000082013C06C2F88FC3F3
:2064E0001F107723000E0B011028FBF0000026202631BA008B0100F4EEF2DA00780F02A4D8
:206500006D0035087625DA2D780F67AABFAFEE0E580D8F8F0101DA087E03DA2B3C068B0073
:206520000102580FAB0FA2F0780F09A00019AA1089A00019DF0D1600580B911000F8D9FF8A
:20654000585410FF081F2E37910000F8D9FF3400F8063C1B910000F8D9FF0030F8063C152A
:20656000DF0C1D00580B911000F8D9FF585410FF081F2E36910000F8D9FF04303C05910092
:2065800000F8D9FF0830F8065810BB90FF0F9239580D260F780D1D008C013B100600580BEC
:2065A0003E053B1004005F0F27805808AB1F18FF780858109230F683580D2E22C210428087
:2065C00058083BC0F91FC2207FF106003B4006103F1F0400DA033C0A3B60FF1F7FF10600AB
:2065E0003BA000103F1F0400DA02780C580C12091D005F01580849AF0A0A6E7549A4140A98
:2066000002A46D00AD2709AC1409022A370CE8FB82006E55BBF028EC49AE130A7B0012D4F6
:206620009B5ECFE33C3F49A20A0A7D2E0C8049AF120A49AE130AA07209F03FF489E03FF4FC
:20664000FC2CBBD0CC0C58059BC0DC0349A4140A4B0F41406D00842789A20609DF09148064
:206660006B0E21F24BDB41B04BDF41406DFF53FC762A4BBC514049A4140A82196D0070272F
:2066800089A2060909AF06096B0E21FF4BDF41406DFF41FC8B0203F089EF3FF4580AC21F9E
:2066A000780A5805370FE8FBEEBF3C0304EF24FF49A2130A012E20F4EEFA3C154B0A01F006
:2066C0006F2F12007B0012043C064B0A41A0580AC2FF780A4B0A41F089AF06094BBF01F094
:2066E0006F0FF5FF3B600610580B028082093E143B6004107E13580A12803B500610580B7D
:206700003E143B5004107E12C210CE03DA003C038B7000F310A2492E0A0A3C117B0012F443
:2067200049A4060A4BFA41406D001A27022A09A406096DFFF0FB8B0203F024FF01FE20F4F3
:20674000EE0649A2130A012F20F4EEE909EF000840EFC25F3C0A49AF0A0A01EF30F4EE0777
:2067600040EF09EF3FF4C21F34EF3C08DA3134EF49EF010A580AC21F780A09E00008DA393D
:206780003F0FEB7F89F93FF049A20A0A012F20F4EE0609F00008DA305F0FF67F3B500600DA
:2067A000580BBE013B5004003E0E3B6006005F0F3C003B6004005F0F3800580A3FF80400AF
:2067C000FFDF330058103B50062049AF0A0A9210580B09A10A083E243B5004207E2C76137E
:2067E00049AF0B0A14FFEE04580DAE227682C21042803C17028276158BF81F2049AF0B0A95
:2068000014FFEE03580D2E22C21082013C0814FFEE03580D2E23C210B01FC2113F21F97F20
:206820008B4000903C453B600600580B3E043B6004007E0F09A02809FA10AB10A09F5810C4
:2068400042F9F684580D6F2F34001A8992193C300280580A49AF0A0A4EF4581092193C0D04
:2068600009A1280958101219021F14F17612B01FABF01F00C2FFEEFA14FF6E02F604580DE8
:206880006F2F1700580AC219325F3C04C2FFC219C2F07607FF1FFC7F3C04C219B01FC2F035
:2068A000760314FFEEFB580D16042B09009F580F6E0D580D16036E0A61FF3BCD09A43C09DF
:2068C00040C46D005304DA00780FD806BD0F1A803B100600580B3E043B100400FE02580DA1
:2068E00016036E0F54DFC22F61FF10CD6D003E04580B40C48B7F01406D003804DA01781232
:20690000580D6F0F1680580EA29F3C0F61FF11CD580D40C416028B0F20F2864F8B0F0240F0
:206920006D002404580EC2FF780EFF1FF17F580F6E0861FFFECC09A43C0940C46D00160403
:20694000D806BCFA40F440C56D001F0454DFC23F74DF1D008A013B100600580B3E053B1069
:2069600004005F0F9F808F28200058138B7001018B1F03A1BF1022008201DA177FF008001D
:20698000821258110F021020262F6E02821182F2C2F00F0200F0C6F2F6145811262F6E0448
:2069A0005811A62F78115811C21F7811EF7F0600DA0078113B2003A05812EE0D54DFC22FDF
:2069C00061FFA4CC6D00D203580B40C48B7F01406D00CC0361FFADCC02A440C46D00C603FE
:2069E000F683580D2E2561FF9ECC6D00BF0358113B8001B054D08F1F00A0428074D03C18CC
:206A00003B000340DF0B1100C2CB02B032500F0A00F0160F8B0F0340DA397F4F0600580BE7
:206A20008B6F1CF042F440C46D00A003C2F8FF18E97F580B40C48BFF00406D009703580835
:206A4000CEF63BD00240325F78083C033BB0024040C46D008B03580C54D0C22F42F0580C9A
:206A6000820110AF34F13BA00010580CC2FF370F68F0780C10AF58084B1F01228B0303F050
:206A800034FF09A220094B12012289A26009DF02EEFF74D040A440C56D0077031D00E500F7
:206AA0003B50060049AF0A0ABE013B5004003E0E3B6006005F0F78003B6004005F0F740097
:206AC000580A3FF80400FFDF6F0009A00A08580AAB1F20A076093B700610580B3E143B7085
:206AE00004107E12C2F861FF24CC76063700684049AF0B0A3C033B00034040C46D00360319
:206B000014FFEE0B580DAE29768C3B500600580B3E043B5004007E0561FF05CC6D0026031C
:206B2000820B3C1A09F00008F60A580DAE283B500610580B3E143B5004107E1D61FFF9CB82
:206B4000760537006840B01F3C033B00034040C46D000C03C21B3F8BE77F61FFEACB580B4A
:206B600040C48FDF0F416D000103C2FA54DFC21F0EA43BB002403C04325A3BD0024074DFC7
:206B800040C46D00F30261FFC6CB8B00034040C46D00EC0261FFBFCB8B01034040C46D0047
:206BA000E5023C6209AA28094EA854DFC21F61FFADCB6D00DB023C1954D0C21074D014F4A9
:206BC0007643B01F3C033B00034040C46D00CE023B600600580B3E063B6004003E03ABF864
:206BE0001F88C2FAFF1AEA7F3B600600580B3E063B6004003E0314FF6E02F684580D6F2F88
:206C0000340061FF96CB580A3BE00240325F3C0854D03B000340C21074D0C2FFC2F840C4B4
:206C20006D00A402768BFF1FF57F3C0861FF81CB04F440C46D009A02C2F8768314FFEEF70E
:206C40003B600600580B3E0E3B6004003E0B580D2E2B3C0854DFC21F61FF58CB6D0086026E
:206C6000C2F8DF08F9FF580EA29F3C0A54D03B00024040C4C21074D06D007802C2FFFF1F0D
:206C8000F77F00902010404C405D89A68C09DA00780209D40008DF045002DA257E4409D0C9
:206CA00001047E08B01D49A5080A40C46D0054023CF1820A0BAA108809DF01003BD00200B9
:206CC0007E048F1A40A13CF93BB002007E07BBF0FE0F26A08F8040A13CF03B0002007E06A6
:206CE0006F3AECFF8F0A41A13CE83B0003007E048F2A40A13CE23B3002007E048F4A40A140
:206D00003CDC3BA00200FE03D803B04FF80309F83CF9CE848F1A40A1325809DF01003C0DDA
:206D200013A820FF8B0F1D8009DF01008B0F1D0037006800BFA0F6FF3BE002005F0F238081
:206D40008F0A42A109DF01003BA00200FE05D803B04FF80309F93CF9CE968F1A40F1BBF0F9
:206D6000FDAF26FA09DF01003C0D13A920FF8B0F1D9009DF01008B0F1D0037006800BFA055
:206D8000F6FF3BC006007E048F0A48A13C1E3B8006007E048F0A44A13C183BC004007E0409
:206DA0008F0A50A13C123BA006007E04B71A81A43C0C3BA007007E04B71A01A53C063B40C2
:206DC0000700FE01B71A81A53BC006003E043B8006007E0709D000087E04B71A01A6B01D85
:206DE00009DF01003B3006005F0F2F808F1A00F1EE0E3C093B00024049A5080A40C46D0053
:206E0000AB01C2F87F890400FF28F67FD80340C449A5080AB04FF80309F03CF9370048409E
:206E20006D009A01DF0F377F3C093B00024049A5080A40C46D009001C2F87F892C7FFF284E
:206E4000F67F1DFF28FF3B400600BE013B9006003E0E3BF006003E0B3B8007003E083B80E0
:206E600005003E053B5007005F0F598082023B4006003E043B9006007E0282123B00080181
:206E80000F0A80105F0104006F9A05003B8000003C0282403B8000105F100980D80349FF36
:206EA000080AF80309F078F93C15D803B04FF80309F03CF90B0000080B0110483B00040150
:206EC0000F0A80105F010D807628370448000B0000080B0110483C13370468403C0F3B00CC
:206EE00004005F010B807626370450000B0000483C06370470403C02F62282056F5A060050
:206F0000BBD0FF0F260A3C0282190BFA106889A440090B8910481D00CB003B300700FE0692
:206F20006F5A0680BBF0FF9F9BF9FF97D8030BA8104840C5029649A6080AB04FF80309F414
:206F4000BCF96D00CC021DFFA6FE3B600600BE063B600400BE033B500600BE003B500400DE
:206F60003E0D3B7006003E0A3B7004003E073B1006003E043B1004007E0DD8038F0A0211E5
:206F8000AB698091B04FF80302F609F03CF974A03C2C3B200700FE086F6A0800D803B04F0D
:206FA000F80309F03CFA3C06D803B04FF80309F03CF98F0A02F1EA69DA004BF051F174AF09
:206FC0003B6006603C123B200500FE09D8038F0A02F1EA6949FF080AF80309F478F96DFF12
:206FE0002DC83B60066074A20B89104849A5080A02A740C46DFF2BFA1DFF4DFE3B000700B2
:207000005F0F5D806F8A45006F0A0E80DA113C093B00024049A5080A40C46D009D00C2F86B
:207020003F8FF8FFD803A03E49FF080A09FF3FF449A5080A370F684040C46D002101FCE7D9
:207040003BA0034049A5080A40C46D008500D803A03E49FF040A09FF3FF449A5080A370F8C
:20706000684040C46D000C01FCE7DA113C093B00024049A5080A40C46D006E00C2F83F8FF3
:20708000F8FFD80349FF080AF8031DFF04FED8033B8000400245B04FF8038F2A407109F031
:2070A0003CF9820189A040093B80076049A5080A40C46D0000011DFFEEFD3BE006005F0F7C
:2070C00037803B0008010F0A80F03E036F9A0E00D803B04FF80309FFBCF909A00809820105
:2070E00089F040091DFFD7FD3B000401260ADA407EAAD803B04FF80309FFBCF95802B4FF8D
:207100001DFFC9FD5F0A0B80D803B04FF80309FFBCF9580234FF1DFFBEFDD803B04FF803CE
:2071200009FFBCF9580274FF1DFFB5FD910000F7DA1959FF3C9009A208090090910000F784
:20714000DA1759FF3C903B0004406D000C007B00FC27009037046840545FC21F745F1D008D
:207160000500BA0492F20090D44FBCF440F41D009127CC414C4280F07FF0068034F4CC4127
:20718000B01FEC410090404F405C3C06370F684040C46DFFEBFF09FF0100EEF900903704F3
:2071A000E82BB704894B8BF20F228B04002400903704E82BB704894B8BF20F228B042024DE
:2071C00000903BF00F00804F1603063F0FF0100082FFC6F0C2F4604F804FB70F02F060F234
:2071E000B014542F260F742F77000004FCF60090804F16033BF00F008F3F00100F10100044
:2072000082F1C610C2F4604F8041B7010220095101008F3F0030B0140F3110106022C21F45
:20722000542216032602A612742277000004FDF0ED7F0090404F0B4510A849FD160A02687E
:2072400040FCDA0034DF820702860BAB10486DFFD9C723820A0A0B2310A88BA060F2CA7084
:207260008B0003F089DF3FF48B0220F28B0300F5EEEB04DF24FFEEFE40C200900248404F9D
:207280008FC83F40405CDA090B4F2001DA37AB0F83F042F46DFF60FF8FF8000140F4DA0940
:2072A00040C50B0F2011DA37AB0F834142041DFF53FF026E2020DA58404F0B4510A8405C26
:2072C000027909AC600982085FEF7300DA643EEDDA693EEBDA6F5FEF6C00DA75BEE4DA78AF
:2072E0005FEF67001D00ED00D2000B0C50F10B1D00F20BD190F2EE073BD002800BC0C0C060
:207300000BD1D0D00BCD104840A43BA000606DFF93FFF6B6BA0C8B0D00F4DF0FDF8040A475
:207320006D009323370268C0DF081180DA753EE88F890101DA087E043BB002803C078F8996
:2073400001F18B0F01F2AB08A28F768CABFA1FAA8F3900F16E0740F4028440C56DFFFCFE07
:2073600082086F0914808F2900F18B0F20F2864F8B0F02F03C0740F402F440C56DFFECFEF9
:20738000C2FA7FAB04003FACF87F768E40F4028440C56DFFE1FE3C08C2FB61FFB2C76DFF4D
:2073A000DBFEABFA1FAA3FBCF97F1D008A008BFE268240A48F3820F08B8F00600BCD1048D6
:2073C0006DFF3AFFDA78FEE314AF40A26E10092000088BF01BF0370F6810DA193F1F058067
:2073E0008B0002F0342F092F0104EEF240A46D002C23370268F078068B0C20F28B0D00F5AB
:20740000EE0AF6B6DF086A806F296800821BBBB0FFFF26F96F291B006F191300768E61FF20
:2074200070C76DFF99FEABFA1FAA40F402E440C56DFF92FEABFA1FAABBB0FFFF26F9DA6F4A
:207440007EE558063FBF0300921B6F29090076875806C22BC22F370F68F078066F091580BA
:207460008F2900F18B0F20F2864F8B0F02C03C0740F402C440C56DFF6FFEC2FA7FAB050080
:2074800058063FAFF77F6F291900DF08170061FF38C76DFF61FEABFA1FAA40F402E440C5C4
:2074A0006DFF5AFEABFA1FAA3C08C2FB61FF29C76DFF52FEABFA1FAA58063FBFF87FBBF0A1
:2074C000F74F40A4BBF0FF6F40F5269440C602A59BF6FF671D00030000900248404F025FEC
:2074E000405C0269406D6D00B022022A6F0819803C083B00024040C440D56DFF2DFEC2FF2B
:207500003FFAF97F3FF9F77F3C0BC2F909F40100DF04110040C440D56DFF1EFE8AFFDF0906
:20752000F6FF3C083B00024040C4C2FF40D56DFF13FEEEF90090910000F7D9FF0000D4F2A1
:2075400091300057D955C08701240046015420F4EE0891400057D955C088014530F4EE04DA
:2075600082FF60F20090F4F400908F141E20009002483708E8FB8209EE03028200904B98E0
:2075800001F02E046788BF8F82197B00F8F36B88714F6D002C223B3033F39B3FF3F34BF888
:2075A00001F0AE264B2851406D0096003C0B3BB0FDF09B9FFCF34B8251406D008D006B02F2
:2075C000312F76936722BF2F00900B4510886DFFF1FDF62502946DFFEDFD76246B0921289B
:2075E000009002846DFFDDFDDF021B007B00F8F74BF901F02E163BB0FD409B94F4433C4D39
:207600007B00F8FF4BF901F01602BB40BE4C9B6401443BB0FD009B90FC036A043C3E370928
:20762000E8FB8200BA0F6E193708E8FBEE098F191EF03BB0FD209B9204246A8200904B089A
:2076400001F016043BB0FD209B92FC233BB0FD009B90FC0B6A0200904B0901F06F0F2C00C6
:207660003708E8FB6E164B0801F02E2E3BB0FDF09B9F04F46788BF0F4B9051406DFF25F60A
:207680006B02312F00907B00F8FF4BF901F02E183BB0FD409B94044402851D001B044B985B
:2076A00051406DFF12F63BB0FDF09B9F04FC6B0F212200904B0801F02E254B9851401DFF3F
:2076C00004F66788BFFF4B9F51406DFFFEF56722BF2F0090DA004BF401F02E231DFFF5F5C1
:2076E0006744BF4F6DFFF1F56722BF2F00904B044181910000F7D9FF18A091000027D9229C
:2077000018A0542F3B3033039B30F3034B0F41F074FF910000F7D9FF18A0BBA099F99B9F8F
:20772000E9F391000027D92218A054206BF861F074FF910000F7D9FF1CA091000027D92298
:207740001CA0542F91000027D92218A054206B0021FF74FF910000F7D9FF1CA09100002739
:20776000D9221CA05424BB00005C9BA5555CBB00006C9BA655646D00930374F2910000F7C0
:20778000D9FF0C1054FF7B802C044B0F51F0910000F7D9FF18A054F06B083100910000F754
:2077A000D9FF18A054F1910000F7D9FF141054F24B2141107B802C244B215110910000F7CD
:2077C000D9FF1CA054F2910000F7D9FF101054F34B3241207B802C344B3251206B02211142
:2077E0006B0F61417B00165C7B0016646D0058033C0100904B044181910000F7D9FF20A0C5
:2078000091000027D92220A0542F3B3033039B30F3034B0F41F074FF910000F7D9FF20A0F2
:20782000BBA099F99B9FE9F391000027D92220A054206BF861F074FF910000F7D9FF24A013
:2078400091000027D92224A0542F91000027D92220A0542091000027D922102054214B01A3
:2078600041116B0131006B0021FF74FF910000F7D9FF24A091000027D92224A054247BA0ED
:20788000475C7BA047646D000B0374F2910000F7D9FF040054FF7B802C044B0F51F0910090
:2078A00000F7D9FF20A054F06B083100910000F7D9FF20A054F1910000F7D9FF0C0054F23A
:2078C0004B2141107B802C244B215110910000F7D9FF24A054F2910000F7D9FF080054F3BA
:2078E0004B3241207B802C344B3251206B0221116B0F61417B00095C7B0009646D00D0029F
:207900003C0100904B044181910000F7D9FF00B091000027D92200B0542F3B3033039B3027
:20792000F3034B0F41F074FF910000F7D9FF00B0BBA099F99B9FE9F391000027D92200B0DD
:2079400054206BF861F074FF910000F7D9FF04B091000027D92204B0542F91000027D922DB
:2079600000B054206B0021FF74FF910000F7D9FF04B091000027D92204B05424BB000058DF
:207980009BB5535CBB0000689BB653646D00880274F2910000F7D9FF2C2054FF7B802C0436
:2079A0004B0F51F0910000F7D9FF00B054F06B083100910000F7D9FF00B054F1910000F757
:2079C000D9FF342054F24B2141107B802C244B215110910000F7D9FF04B054F2910000F77E
:2079E000D9FF302054F34B3241207B802C344B3251206B0221116B0F61213C0100906B0519
:207A00003184910000F7D9FF10A091000027D92210A0542F6B0821FF74FF910000F7D9FF55
:207A200010A091000027D92210A05424BB0000589BB5535CBB0000689BB653646D003002DF
:207A400074F2910000F7D9FF381054FF910000F7D9FF14A054F06B003108910000F7D9FF69
:207A6000002054F1910000F7D9FF3C1054F2910000F7D9FF10A054F34B3241206B8161121B
:207A80006B0F6121910000F7D9FF14A074F83C0100906B053184910000F7D9FF28A09100BF
:207AA0000027D92228A0542F6B0821FF74FF910000F7D9FF28A091000027D92228A0542438
:207AC0007BA0475C7BA047646D00EA0174F2910000F7D9FF100054FF910000F7D9FF2CA075
:207AE00054F06B003108910000F7D9FF180054F1910000F7D9FF140054F2910000F7D9FFC7
:207B000028A054F34B3241206B8161126B0F6121910000F7D9FF2CA074F83C0100906B0548
:207B20003184910000F7D9FF38A091000027D92238A0542F6B0821FF74FF910000F7D9FFE4
:207B400038A091000027D92238A05424BB0000589BB5535CBB0000689BB653646D00A001FF
:207B600074F2910000F7D9FF142054FF910000F7D9FF3CA054F06B003108910000F7D9FF34
:207B80001C2054F1910000F7D9FF182054F2910000F7D9FF38A054F34B3241206B816112CA
:207BA0006B0F6121910000F7D9FF3CA074F83C010090910000F7D9FF1C106B0531F474FFC0
:207BC000910000F7D9FF042054F66B0531F4910000F7D9FF201054F07B0000146B1071FFF4
:207BE000910000F7D9FF241054F06B0021FF910000F7D9FF0C2054F06B053114910000F715
:207C0000D9FF201054F26B023111910000F7D9FF082054F26B0531344B3241206B10610208
:207C20006BF661F0910000F7D9FF181091000027D922181054206B0F21F074FF910000F735
:207C4000D9FF241091000027D9222010542F74FF910000F7D9FF20106B0531F474FF910016
:207C600000F7D9FF181091000027D922181054243B0000549BC5615C3B0000649BC6616449
:207C80006D000E0174F2910000F7D9FF181054F23C010090B70481FF7B00F8034B0F01F06B
:207CA000370F61F06E028204910000F7D9FF2C106B0531F474FF910000F7D9FF1C0054F6CD
:207CC0006B0531F4910000F7D9FF301054F07B0000146B1071FF910000F7D9FF341054F0C9
:207CE0006B0021FF910000F7D9FF240054F06B053114910000F7D9FF301054F26B023111E7
:207D0000910000F7D9FF200054F26B0531344B3241206B1061026BF661F0910000F7D9FFFA
:207D2000281091000027D922281054206B0F21F074FF910000F7D9FF341091000027D92257
:207D40003010542F74FF910000F7D9FF30106B0531F474FF910000F7D9FF281054F23C012A
:207D60000090B70481FF7B00F8034B0F01F0370F61F06E0282046B053184910000F7D9FF65
:207D800030A091000027D92230A0542F6B0821FF74FF910000F7D9FF202054FF910000F78C
:207DA000D9FF34A054F06B003108910000F7D9FF282054F1910000F7D9FF242054F29100C7
:207DC00000F7D9FF30A054F34B3241206B8161126B0F61413B0000549BC5615C3B00006419
:207DE0009BC661646D005C00910000F7D9FF34A074F83C010090404F405C54FF54C06B002A
:207E0000315F7B000A04B70581FF7B0012144B1F01F0370F61F06E0454FF74CF3C14B70566
:207E200081FF7B002A144B1F01F0AE0902046D00510054CF6B0221FF74CF3C0554CF6B541D
:207E400061FF74CF54CF7B8024044B0F01F0370F61F16E0E7B8024F454C07B8024146B0114
:207E600031007B00F0136B1071FF74CF3C1554CF7B80240C4B0F01F0370F61F06E0D7B802E
:207E800024FC54C07B8024146B0121007B00F0136B1071FF74CF54CF74FF00904B5401F08C
:207EA000370F61F06E023C074B6401F0AE223C020264024502523C0100907F5403003C06E4
:207EC0007F4603003C020246026502523C0100908F151E503754812F009020106D00D61D5F
:207EE0006D008D1E82046D006B2C6D00E6356D0087296D008E1B6D00DA056D009B1B820430
:207F00003B803E506D00973E6D00CC1D1D00F600910000F7D9FF387014FFDF0FAA00DABC24
:207F2000B4AFDA78ACA2DA552CA88204820591100047D944605D3BC00B603B8007706D0067
:207F40002731910000F7D9FF1850DA0074FF3B50054091100047D9445C4B6D007A0BBF1275
:207F6000828091100047D9445C4B02246D008C0EDAC85F2F7800538222F0911000F7D9FF27
:207F80005C4B10FF09F0CC08DA557F0F198091100027D922584B538222F0911000F7D9FF4B
:207FA0005C4B10FF09F0CC08538222F0911000F7D9FF5C4B10FF088FA2F0B420538222F04D
:207FC000911000F7D9FF5C4B10FF09F0CC08DA557FF0198091100027D922584B538222F02A
:207FE000911000F7D9FF5C4B10FF09F0CC08538222F0911000F7D9FF5C4B10FF088F42F0B8
:20800000B420911000F7D9FF584B538222F091100027D9225C4B1022092FCE08ACF19100BA
:2080200000F7D9FF185091000027D9221850542FC21F74FFBB0080FFB4AF3B5005403B70FF
:208040000750911000F7D9FF584B94FF370F7060911000F7D9FF584B881F370F70706D00C0
:20806000972A910000F7D9FF3870DA0034FFDA0634AF82043BA00A50910000F7D9FF0860E4
:2080800054F682576D000230DA0634AF82043BE00B50910000F7D9FF1C5054FF67FFBF6FAC
:2080A00082576D00F32FDA0634AF82043B200D50910000F7D9FF541054F682576D00E62FEE
:2080C000DA0634AF82043B600E50910000F7D9FF581054F682576D00D92FDA0634AF8204B5
:2080E0003BA00F50910000F7D9FF106094FF4B0F416182576D00CA2F1DFF0CFF00906D0084
:20810000FD1C82046D00E2226D00CC1C3C013C000090BD043100B0C4404C54CF910000D774
:20812000B70F0180D9DD04A0D4DF74C801C800E654EF6E04AE0342F83CF954F001F00026D0
:208140007DC20580420874F840FCEE1082046DFFF4F9B04E7DE20A80325802846DFFEDF943
:20816000802F1EF3DA0074CFD4DF80CF80F00B0F90F174DF00902008910000F7D9FF481052
:2081800091000027D9226020542F91000027D9226C2054206B0031FF74FF91000027D922B5
:2081A0004810910000F7D9FF6020481F910000F7D9FF6C2048106B0031FF6C2191000027FC
:2081C000D9224810910000F7D9FF6020482F910000F7D9FF6C2048206B0031FF6C229100E7
:2081E00000F7D9FF6010481F74AF910000F7D9FF6010482F7801910000F7D9FF481054F4F6
:20820000910000F7D9FF48104815910000F7D9FF48104826910000F7D9FF601054F76D009B
:208220000B0200902020D2000B011088D2000B0110A8D20089A04009D20089A04809D200F3
:2082400089A05009D20089A05809910000F7D9FF08B091000027D9223860942F74FF910016
:2082600000F7D9FF08C091000027D9223C60942F74FF910000F7D9FF08D091000027D922F7
:208280000070942F74FF910000F7D9FF08E091000027D9220470942F74FF910000F7D9FF33
:2082A00008F091000027D9220870942F74FF910000F7D9FF480091000027D9220C70942FCB
:2082C00074FF910000F7D9FF143054FFEE71820C3C316D0047278BFC00F1534F20F0910044
:2082E00000F7D9FF08B010FF91000027D9223860942F74FF8BFC00F1534F20F0910000F7B5
:20830000D9FF08C010FF91000027D9223C60942F74FF8BFC00F1534F20F0910000F7D9FF9F
:2083200008D010FF91000027D9220070942F74FFC21CDA0F3FFCCF7F820C3C316D003927E5
:208340008BFC00F1534F20F0910000F7D9FF08E010FF91000027D9220470942F74FF8BFCB8
:2083600000F1534F20F0910000F7D9FF08F010FF91000027D9220870942F74FF8BFC00F11A
:20838000534F20F0910000F7D9FF480010FF91000027D9220C70942F74FFC21CDA0F3FFC0D
:2083A000CF7F910000F7D9FF1430DA0174FF82023C30534220F0910000F7D9FF08B010FFC1
:2083C00054FF0BF000080B0840800B195090534220F0910000F7D9FF08C010FF54FF0BF046
:2083E00000080B0A40A00B1B50B0534220F0910000F7D9FF08D010FF54FF0BF0000854AF15
:208400000B0F400058010B1F501089A04009C212DA103FF2D07F82023C38534220F0910041
:2084200000F7D9FF08E010FF54FF0BF0000858020B0F400058030B1F501089A04809534278
:2084400020F0910000F7D9FF08F010FF54FF0BF0000858040B0F400058050B1F501089A089
:208460005009534220F0910000F7D9FF480010FF54FF0BF0000858060B0F400058070B1FB0
:20848000501089A05809C212DA103FF2C87F910000F7D9FF60100B8910486DFFC0ED7B006C
:2084A00018F44BF251F074FF910000F7D9FF60100BAB10486DFFB3ED7B0018F44BF251F0D0
:2084C0006CF109A44009910000F7D9FF60106DFFA6ED7B0018F44BF251F06CF209A4480919
:2084E000910000F7D9FF60206DFF99ED7B0018F44BF251F074FF09A45009910000F7D9FFCC
:2085000060206DFF8CED7B0018F44BF251F06CF109A45809910000F7D9FF60206DFF7FEDCE
:208520007B0018F44BF251F06CF282003C3E8BF000F1534F20F0910000F7D9FF08B010FF97
:208540008BE000F1534F20F091000027D92208B01022542F74FF8BF000F1534F20F09100CB
:2085600000F7D9FF08C010FF8BE000F1534F20F091000027D92208C01022542F74FF8BF029
:2085800000F1534F20F0910000F7D9FF08D010FF8BE000F1534F20F091000027D92208D058
:2085A0001022542F74FFC210DA0F3FF0C27F82003C3E8BF000F1534F20F0910000F7D9FFEE
:2085C00008E010FF8BE000F1534F20F091000027D92208E01022542F74FF8BF000F1534FC5
:2085E00020F0910000F7D9FF08F010FF8BE000F1534F20F091000027D92208F01022542F96
:2086000074FF8BF000F1534F20F0910000F7D9FF480010FF8BE000F1534F20F0910000274C
:20862000D92248001022542F74FFC210DA0F3FF0C27F0090027854A909AA04093B00CA07D1
:208640009BB0A8034B0441B03B00CA079BB0A8034B0541C03B00CA079BB0A8034B0641D02D
:208660004B9941006B8861006BAA61406D00BF193702E8FBBA0F6E031D0018024B28513005
:208680004B2951404B2A5120910000F7D9FF184054FF910000F7D9FF284054F04B0F41F04D
:2086A000910000F7D9FF104054F0910000F7D9FF204054F16B1071FF7B0000044B0F41605C
:2086C000910000F7D9FF104054FF910000F7D9FF184054F0910000F7D9FF204054F1910005
:2086E00000F7D9FF284054F54B5141106B0F61F17B0000044B0F4150910000F7D9FF28400F
:2087000054F7910000F7D9FF284054F8910000F7D9FF104054FF910000F7D9FF104054F003
:208720004B0F41F0910000F7D9FF184054F0910000F7D9FF184054F16B1071FF910000F742
:20874000D9FF204054F0910000F7D9FF204054F16B1071FF6B8761FF4BF441006B5271109D
:208760004B6241006BF371204B5341F06B64713F910000F7D9FF283091000027D92238200B
:20878000542F91000027D922283054206BF161F074FF910000F7D9FF2C3091000027D92248
:2087A0003820542F91000027D9222C3054206BF261F074FF910000F7D9FF303091000027C2
:2087C000D9223820542F91000027D922303054206BF361F074FF910000F7D9FF003054FF37
:2087E0006B1F61FB910000F7D9FF283054F06B00211F910000F7D9FF003054FF6B2F61FC12
:20880000910000F7D9FF2C3054F06B00212F910000F7D9FF003054FF6B3F61FD910000F72A
:20882000D9FF303054F06B00213F910000F7D9FF104054F4910000F7D9FF184054F5910067
:2088400000F7D9FF204054F6910000F7D9FF284054F7910000F7D9FF10406755BFFF4B1FF8
:2088600041F06B2671FF6B3771FFBBA0700D9B30B2036B0F61F474FF910000F7D9FF184062
:208880004B3641F06B1461FF6B2771FFBBA0700D9B30B2036B0F61F574FF910000F7D9FF4A
:2088A00020404B2441F06B3571FF6B1761FFBBA0700D9B30B2036B0F61F674FF910000F7A2
:2088C000D9FF28404B2541F06B3461FF6B1671FFBBA0700D9B30B2036B0F61F774FF910099
:2088E00000F7D9FF284054FF910000F7D9FF284054F0910000F7D9FF204054F1910000F755
:20890000D9FF204054F2910000F7D9FF104054F3910000F7D9FF104054F4910000F7D9FF8A
:20892000184054F5910000F7D9FF184054F64B6541506B4361356B2161136B0F61416D0086
:2089400056183702E8FBDF0FB100910000F7D9FF104091000027D9221040542F4B2F51F0FD
:2089600074FF910000F7D9FF184091000027D9221840542F4B2F51F074FF910000F7D9FFB0
:20898000204091000027D9222040542F4B2F51F074FF910000F7D9FF284091000027D92238
:2089A0002840542F4B2F51F074FF910000C7D9CC5410910000F7D9FF184054FF7B00000CAB
:2089C0004B0F41F0910000F7D9FF284054F0910000F7D9FF104054F17B0000244B214110AF
:2089E000910000F7D9FF204054F24B2141106B0F61416DFFBFF53B3033F39B5F26F44BF296
:208A000041F074CF910000C7D9CC5810910000F7D9FF204054FF7B0000044B0F41F09100CF
:208A200000F7D9FF284054F0910000F7D9FF104054F17B0000244B214110910000F7D9FF0A
:208A4000184054F24B2141106B0F6141910000F7D9FF184054FF7B00000C4B0F41F09100F1
:208A600000F7D9FF184054F04B0F41F0910000F7D9FF204054F07B0000144B104100910040
:208A800000F7D9FF204054F16B1071FF7B00F8036B00215F6DFF9BF53B3033F39B5F26F475
:208AA0004BF241F074CF3C01009082083C3E6D0059236D007E236DFFB7FB910000F7D9FFBF
:208AC0006C2091000027D9226C20542F91000027D922602054206B0021FF74FF91000027EB
:208AE000D9226C20910000F7D9FF6C20481F910000F7D9FF602048106B0021FF6C219100BB
:208B00000027D9226C20910000F7D9FF6C20482F910000F7D9FF602048206B0021FF6C22E3
:208B200082146D009C32C2183B803EF03FF8C17F910000F7D9FF6C2091000027D9226C20FF
:208B4000542F7BA047044B0F51F074FF910000F7D9FF6C2091000027D9226C204C217BA06B
:208B600047044B0F51F06CF1910000F7D9FF6C2091000027D9226C204C227BA047044B0F59
:208B800051F06CF2DA003C046DFFF7FAC21F3B803E003F0FFB7F910000F7D9FF50309100AC
:208BA0000027D9225C10542F74FF910000F7D9FF782091000027D9225410542F74FF91009B
:208BC00000F7D9FF4C3091000027D9225810542F74FF00902008910000F7D9FF144054FF7A
:208BE000910000F7D9FF144054F04B0F41F074AF910000F7D9FF144054FF910000F7D9FF68
:208C00001C4054F04B0F4180910000F7D9FF144054FF910000F7D9FF244054F04B0F41905F
:208C2000910000F7D9FF1C4054FF910000F7D9FF1C4054F04B0F41A0910000F7D9FF1C402E
:208C400054FF910000F7D9FF2C4054F04B0F41B0910000F7D9FF244054FF910000F7D9FFEF
:208C6000244054F04B0F41C0910000F7D9FF244054FF910000F7D9FF2C4054F04B0F41D05F
:208C8000910000F7D9FF2C4054FF910000F7D9FF2C4054F04B0F41E0910000C7D9CC0040ED
:208CA0007B00F8F3910000F7D9FF103054F0910000F7D9FF103054F1910000F7D9FF0830ED
:208CC00054F2910000F7D9FF083054F3910000F7D9FF0C3054F4910000F7D9FF0C3054F5A6
:208CE0004B5441406B3261246B1061426D007F164B2F51F074CF910000F7D9FF08309100EB
:208D00000027D9220830542F91000027D922004054204B0F41F074FF910000F7D9FF0C3075
:208D200091000027D9220C30542F91000027D922004054204B0F41F074FF910000F7D9FFFC
:208D4000103091000027D9221030542F91000027D922004054204B0F41F074FF910000F770
:208D6000D9FF04406B0931FB7B0000044B0F41F074FF910000F7D9FF08406B0D21F87B0006
:208D800000044B0F41F074FF910000F7D9FF0C4054AF6B0A31FF6B0C31FF6B0E21FF74FFCA
:208DA000910000F7D9FF183091000027D9220C30542F91000027D9220C4054204B0F41F09B
:208DC00091000027D9221030542091000027D922084054216B1071FF74FF910000F7D9FFFE
:208DE0001C3091000027D9221030542F91000027D922044054204B0F41F091000027D92208
:208E00000830542091000027D9220C4054216B1071FF74FF910000F7D9FF2030910000276C
:208E2000D9220830542F91000027D922084054204B0F41F091000027D9220C30542091008E
:208E40000027D922044054216B1071FF74FF910000F7D9FF304091000027D9221830542F8B
:208E6000BBA0700D9B30B2034B0F41F07B00F00391000027D922304054216B0F61F174FFCA
:208E8000910000F7D9FF344091000027D9221C30542FBBA0700D9B30B2034B0F41F07B001E
:208EA000F00391000027D922344054216B0F61F174FF910000F7D9FF105091000027D92271
:208EC0002030542FBBA0700D9B30B2034B0F41F07B00F00391000027D922105054216B0F6C
:208EE00061F174FF910000F7D9FF343091000027D9223040542F91000027D9223C205420C0
:208F000091000027D9220430542191000027D9221830542291000027D922343054236B216A
:208F200061136B0F61F174FF910000F7D9FF383091000027D9223440542F91000027D92259
:208F40003C20542091000027D9220430542191000027D9221C30542291000027D922383055
:208F600054236B2161136B0F61F174FF910000F7D9FF3C3091000027D9221050542F910048
:208F80000027D9223C20542091000027D9220430542191000027D922203054229100002752
:208FA000D9223C3054236B2161136B0F61F174FF910000F7D9FF7C2091000027D922144091
:208FC000542F74FF910000F7D9FF403091000027D9221C40542F74FF910000F7D9FF4430F2
:208FE00091000027D9222440542F74FF910000F7D9FF483091000027D9222C40542F74FF77
:20900000910000F7D9FF144091000027D9221C40542F67FFBFFF91000027D922343054205B
:209020004B0F41F091000027D9222440542091000027D922383054216B1071FF91000027E7
:20904000D9222C40542091000027D9223C3054216B1071FFBBA0700D9B30B20391000027A6
:20906000D922144054216B0F61F174FF910000F7D9FF1C4091000027D9227C20542F9100CE
:209080000027D9223430542091000027D9222440542191000027D9223C3054224B214110F8
:2090A0006B0F61F191000027D9222C40542091000027D922383054216B1071FFBBA0700DFE
:2090C0009B30B20391000027D9221C4054216B0F61F174FF910000F7D9FF244091000027D1
:2090E000D9222C40542F91000027D9223430542091000027D9227C20542191000027D92284
:20910000383054224B21411091000027D9224030542291000027D9223C3054236B32711166
:209120006B0F61F1BBA0700D9B30B20391000027D922244054216B0F61F174FF910000F7B8
:20914000D9FF2C4091000027D9227C20542F91000027D9223C30542091000027D922403043
:20916000542191000027D922383054224B2141106B0F61F191000027D92244305420910034
:209180000027D922343054216B1071FFBBA0700D9B30B20391000027D9222C4054216B0F83
:2091A00061F174FF910000C7D9CC00407B00F883910000F7D9FF2C4054FF910000F7D9FF38
:2091C0002C4054F0910000F7D9FF244054F1910000F7D9FF244054F2910000F7D9FF144018
:2091E00054F3910000F7D9FF144054F4910000F7D9FF1C4054F5910000F7D9FF1C4054F621
:209200004B6541506B4361356B2161136B0F61416D00ED134B2851F074CF910000F7D9FFE9
:20922000144091000027D9221440542F91000027D922004054204B0F41F074FF910000F763
:20924000D9FF1C4091000027D9221C40542F91000027D922004054204B0F41F074FF910052
:2092600000F7D9FF244091000027D9222440542F91000027D922004054204B0F41F074FFBC
:20928000910000F7D9FF2C4091000027D9222C40542F91000027D922004054204B0F41F06E
:2092A00074FF910000F7D9FF144054FF910000F7D9FF2C4054F04B0F41F0910000F7D9FF39
:2092C0001C4054F0910000F7D9FF244054F14B104100910000F7D9FF244054F1910000F7B8
:2092E000D9FF244054F24B214110910000F7D9FF2C4054F2910000F7D9FF2C4054F34B328D
:209300004120910000F7D9FF5C106B0021FF7B0000044B0F41407B00F8F36B0221017B00CB
:2093200000146B10715F6DFF52F13B3033F39B5F26F44BF241F074FF910000F7D9FF2430E5
:2093400091000027D9225C10542F67FFBFFF74FF910000F7D9FF5C1054FF82004B0F01F0E8
:20936000AE0E910000F7D9FF543091000027D9225C10542F4B0F31F174FF3C0F910000F7E9
:20938000D9FF543091000027D9225C10542F4B0F31F11B8F16F074FF009082086D00E21EA9
:2093A0006D00071F910000F7D9FF701091000027D9223860942F4B0F41F13BF0FF009B00DB
:2093C00098034B0F41F03B3033039B30EB0391000027D922701054213B6066269B62F2232C
:2093E0004B2141106B0F61F174FF91000027D9227010910000F7D9FF3C6094FF4B0F41F123
:209400003BF0FF009B0098034B0F41003B3033139B31EB13910000F7D9FF7010481F3B60F4
:2094200066269B62F2234B2F41F06B1061FF6C2191000027D9227010910000F7D9FF007078
:2094400094FF4B0F41F13BF0FF009B0098034B0F41003B3033139B31EB13910000F7D9FF17
:209460007010482F3B6066269B62F2234B2F41F06B1061FF6C22910000F7D9FF083091007F
:209480000027D9227010542F74FF91000027D9220C30910000F7D9FF7010481F742F9100CA
:2094A0000027D9221030910000F7D9FF7010482F742F91000027D9227010910000F7D9FFBD
:2094C000047094FF4B0F4101910000F7D9FF4820483F6B0F31F03B70D7079BB0A8034B0F26
:2094E00041F06C2391000027D9227010910000F7D9FF087094FF4B0F4101910000F7D9FF12
:209500004820484F6B0F31F03B70D7079BB0A8034B0F41F06C2482023C1D534220F0910004
:2095200000F7D9FF384010FF9A12534F20F091000027D92238401022542074F0534220F09D
:20954000910000F7D9FF384010FF54F06B002188C212BF42E47F534220F0910000F7D9FF8F
:20956000384010F2910000F7D9FF0C7094F04B004101910000F7D9FF4820485F6B0F31006A
:209580003B3033139B3118144B1051007420910000F7D9FF6C1091000027D9226C10542063
:2095A0003B6066169B61F213534220F091000027D92238401022542F6B0F21F8BBD0CC2CF8
:2095C0009BC2E4234B2F41F03B3033239B32EB234B2F41F06B1061FF74FF91000027D92234
:2095E0007010910000F7D9FF0C7094FF4B0F4101910000F7D9FF4820485F6B0F31F03B702B
:20960000D7079BB0A8034B0F41F06C2591000027D9223430910000F7D9FF7010483F742F39
:2096200091000027D9223830910000F7D9FF7010484F742F91000027D9223C30910000F74E
:20964000D9FF7010485F742F6DFFC6FA00900248404C91000047D94458308204BB00045BB9
:209660006D00530F82043B00F45140C46D004D0F821582093B7007603C7C3B8000703C7580
:2096800053C62BF0911000F7D9FF605D10FF01F700F614F03F8069800251820282E33C4305
:2096A00082E43C3E0B3600A00B4700B0BF0B3800DABC7FFB3500BF0A3300DA787FFA3000A9
:2096C000532B20F03B801700E2A0910000F7D9FF583001F000F610FF09FFC0086E20532BEE
:2096E00020F03B801700E2A0910000F7D9FF583001F000F610FF09FFC0087F1F1180532BAB
:2097000020F03B801700E20A910000F7D9FF583001FA00F610FF09F1C0088212C214BF3474
:20972000C37FC213BF33BE7F762F532720F03B801700E260910000F7D9FF583001F000F6D1
:2097400010FFB4F13C11532720F03B801700E260910000F7D9FF583001F000F610FFB4F5E3
:20976000C21537057050C217DAB43FF78B7FC2F6FF1685FF82083B7007A01D0059013B8010
:2097800000B01D005101532B20F03B801700E2A0910000F7D9FF583001F000F610FF09FFE2
:2097A000C008DF0F40018218532B20F03B801700E2A0910000F7D9FF583001F000F610FF58
:2097C00009FEC00853CA2BF0911000F7D9FF605D10FF01FB00F614F07FE96D809AFE538F81
:2097E00022F010CFB4FB9AFE538F22F010CFA81A9AFE538F22F010CFDA012CF89AFE538FB8
:2098000022F010CFDA012CF99AFE538F22F010CFDA01ACF59AFE538F22F010CFA86B9AFE5A
:20982000538F22F010CFA87A9AFE538F22F010CFA8C09AFE538F22F010CFA8DB9AFE538FF8
:2098400022F010CFA8EA9AFE538F22F010CF9AFE538F22F010C2092FCA08C21FACF59AFE98
:20986000538F22F010CF09FFCC08370F50F037FC10C09AFE538F22F010CF09FFCE08370F21
:2098800050F037FC10C89AFE538F22F010CF02C46D00880189F21E099AFE538F22F010CF49
:2098A00002C46D003A0189F22209370E68901D00BA009AFE538F22F010CF09FFD8087F0F9F
:2098C00011809AFE538F22F010CFA8C09AFE538F22F010CFA8DB9AFE538F22F010CFA8EA39
:2098E0009AFE538F22F010CF09FFC0087FFB07809AFE538F22F010CFB4FB9AFE538F22F086
:2099000010CF09FFC2087FFA07809AFE538F22F010CFA81A9AFE538F22F010CF09FFD0081E
:209920007FBF07809AFE538F22F010CFA88B9AFE538F22F010CF09FFD2087FAF07809AFE2A
:20994000538F22F010CFA89A9AFE538F22F010CF9AFE538F22F010C20920D0089AFE538FAE
:2099600022F010C2092FC008A2F09A102CF89AFE538F22F010CF9AFE538F22F010C20920B1
:20998000D2089AFE538F22F010C2092FC208A2F09A102CF99AFE538F22F010CF9AFE538F47
:2099A00022F010C2092FCA08C21FACF59AFE538F22F010C29AFE538F22F010CF09F0C008AD
:2099C0009AFE538F22F010CF088F82214B1F0122422089208C089AFE538F22F010CF09FF43
:2099E000CC08370F50F037FD10D09AFE538F22F010CF09FFCE08370F50F037FD10D89AFE76
:209A0000538F22F010CF02D46D00CC0089F21E09C2FE538E22F010CF02D46D007E0089F2F4
:209A20002209C21BDAB43FFBB07EC2FAFF1AA9FE820182023C69538222F010CF09FFC20868
:209A4000BFFF0C80BF490B80538222F010CF09F0C208DA147FF003803C54538222F010CF6A
:209A600009F0C008DA147FF00A80538222F010CF09F0C208DA143FF01080538222F010CF42
:209A800009FFD0086E0A538222F010CF09F0C208DA147FF003803C35538222F010CF09F0D5
:209AA000C208DA507F0F0B80538222F010CF09F0CA08DA147FF003803C24538222F010CF02
:209AC00009FFCA086E1E910000F7D9FF1450538222F010C2092FCA084B0F61F174FF5381A6
:209AE00022F010CF538222F010C24922000A49FF000AA094442F64FFFC4EC211370168101E
:209B0000C212370268203F9298FF768302123C0282023C010090370450F88B7F07F14B0FCD
:209B20004101DA004BF001F0370F61F06E036700BF0F370450F08B5F05F1BF0F19007BA043
:209B40002AF4370450104B0141116B0131FF4B0F51406DFFC1ED7B4033F44BF241F03BB0D2
:209B6000FD009B9004044B0F51203C19370450F04B0F41F17BA02A146B0131FF4B0F5140AE
:209B80006DFFAAED7B4033F44BF241F03BB0FD009B9004044B0F51F067FFBF2F3C0100909B
:209BA000370450F08BBF1AF04B0F41F1370450088B9018004B0041014B0041006BFF614060
:209BC0006D00150F3C010090370450F88B7F07F14B0F4101DA004BF001F0370F61F06E03F8
:209BE0006700BF0F370450F08B5F05F1BF0F1E007BA02AF4370450104B0141116B0131FFDB
:209C00004B0F5140910000F7D9FF20506DFF64ED7B4033F44BF241F03BB0FD009B90040461
:209C20004B0F51F074FF3C1E370450F04B0F41F17BA02A146B0131FF4B0F5140910000F74D
:209C4000D9FF20506DFF48ED7B4033F44BF241F03BB0FD009B9004044B0F51F067FFBFFFF1
:209C600074FF910000F7D9FF205091000027D922205054247B00225C7B0022646DFF10F19F
:209C800074F200903B00C0139BC16114024582003C10538022F0104F09F21E094B120130E6
:209CA000370361F06E0302210205C210370068003F40F1FF9AF47FF58200BF1580808203C1
:209CC0008202538522F0104F09F01E099AF5538F22F0104F09F11E096B013100B700810FB0
:209CE0007B000A144B100100370061F06E1C538522F0104F09F02209B700810F9AF5538F38
:209D000022F0104F09FF2209B70F81FF4BF001F016038B0F20F2EE048BF51F403C02025403
:209D200002458213538522F0104F09F01E099A15538F22F0104F09F11E096B013100B70067
:209D4000810F7B000A144B100100370061F06E1B538522F0104F09F02209B700810F9A150A
:209D6000538F22F0104F09FF2209B70F81FF4BF001F016038B0F20F2EE05C2153705685068
:209D80003C018212DF031A00DF021800538422F0104F09FF2209B70F810F538522F0104FE3
:209DA00009FF2209B70F81FF4BF001F016038B0F20F2EE023C0202453C67DF053280BF24A8
:209DC0003080538522F0104F09F01E099A15538F22F0104F09FF1E096B0F31F0B70F81FF58
:209DE0007B000A044B0F01F0370F61F06E18538522F0104F09FF2209B70F810F9A15538F0F
:209E000022F0104F09FF2209B70F81FF4BF001F016038B0F20F2EE03C2153C013C359AF463
:209E20005F5F3380BF243180538522F0104F09F01E099AF5538F22F0104F09FF1E096B0F29
:209E400031F0B70F81FF7B000A044B0F01F0370F61F06E1A538522F0104F09FF2209B70F66
:209E6000810F9AF5538F22F0104F09FF2209B70F81FF4BF001F016038B0F20F2EE05C2F55C
:209E8000370568503C0102523C0100900D00000282046D001B1482046DFF01B78270DA01C8
:209EA0000F0F00F0892F28296D005C196D0081196DFFBAF1910000C7D9CC08A0910000F75E
:209EC000D9FF48104814910000F7D9FF280054F56DFF71EE74C2910000F7D9FF0CA0910087
:209EE0000027D9224810542F67FFBF4F91000027D9222C0054256DFFCFEE74F2910000C7B2
:209F0000D9CC3000910000F7D9FF48104824910000F7D9FF340054F56DFF25EF74C2911014
:209F200000F7D9FF601D91000027D92208A0542F91000027D922300054206B0031FF4B0FAB
:209F400031F174FF911000F7D9FF641D91000027D92208A0542F91000027D9223000542046
:209F60006B0021FF4B0F31F174FF911000F7D9FF681D91000027D9220CA0542F4B0F31F114
:209F800074FF911000F7D9FF601D91100027D922601D54243B008F5D3B0071626DFF8FEF8A
:209FA00074F2911000F7D9FF641D91100027D922641D54243B008F5D3B0071626DFF7FEF7F
:209FC00074F2911000F7D9FF681D91100027D922681D54243B80C75E3B8038616DFF6FEF68
:209FE00074F2910000F7D9FF581054FF7BC020044B0F01F06F2F2380910000F7D9FF58102D
:20A0000054FF7BC0200C4B0F01F06F0F1880910000F7D9FF541054FF7B001F044B0F01F025
:20A02000AE2D910000F7D9FF541054FF7B001F0C4B0F01F0370F61F06E078204820582069C
:20A040006D00C70A3C12911000F7D9FF601D54F4911000F7D9FF641D54F5911000F7D9FF95
:20A06000681D54F66D00B50A911000F7D9FF6C1D94FFBF5F9207911000F7D9FF6C1DDA00CF
:20A08000B4FF6DFF7AF06DFF8AF9910000F7D9FF081091000027D9223450542F910000275E
:20A0A000D9223C5054206B0021FF74FF910000F7D9FF041091000027D9223050542F9100EC
:20A0C0000027D922385054206B0021FF74FF910000F7D9FF280091000027D922541054244D
:20A0E00091000027D9220410542F91000027D922380054206B00215F6DFF83EC74F29100FA
:20A1000000F7D9FF2C0091000027D9225810542F67FFBF4F91000027D9220810542F910053
:20A120000027D9223C0054206B00215F6DFFB3EC74F2910000F7D9FF185054FFBF1F0002F6
:20A14000910000F7D9FF0060DA0074FF910000F7D9FF1460DA00B4FF911000F7D9FF584B7E
:20A1600054F46DFF33FD910000F7D9FF086091100027D922584B54246DFF14FD74F29100E1
:20A1800000F7D9FF205054FF82004B0F01F0370F61F06E10910000F7D9FF24507B0004F404
:20A1A00074FF910000F7D9FF28507B0010F474FF3C1A910000F7D9FF205054FF82004B0F0D
:20A1C00001F0370F61F16E0F910000F7D9FF24507B0004F474FF910000F7D9FF28507B006C
:20A1E00010F474FF910000F7D9FF541054FF7B000C044B0F01F0370F61F06E49910000F725
:20A20000D9FF541054FF7B000C0C4B0F01F0370F61F16E3D910000F7D9FF1C5054FF9100DE
:20A2200000F7D9FF205054F04B0F01F0370F61F06E10910000F7D9FF1C5091000027D922BC
:20A240001C50542F7B00E8036B0021FF74FF3C1E910000F7D9FF1C5054FF910000F7D9FFD2
:20A26000205054F04B0F01F0370F61F16E0F910000F7D9FF1C5091000027D9221C50542F5C
:20A280007B00E8036B0031FF74FF3C56910000F7D9FF541054FF7B000C044B0F01F0AE2DF0
:20A2A000910000F7D9FF541054FF7B000C0C4B0F01F0370F61F06E40910000F7D9FF1C5098
:20A2C00054FF910000F7D9FF205054F04B0F01F0370F61F06E12910000F7D9FF1C50910058
:20A2E0000027D9221C50542FBBA099099B90E1036B0021FF74FF3C20910000F7D9FF1C501B
:20A3000054FF910000F7D9FF205054F04B0F01F0370F61F16E11910000F7D9FF1C50910017
:20A320000027D9221C50542FBBA099099B90E1036B0031FF74FF910000F7D9FF1C5054FFD3
:20A34000910000F7D9FF205054F06B0031FFB70F81FF7B00F8034B0F01F0370F61F06E2919
:20A36000910000F7D9FF1C5054FFB70F81FF7B0012044B0F01F0370F61F06E1B910000F7F4
:20A38000D9FF2C50DA0074FF910000F7D9FF1C6094F0DA787FF00D00910000F7D9FF1C6012
:20A3A00091000027D9221C60942FC21FB4FF3C07910000F7D9FF2C50DA0074FF910000F723
:20A3C000D9FF1C5054FF910000F7D9FF205054F06B0031FFB70F81FF7B00F8034B0F01F030
:20A3E000370F61F06E43910000F7D9FF1C5054FFB70F81FF7B001A044B0F01F0370F61F035
:20A400006E35910000F7D9FF1C5054FFB70F81FF7B0012044B0F01F0370F61F16E2791009A
:20A4200000F7D9FF1C6094F0DA647FF00D00910000F7D9FF1C6091000027D9221C60942FC5
:20A44000C21FB4FF910000F7D9FF1C6094F0DA647F0F0D00910000F7D9FF1C60910000279B
:20A46000D9221C60942FC2FFB4FF910000F7D9FF1C5054FFB70F81FF7B001A044B0F01F0E5
:20A48000370F61F16E35910000F7D9FF205054FFB70F81FF7B001A044B0F01F0370F61F19C
:20A4A0006E27910000F7D9FF1C6094F0DA5A7FF00D00910000F7D9FF1C6091000027D92268
:20A4C0001C60942FC21FB4FF910000F7D9FF1C6094F0DA5A7F0F0D00910000F7D9FF1C609E
:20A4E00091000027D9221C60942FC2FFB4FF910000F7D9FF086054FF7BC028044B0F01F029
:20A50000370F61F06E1A910000F7D9FF2C50DA0074FF910000F7D9FF1C6094F0DA507F0FDB
:20A520000D00910000F7D9FF1C6091000027D9221C60942FC2FFB4FF1D003304910000F7F0
:20A54000D9FF146094F0DA963FF02001910000F7D9FF146094FF3B6022007F0F1701910010
:20A5600000F7D9FF0C6014FFEE09910000F7D9FF28507B000AF474FF3C0ADA016E089100AA
:20A5800000F7D9FF28507B000EF474FF910000F7D9FF1C5054FF82004B0F01F0370F61F100
:20A5A0006E1B910000F7D9FF1C6094F0DA373FF01400910000F7D9FF1C6091000027D922CF
:20A5C0001C60942F4B0F41F17B00F0036B00314F6DFFC1DCB4F2910000F7D9FF1C5054FF89
:20A5E00082004B0F01F0370F61F16E1B910000F7D9FF1C6094F0DA373F0F1400910000F712
:20A60000D9FF1C6091000027D9221C60942F4B0F41F17B00F0036B00214F6DFF9CDCB4F295
:20A62000910000F7D9FF1C5054FF82004B0F01F0370F61F06E1B910000F7D9FF1C6094F0AE
:20A64000DA373FF01400910000F7D9FF1C6091000027D9221C60942F4B0F41F17B00F003DE
:20A660006B00314F6DFF77DCB4F2910000F7D9FF1C5054FF82004B0F01F0370F61F06E1B7E
:20A68000910000F7D9FF1C6094F0DA373F0F1400910000F7D9FF1C6091000027D9221C60DC
:20A6A000942F4B0F41F17B00F0036B00214F6DFF52DCB4F2910000F7D9FF1C5054FF820021
:20A6C0004B0F01F016068B0F20F26E24910000F7D9FF1C5054FF7B0022044B0F01F0370F84
:20A6E00061F06E18910000F7D9FF0C6014FFEE12910000F7D9FF1C5091000027D9221C50B9
:20A70000542FBBD0CC0C9BC0E4036B0021FF74FF3C2F910000F7D9FF1C5054FF82004B0FAD
:20A7200001F016038B0F20F26E23910000F7D9FF1C5054FF7B00220C4B0F01F0370F61F127
:20A740006E17910000F7D9FF0C6014FF6E11910000F7D9FF1C5091000027D9221C50542FA8
:20A76000BBD0CC0C9BC0E4036B0031FF74FF910000F7D9FF146091000027D9221460942F68
:20A78000C21FB4FF1D000D03910000F7D9FF146094FF3B6022003F0FE500910000F7D9FF41
:20A7A000146094FF3B2035003FF0DC00910000F7D9FF1C5054FF82004B0F01F0370F61F173
:20A7C0006E2F910000F7D9FF1C5091000027D9221C50542FBBD0CC0C9BC0E4036B0031FF2E
:20A7E00074FF910000F7D9FF1C5054FF82004B0F01F0370F61F16E13910000F7D9FF1C5015
:20A8000054FF7B0004044B0F01F0370F61F06E07910000F7D9FF1C50DA0074FF3C399100EC
:20A8200000F7D9FF1C5054FF82004B0F01F0370F61F06E2E910000F7D9FF1C509100002706
:20A84000D9221C50542FBBD0CC0C9BC0E4036B0021FF74FF910000F7D9FF1C5054FF8200CA
:20A860004B0F01F0370F61F06E13910000F7D9FF1C5054FF7B00040C4B0F01F0370F61F1E8
:20A880006E07910000F7D9FF1C50DA0074FF910000F7D9FF541054FF7B0004044B0F01F045
:20A8A000370F61F06E38910000F7D9FF541054FF7B00040C4B0F01F0370F61F16E2C9100AB
:20A8C00000F7D9FF1C5054FF7B000A044B0F01F0370F61F06E20910000F7D9FF1C5054FFD2
:20A8E0007B000A0C4B0F01F0370F61F16E14910000F7D9FF1C6094F0DA3C7F0F0D009100C0
:20A9000000F7D9FF1C6091000027D9221C60942FC2FFB4FF910000F7D9FF0C6014FF6E0831
:20A92000910000F7D9FF0C60DA0034FF3C0D910000F7D9FF0C6014FFEE07910000F7D9FFC1
:20A940000C60DA0134FF910000F7D9FF146091000027D9221460942FC21FB4FF1D002102EB
:20A96000910000F7D9FF146094FF3B2035003F0F2001910000F7D9FF146094FF3B204E0061
:20A980007F0F1701910000F7D9FF0C6014FFEE09910000F7D9FF28507B000AF474FF3C0A31
:20A9A000DA016E08910000F7D9FF28507B000EF474FF910000F7D9FF1C5054FF82004B0F83
:20A9C00001F016068B0F20F26E24910000F7D9FF1C5054FF7B0022044B0F01F0370F61F08A
:20A9E0006E18910000F7D9FF0C6014FFEE12910000F7D9FF1C5091000027D9221C50542F84
:20AA0000BBD0CC0C9BC0E4036B0021FF74FF3C2F910000F7D9FF1C5054FF82004B0F01F03C
:20AA200016038B0F20F26E23910000F7D9FF1C5054FF7B00220C4B0F01F0370F61F16E1790
:20AA4000910000F7D9FF0C6014FF6E11910000F7D9FF1C5091000027D9221C50542FBBD09F
:20AA6000CC0C9BC0E4036B0031FF74FF910000F7D9FF1C5054FF82004B0F01F0370F61F12A
:20AA80006E1B910000F7D9FF1C6094F0DA373FF01400910000F7D9FF1C6091000027D922EA
:20AAA0001C60942F4B0F41F17B00F0036B00314F6DFF51DAB4F2910000F7D9FF1C5054FF16
:20AAC00082004B0F01F0370F61F16E1B910000F7D9FF1C6094F0DA373F0F1400910000F72D
:20AAE000D9FF1C6091000027D9221C60942F4B0F41F17B00F0036B00214F6DFF2CDAB4F223
:20AB0000910000F7D9FF1C5054FF82004B0F01F0370F61F06E1B910000F7D9FF1C6094F0C9
:20AB2000DA373FF01400910000F7D9FF1C6091000027D9221C60942F4B0F41F17B00F003F9
:20AB40006B00314F6DFF07DAB4F2910000F7D9FF1C5054FF82004B0F01F0370F61F06E1B0B
:20AB6000910000F7D9FF1C6094F0DA373F0F1400910000F7D9FF1C6091000027D9221C60F7
:20AB8000942F4B0F41F17B00F0036B00214F6DFFE2D9B4F2910000F7D9FF146091000027C4
:20ABA000D9221460942FC21FB4FF1D00FA00910000F7D9FF146094FF3B204E007FF00B002E
:20ABC000910000F7D9FF14603B8022F0B4FF1D00E800910000F7D9FF1C6094F0DA467F0F0E
:20ABE0000D00910000F7D9FF1C6091000027D9221C60942FC2FFB4FF910000F7D9FF205036
:20AC0000DA0074FF910000F7D9FF1C5054FF82004B0F01F0370F61F06E30910000F7D9FF66
:20AC20001C5091000027D9221C50542FBBD0CC0C9BC0E4036B0021FF74FF910000F7D9FF03
:20AC40001C5054FF82004B0F01F0370F61F06E14910000F7D9FF1C5054FF7B00040C4B0F4B
:20AC600001F0370F61F16E08910000F7D9FF1C507B00F8FB74FF3C3A910000F7D9FF1C50E6
:20AC800054FF82004B0F01F0370F61F16E2F910000F7D9FF1C5091000027D9221C50542FF1
:20ACA000BBD0CC0C9BC0E4036B0031FF74FF910000F7D9FF1C5054FF7B0004044B0F01F0F4
:20ACC000370F61F06E13910000F7D9FF1C5054FF82004B0F01F0370F61F16E08910000F7DA
:20ACE000D9FF1C507B00F8F374FF910000F7D9FF1C6094F0DA463F0F2000910000F7D9FFE9
:20AD00001C5054FF7B0004044B0F01F0370F61F06E13910000F7D9FF1C5054FF7B00040CE4
:20AD20004B0F01F0370F61F16E07910000F7D9FF1460DA97B4FF910000F7D9FF1C5054FFA4
:20AD400082004B0F01F0370F61F16E08910000F7D9FF0C60DA0034FF3C12910000F7D9FF91
:20AD60001C5054FF82004B0F01F0370F61F06E07910000F7D9FF0C60DA0134FF910000F7D9
:20AD8000D9FF2C50DA0074FF910000F7D9FF146091000027D9221460942FC21FB4FF91002F
:20ADA0000047D9441C5091100057D9555C1DBBD0CC4C9BC4DC436DFF20E8910000F7D9FF2F
:20ADC000340091000027D9221C50542491000027D922001054256DFFA4E674F2910000C7B8
:20ADE000D9CC3C50910000F7D9FF106094FF4B0F41F1910000F7D9FF2C5054F84B8F41F000
:20AE0000B70F819F910000F7D9FF1C5054FFB70F81FF910000F7D9FF2C5054F84B8F41F0B4
:20AE20007B802C844B8F41F07B0022844B8F51F06B0F31F974CF910000F7D9FF3C5054FFFA
:20AE40007B00F8834B8F01F0370F61F16E09910000F7D9FF3C507B00F8F374FF3C1291007E
:20AE600000F7D9FF3C5054FF82084B8F01F0370F61F06E07910000F7D9FF3C50DA0074FF8A
:20AE8000910000F7D9FF0810910000C7D9CC3C5054CF910000C7D9CC345054C86B0821FF5E
:20AEA00074FF910000C7D9CC3850910000F7D9FF285054FF910000F7D9FF1C5054F84B8F7D
:20AEC00041F07B802C844B8F5190910000F7D9FF245054FF910000F7D9FF106094F84B0805
:20AEE00041814B8F41F07B802C844B8F51F0910000F7D9FF106094F84B0841814B8F41F043
:20AF00007B802C844B8F51F0910000F7D9FF1C5054F84B8F41F07B802C844B8F51F06B0F08
:20AF200021F967FFBFFF74CF910000F7D9FF385054FF7B8014844B8F01F0370F61F16E08E9
:20AF4000910000F7D9FF38507B8014F474FF910000F7D9FF385054FF7B00168C4B8F01F070
:20AF6000370F61F06E08910000F7D9FF38507B0016FC74FF910000F7D9FF0410910000C710
:20AF8000D9CC305054CF910000C7D9CC385054C86B0821FF74FF911000F7D9FF701D94F839
:20AFA000DA0A3FF87300911000F7D9FF701DDA00B4FF6D004503910000C7D9CC38009110EE
:20AFC00000F7D9FF741D888F911000F7D9FF741D8890A20F325F82204B0F01426DFF89E388
:20AFE00074C2910000F7D9FF186094FF910000F7D9FF1C6094F07FF00E00910000F7D9FF73
:20B00000186091000027D9221860942FC2FFB4FF3C18910000F7D9FF186094FF910000F70F
:20B02000D9FF1C6094F07F0F0D00910000F7D9FF186091000027D9221860942FC22FB4FF33
:20B04000910000F7D9FF3C0091000027D9221060942491000027D9221860942F42F46DFFE9
:20B06000CBE374F2910000C7D9CC0010911000F7D9FF741D888F911000F7D9FF741D88947A
:20B0800042F46DFF41E474C2911000F7D9FF6C1D911000C7D9CC6C1D94CFC21FB4FF91108C
:20B0A00000F7D9FF701D911000C7D9CC701D94CFC21FB4FF910000F7D9FF0460910000C787
:20B0C000D9CC046094CFC21FB4FF0D00400200800D00000282046D00F90A82046DFFDFAD1E
:20B0E000DA0982180FF80080892828290D00400200800D00000282046D00E80A82146DFF85
:20B10000CEAD8278DA010F8F00F0892F28290D00400200800D00000282046D00D70A821400
:20B120006DFFBDADDA0982180FF80080892828290D00400200800D00000282046D00C60A92
:20B14000910000F7D9FF1090D4FF2D0F00000D00400200800D00000282046D00B70A8204C8
:20B160006DFF60D0762482046DFF71CC82446DFF59D0762482446DFF6ACC0D00400200803E
:20B180000D00000282046D00A10A82146DFF4AD0762B82146DFF5BCC910000F7D9FF20900C
:20B1A000D4FF2D0F000082546DFF3CD0762482546DFF4DCC0D00400200800D0000028204D9
:20B1C0006D00840A82346DFF2DD0762B82346DFF3ECC910000F7D9FF1C90D4FF2D0F00006D
:20B1E00082746DFF1FD0762482746DFF30CC0D00400200800D00000282046D00670A911023
:20B200000047D944E0626DFFD8AC0D00400200800D00000282046D00590A6D0019050D00CC
:20B22000400200800D00000282046D004F0A0D00400200800D00000282046D00470A91102E
:20B240000047D944CC826DFFB8AC0D00400200800D00000282046D00390A91100047D94453
:20B26000F8926DFFAAAC0D00400200800D00000282046D002B0A91100047D944E4B26DFF75
:20B280009CAC0D00400200800D00000282046D001D0A910000F7D9FF1890D4FF2D0F000057
:20B2A0000D00400200800D00000282046D000E0A91100047D944D0D26DFF7FAC0D00400218
:20B2C00000800D00000282046D00000A910000F7D9FF2490D4FF2D0F00000D0040020080F0
:20B2E0000D00000282046D00F10991100047D944FCE26DFF62AC0D00400200800D00000217
:20B3000082046D00E3096D0086020D00400200800D00000282046D00D90991100047D944A1
:20B3200028036DFF4AAC0D00400200800D00000282046D00CB0991100047D94414236DFF33
:20B340003CAC0D00400200800D00000282046D00BD0991100047D94400436DFF2EAC0D00D3
:20B36000400200800D00000282046D00AF0991100047D9442C536DFF20AC0D0040020080C6
:20B380000D00000282046D00A10991100047D94418736DFF12AC0D0040020080C234B704C7
:20B3A00002F06E659249DF096300910000F7D9FF04A054FFEE1582046DFFBFE0802F325F77
:20B3C000160392446DFFB9E08020DFF051001022F4F291000047B54200A082007420D4FC4C
:20B3E000820A3C0310CCB0FC54CF6E036F0FFCFFF4FC3C1DB70801F010CF6F08188054FFB3
:20B40000EE1182046DFF99E049F4040A7D420F80325802846DFF91E0802F1EF874CA8208AF
:20B420003C0CAE0442F874C840CF40FC54C876856F08E2FF3F98E0FFDF082680BF191800AF
:20B4400002946DFF7AE0802F9EF249CF040A01F220F4EE0D012F30F4EE12802F325F16037C
:20B46000102F92446DFF69E0802F5EF3A002009001CF2020802F960174CF40FC01C900F63B
:20B4800074FA3C0A9A493FF8078001C900F6A29874F83C0202898F1940F174CF49C2040AF3
:20B4A0000090DF043000404FBF842780804F8F3F000180518F3100115F101F802E06C2F438
:20B4C000045F344F494F010A80FF2E16045F24FFC2E4045F24FF8F7400018FD41FF06E0B7F
:20B4E00002F14052C2F160160922480189F24801FC6CD05502047646C2F46042045F24FF39
:20B50000FC2E40420090404FBF852380804F2E05C2F53444494F010A80FF2E1424F4C2E525
:20B5200024F48F7500F106D5DF051200D200764A370468008F802010A6108F002110A6108D
:20B540000201C2F5605289F04801FC2E02F57655C2F5605224F4FC2F40420090024F370F7C
:20B56000E81B8F1F1E00DAFF7E17024F7444B70F89FB6E123C0B8FF00150DA7F7FF10900D2
:20B58000DA00B70F81FFA65F744F02420090DA963FF10A007444DA00B70F81FF8FF00120CD
:20B5A000A6F20090B704890B8F71012082F38B6109110F1300302630B700890BA652A602E5
:20B5C00074426B0231F4B70F812FA6520090026F325437045040370550506D00B2008EFCDE
:20B5E0003B402A4082056D0000233B50014002F56D00EC273C0C3B402A4082156D00F522C4
:20B600003B500140325F02F56D00E02700906D00EA003B402A408215820682376D00A2228D
:20B620003B5001403B80265482066D00222700908224823582366D00F41E0090910000F78F
:20B64000D9FF106082246D00AF1FB4F282246D00C81E910000F7D9FF206091000027D9228F
:20B660001060942F4B0F41F13BE0B8029B4086034B0F41F0BBA0700D9B30C2034B0F51F044
:20B6800074FF0090911000F7D9FF741DDAA534FF911000F7D9FF741DDA022CF1911000F762
:20B6A000D9FF741DDA002CF2911000F7D9FF741DDA002CF3911000F7D9FF741DDA002CF434
:20B6C000911000F7D9FF741DDA002CF5911000F7D9FF741DDAA72CF6823491100047D9440F
:20B6E000741D82756D001039009091100047D944741D820482756DFF08FF91100047D944F1
:20B70000741DB074820482756DFFFFFE911000F7D9FF741DDA002CFE911000F7D9FF741D88
:20B72000DA002CFF911000F7D9FF741DDA00ACF9911000F7D9FF741DDA00ACF800909110D4
:20B7400000F7D9FF741DDAA534FF911000F7D9FF741DDA012CF1911000F7D9FF741DBB0022
:20B76000F0FF264F868F2CF2911000F7D9FF741D8FF40FF12CF3911000F7D9FF741DBB00D3
:20B78000F0FF265F868F2CF4911000F7D9FF741D8FF50FF12CF5911000F7D9FF741DDA007F
:20B7A0002CF682003C1491100027D922741D911000F7D9FF741D086F911000F7D9FF741DC8
:20B7C00001F000F614F1421F2C26C210BF60ED7F823491100047D944741D82756D009438F1
:20B7E000009082343B0080509B7500503B5001603BE000706D005A31823482156D001F351B
:20B800006DFF75FF820482056DFF9BFF6DFF3CFF00902008823449A4000A6D00FD34DF02AA
:20B82000C00014A0DAA57E0F911000F7D9FF741D087F3B500A003E07911000F7D9FF741D25
:20B84000DA002CFE911000F7D9FF741D08EF911000F7D9FF741D10FF14AF2CF7911000F75E
:20B86000D9FF741D91100027D922741D0C2EC21F2CFE911000F7D9FF741D08EFBF7F91807F
:20B88000911000F7D9FF741D087F3B500A005F0F7980911000F7D9FF741DDA002CFF82009C
:20B8A0003C1591100027D922741D911000F7D9FF741D08F1911000F7D9FF741D01F000F601
:20B8C000087F42F189210F08C210BF60EC7F911000F7D9FF741D08FF911000F7D9FF741D88
:20B8E00008D05F0F3F80911000F7D9FF741D088FDF2F288091100027D922741D911000F709
:20B90000D9FF741D089F8F8F2000911000F7D9FF741D08AFA6F08920900891100027D92287
:20B92000741D911000F7D9FF741D08BF8F8F2000911000F7D9FF741D08CFA6F089209208BF
:20B94000911000F7D9FF741DDA002CFE91100047D944741DB074820482756DFFD6FD3C1020
:20B96000911000F7D9FF741DDA002CFE91100047D944741DB074820482756DFFC6FD3C1010
:20B98000911000F7D9FF741DDA002CFE91100047D944741DB074820482756DFFB6FD0090BC
:20B9A0006F770C006F0505808FF707F16E06C215EF850400C21606F5B70589FB8F76010042
:20B9C0008F840120A60FA6F20090201049A6100AA00FF4AF89A4840982FF780240A46DFFC6
:20B9E00053D9D801DA0034FF009002483708E8FBEE05820402851DFF6DE26DFFD2DBDF02D4
:20BA00002280DA004BF801008F3000F16E056F001A001DFF95DB4B0891F17B00F0034B0898
:20BA200041007B00FC134BF041206BF271214B2F41F04BF041006BF071014B0F41F04BF8EE
:20BA4000418002820090404F044FEEFF01F420F080F2C2F200903B00D0269B9212246B4444
:20BA600061224B4441F0BBE0F408BB50061D9BA014049BB10C146B1F61106BF261F04BF11A
:20BA800051F04B4F412000906D0010066D0036006D003F006D00871A82046D00170600905A
:20BAA0004DC0E1FF16073C016E083C01911000F7D9FF482D14FF6EFB4DC0E1FF16073C01E4
:20BAC000911000F7D9FF482D10FFDA0134FF8218DA003C0B911000F7D9FF482D10FF14F0B1
:20BAE000E20837086880C21FBF3FF6FF82146D00B61ADF08EE7F00906DFF61CE02246DFF7D
:20BB0000B5CD6DFF70CE02246DFFF4CD0090911000F7D9FF4C2D6DFFAFC168224DC0E1FFDA
:20BB20008F7F00413C01911000F7D9FF4C2D6DFFD3C06812911000F7D9FF4C2D6DFF37C2C9
:20BB400074F2C5FF0001BCF182046DFFFFC1913000FF39FF3006160F4B0F41F14BF251F0FE
:20BB60003C013C01911000F7D9FF4C2D6CF30090404F0258F64791000027D9222860142FCF
:20BB8000EE023C1F91000027D9222460142F6E033C013C0091000027D9222460DA00C21F04
:20BBA000342F6D0077053C0C91100048D94478A4A00640F502846D0075006D0004003CF5EA
:20BBC00000902008DA0074AFDA007801DA0074AF3C0FDA0078013C045801C21F7801580176
:20BBE0003BF0FF017FF0FAFF54AFC21F74AF54AF3BF0FF007FF0EFFF0090201849A4000A62
:20BC00006D003102911000F8D9FF082CF80249A4000A6D00EC018204BB00205C9B150050D7
:20BC2000820682076D00422F91100047D944743D820491100057D955702D3B0004506D001A
:20BC40008902820482156D00FA320090910000F7D9FF2C6014FF6E13820491100047D94408
:20BC6000703D6D00D93291100047D944743D91100057D955703D82146D0062030090404698
:20BC800076423C0E910000F7D9FF2C6014FF6E0891100048D94448B402546D0003000090D5
:20BCA000D9AAE86F404C405D0248406E820089A08C08DA00ACA7DA007804DA00ACAADA00BD
:20BCC000ACAB40D46DFFC1FE89A2100991100027D9225C2D092FC0086E08911000F7D9FF58
:20BCE0005C2DC84F2D0F0000910000F7D9FF2C6014F0DF007B01911000F7D9FF5C2D09FF1C
:20BD0000C008DF0F3F0109A096088CABC21FACAB911000F7D9FF5C2DC83F820437007050FA
:20BD200040C42D0F000040D46DFF8FFE89A21009911000F7D9FF5C2D09F0C208911000F71E
:20BD4000D9FF5C2D086F4BF0010289A094083C0109DF0008B01DEEFDDA00ACA73C11B0FDFC
:20BD600009D00008DA2F3E0509D00008DA5C7E0509AFCE08C21FACA75804C2FF780409AFE9
:20BD8000CE08FF2F05805804FF0FEB7F58040EFCB01DF4AD49A4180A91100058D9555C944C
:20BDA0006DFF15FE3C1709AFCE08EE0BF4AD49A4180A91100058D95568946DFF08FE3C0A9F
:20BDC000F4AD49A4180A91100058D9555C946DFFFEFDDA00ACA63C4CDA00ACA73C2349A408
:20BDE000180A6DFF32FE09A0CC088CAA09A1CE0803F00AF17FF203803C1A09AFCE0810AFCD
:20BE000049FF184A09A0CC088CAA09A1CE0803F00AF110A2092F180834FF09AFCE08C21FAB
:20BE2000ACA709A0CE088CAA3FF0DB7F09AFCE0810AF49FF184ADA0034FF911000F7D9FFFD
:20BE40005C2D08708CABE2F08CABC21FACAB911000F7D9FF5C2DC83F82043700705049A4FF
:20BE6000184A2D0F000009AFCC08C21FACA609A9CC0849A4180A6DFFE8FD8CAA4BF21102F9
:20BE80009A103FF9ABFF74A849A4180A91100058D95578946DFF9BFD911000F7D9FF5C2DBB
:20BEA000087F09A09608E2F08CABC21FACAB911000F7D9FF5C2DC83F82043700705049A409
:20BEC000180A2D0F0000A00F7DEF5B00DA00ACA63C4CDA00ACA73C2240E46DFFB6FD09A063
:20BEE000CC088CAA09A1CE0803F00AF17FF203803C1A09AFCE0810AF49FF184A09A0CC080C
:20BF00008CAA09A1CE0803F00AF110E2092F000834FF09AFCE08C21FACA709A0CE088CAAA1
:20BF20003FF0DC7F09AFCE0810AF49FF184ADA0034FF911000F7D9FF5C2D087F09A09608AC
:20BF4000E2F08CABC21FACAB911000F7D9FF5C2DC83F82043700705049A4184A2D0F000098
:20BF600009AFCC08C21FACA609A8CC0840E46DFF6CFD8CAA4BF211029A103FF8ACFF3C3501
:20BF800049A4185A82043B0010506DFFBEFA911000F7D9FF5C2DC82F40C42D0F0000A00F1E
:20BFA0007DEF1000F4AD89A8040989AE880949A4185A91100058D95544A46DFF08FD3C0C37
:20BFC000F4AD89A8040949A4185A91100058D95560A46DFFFCFC911000F7D9FF5C2DC82FA4
:20BFE00049A4185A2D0F00000090911000F7D9FF5C2D094FC008B4FF911000F7D9FF5C2D51
:20C00000094FC208ACF1911000F7D9FF5C2D094FC408ACF2911000F7D9FF5C2D0C462CF639
:20C02000911000F7D9FF5C2D0C472CF7911000F7D9FF5C2D09428809E822911000F7D9FF42
:20C040005C2D09428C09E83291100027D9225C2DCC44EC24910000F7D9FF2C60DA0134FFF7
:20C060000090DA00B44FBBF0FFFFAC41BBF0FFFFAC42DAFF2C46DAFF2C47A00FEC42A00F03
:20C08000EC43A00FEC44009082046D005A340090024F8204370F68506D00423402F23C0108
:20C0A0000090404FA00201F2104491100048D94454B43B5005506DFF5DFD820814FF960190
:20C0C00034FFDA006CF2DA006CF3485F6CF4081F82003E0682103E0A8220BE003C17C8145F
:20C0E000820448556DFF11FA3C11C8148204485F532F20506DFF09FA3C09C8148204485FA1
:20C10000534F20506DFF01FA3C01DA0034FF02823C0100904C43424F6C433C064C43094022
:20C120001409A20F6C434C4509400C097FF0F8FF00904C42424F6C423C064C42094014099A
:20C14000A20F6C424C45094008097FF0F8FF0090404F024F405C0258A00201F2104491103F
:20C160000048D94454B43B2022506DFF03FD8202E81C820034F02CF1DA006CF2DA006CF35D
:20C18000684868583C010090404F405C406D0249A00201F2104491100048D94454B43B10FD
:20C1A00016506DFFE7FCA00201D2104491100048D94454B43B2016506DFFDCFC82088200E2
:20C1C000A0027DC2058082381D00900014FF16036E0574D082681D009F0040F46D009F00C9
:20C1E00054D07F020B8074D28278F62714FFB70F81F134FF1D00900014FF960834FF485FFC
:20C200004830520A54D03F0A2B80081F82003E0682103E0C8220BE063C21C812483F102510
:20C2200054D440C46DFF3FF93C19C812483F532F20F0102554DF532F204040C46DFF33F900
:20C240003C0DC812483F534F20F0102554DF534F204040C46DFF27F93C013C43081F820023
:20C260003E078210BE0482205F0F27003C3AC812483F102540C402A46DFF15F901CA0046AD
:20C28000C81554D4A2A46DFF0EF93C2BC812483F532F20F01025532A204040C46DFF03F908
:20C2A000532A20F010C4C81554DFA2AF532F20406DFFF9F83C16C812483F534F20F01025E3
:20C2C000534A204040C46DFFEEF8534A20F010C4C81554DFA2AF534F20406DFFE4F83C01A2
:20C2E00014FFB70F81F134FFDF09168014F0DA0B7E0382283C1014FF960234FF54D440F4A8
:20C300006DFF0AFF484F54D0420F6CF414FFB70F81F034FF02823C010090404FA002012F0D
:20C32000104491100048D94454B43B6007506DFF21FC485F484052023C010090404F405CA5
:20C340000248A00201F2104491100048D94454B43B000B506DFF0EFC8209A0027DC205809F
:20C3600082391D00B50014FF16056E0482491D00AF0014FF960434FF484F3F8FA480485FE9
:20C380004820520A7F8A69800810DA003E0882115F012000DA025F0F3E003C5DC812482F2A
:20C3A000102440C502A46DFF7EF840F402A46DFFC2FEC812482F102401CA00560BA880409D
:20C3C0006DFF71F80BA8804040F46DFFB4FE3C43C812482F532F20F01024532A204040C54B
:20C3E0006DFF61F840F402A46DFFA5FEC812482F532F20F01024532A20F010C55AA8532F92
:20C4000020406DFF50F80BA8804040F46DFF93FE3C22C812482F534F20F01024534A2040D2
:20C4200040C56DFF40F840F402A46DFF84FEC812482F534F20F01024534A20F010C55AA8D0
:20C44000534F20406DFF2FF80BA8804040F46DFF72FE3C013C33081F82003E068210BE00DB
:20C460008220BE0D3C2BC812482F102440C502846DFF19F840F402846DFF5DFE3C1FC812A5
:20C48000482F532F20F010245328204040C56DFF0AF840F402846DFF4EFE3C10C812482F02
:20C4A000534F20F010245348204040C56DFFFBF740F402846DFF3FFE3C01484FA28F6CF470
:20C4C0003C02825914FFB70F01F134FF02923C010090404F0248A00201F210449110004839
:20C4E000D94454B43B4008506DFF44FB820914FF16056E0382493C2E14FF960434FF484FC3
:20C500006E24081F82003E0682103E0982203E0E3C14C812482F102234283C0FC812482F0A
:20C52000532F20F01022B4283C08C812482F534F20F0102274283C01821440F46DFFFBFDDB
:20C54000484FC2FF6CF43C02825914FFB70F01F134FF02923C0100902058404C0B451088BF
:20C56000A00F01FC104491100048D944D4C43B301C506DFFFFFA0290A00F7DCF04801D00B3
:20C5800088004B08312182014B180110370161F06E05DA2D34CFB01C3C0E3708E8FBBA0F70
:20C5A0006E0ADA3034CFB01CDA2E34CFB01CDA3034CF3C6E4B0241F16B0F31F83C06C2F086
:20C5C0007B0012144B1F41F0DF00FBFF4B0F31418206534620F010AFDA0A4BF2010274F101
:20C5E0009A16370F6860DA0A4BF20122DF02F3FF3C189AF6534F20F010AF54F00E079AF628
:20C60000534F20F010AF54FF3C079AF6534F20F010AF54FF325F8B0F03F034CFB01CC2F61A
:20C62000DF06E9FFDF0935008202DA2E34CFB01CF644DA3034CF3C2C3C0F534220F010AF57
:20C64000DA0A4BF4010268C19A12370F6820DA0A4BF40142C2F9DF09F2FF3C189AF2534F95
:20C6600020F010AF48CF0EF79AF2534F20F010AF48CF3C079AF2534F20F010AF48CF325FD3
:20C680008B0F03F034CFB01CC2F2DF02E9FF00906D000C006D00C01A6D00B01E6D00AC1805
:20C6A00082046D00130000904DC0E2FF370FE1F78B0F20F23C010D00400300003C013C0125
:20C6C0008B0F00223C010090F6430D000003009091100047D944544D820491100057D955A6
:20C6E0004C4D3B8000506DFF35FD0090404F405C024891000027D9221490142F82103E0980
:20C7000082203E078230BE0F82405F0F37003C4FDA003C0882058206820702F46D00221A6C
:20C72000C21FBF8FF9FF82548275821640F440C502876D00D114022F3B90004082156D0019
:20C740006B183C36DA003C0882058206820702F46D00081AC21FBF8FF9FF8254827582062D
:20C7600040F440C502876D00B714022F3B90004082156D0051183C1CDA003C088205820691
:20C78000820702F46D00EE19C21FBF8FF9FF82548275820640F440C502876D009D14022F19
:20C7A0003B90004082156D0037183C023C0102F23C01009091100047D9446C4D6D00002094
:20C7C000022F91100047D9446C4D3B000F406D00F71F8F8F20F0A6F23C01009082088209B5
:20C7E000820B820A911000F7D9FF6C4DDA5C2CF8911000F7D9FF6C4D09400A0989F00A098C
:20C80000911000F7D9FF6C4D544074F0911000F7D9FF6C4D4C416CF1911000F7D9FF6C4DBB
:20C8200009429009E84291100027D9226C4DCC45EC25911000F7D9FF445D8C53B4FF911008
:20C8400000F7D9FF445D8C55ACF1911000F7D9FF445D8C57ACF2911000F7D9FF445D8C5962
:20C86000ACF3911000F7D9FF445D8C5BACF4911000F7D9FF445D8C5DACF5911000F7D9FF76
:20C88000445D8C5FACF6911000F7D9FF445D095FA208ACF7911000F7D9FF445D095FA6087D
:20C8A000ACF93BE00F40BBF0EE5B6D0047043BC0004082356D0042043BA000406D00CF13AE
:20C8C0003BC0004082056D0039043BC0004082056D0034043BC0004082056D002F043BA048
:20C8E00000406D00BC13820C82046DFF65FF022D3B4032F13ED73B1031F13ED43B3031F1EA
:20C900007ED23C0D3BA000406D00A913C21A370A68A0BFAA0480821C3C023CE7DF0C0B84AF
:20C92000911000F7D9FF445D09F0C808DA783F0F0D00911000F7D9FF445D09FFC808534FE5
:20C9400020B08F2840813C28911000F7D9FF445D09F0C808DAF03F0F0D00911000F7D9FFBC
:20C96000445D09FFC808532F20B08F1840813C14911000F7D9FF445D09FFC8083B001E00F2
:20C980003FF00B80911000F7D9FF445D09FFC808531F20B08208911000F7D9FF445D09F01E
:20C9A000C608DABC3F0F0D00911000F7D9FF445D09FFC608534F20908F8840813C289110A2
:20C9C00000F7D9FF445D09FFC6083B8017003FF00D00911000F7D9FF445D09FFC608532F9A
:20C9E00020908F4840813C13911000F7D9FF445D09FFC6083B002F003FF00A80911000F7FE
:20CA0000D9FF445D09FFC608531F2090910000F7D9FF30603BE034F0A29F74FF3B4032F124
:20CA20005FDFC5808274BB8038586D008703BB00CC0F9BB01900911000F7D9FF445D09FFA8
:20CA4000C808C22F910000F7D9FF306054F142918242031F0AF24BF00102370070F03B40DB
:20CA60001F007FF004803B401FF0911000F7D9FF445D09F0C4087F0F0780911000F7D9FFBF
:20CA8000445DACF2910000F7D9FF3460BB00CCFF9BBF19F091100027D922445D0920C40821
:20CAA0004B0F01029AC091000027D9223060542042904B0F010291100027D922445D092F3D
:20CAC000C808A2F074F0910000F7D9FF346054FF3B00E2073FF00900910000F7D9FF3460F9
:20CAE00054FFFF2F2100910000F7D9FF346054FFFF2F0400DA023C12910000F7D9FF3460FD
:20CB000054FF3B00E2077FF005003B00E2F73C06910000F7D9FF346054FF910000F7D9FF2D
:20CB2000346074FF910000F7D9FF3060BB00CCFF9BBF19F091100027D922445D0920C408BC
:20CB40004B0F0102C2C091000027D9223460542F91100027D922445D0921C808421F4BF032
:20CB600001025A9074FF910000F7D9FF306054F0DA3D7FF00400DA3D3C12910000F7D9FFD2
:20CB8000306054FF3BF03F007FF005003BF03FF03C06910000F7D9FF306054FF910000F76D
:20CBA000D9FF306074FF1D00BA00BB00CC0F9BB01900911000F7D9FF445D09FFC808C24FCF
:20CBC0003BE03410A29142918242031F0AF24BF00102370070F03B401F007FF004803B4031
:20CBE0001FF0911000F7D9FF445D09F0C4087F0F0780911000F7D9FF445DACF2910000F704
:20CC0000D9FF3460BB00CCFF9BBF19F091100027D922445D0920C4084B0F01029AC03BE094
:20CC20003400A29042904B0F010291100027D922445D092FC808A2F074F0910000F7D9FF9D
:20CC4000346054FF3B80BB003FF00900910000F7D9FF346054FFFF4F2100910000F7D9FF29
:20CC6000346054FFFF4F0400DA043C12910000F7D9FF346054FF3B80BB007FF005003B8063
:20CC8000BBF03C06910000F7D9FF346054FF910000F7D9FF346074FF910000F7D9FF306009
:20CCA000BB00CCFF9BBF19F091100027D922445D0920C4084B0F0102C2C091000027D922A0
:20CCC0003460542F91100027D922445D0921C808421F4BF001025A9074FF910000F7D9FF83
:20CCE000306054F0DA2B7FF00400DA2B3C12910000F7D9FF306054FF3BF03F007FF0050074
:20CD00003BF03FF03C06910000F7D9FF306054FF910000F7D9FF306074FF911000F7D9FF61
:20CD2000445D09F0C208910000F7D9FF346054FF911000F7D9FF445D09F1C808421FC2EF5B
:20CD40007F0F1400911000F7D9FF445D91000027D9223460542F91100027D922445D0920C9
:20CD6000C808420FC2EFACF13B002FF0A29F82204B0F0122911000F7D9FF445D885F022070
:20CD800032507F0F0500022032503C0F911000F7D9FF445D885F7FF2040002203C0691101D
:20CDA00000F7D9FF445D8850911000F7D9FF445DA8509A12370050003250420F370F70A0C6
:20CDC0003B001EF0A2BF82204B0F0102911000F7D9FF445D886F020232527F2F0500020263
:20CDE00032523C0F911000F7D9FF445D886F7FF0040002023C06911000F7D9FF445D8862A8
:20CE0000911000F7D9FF445DA8629A4037025000420F370F70E03BB0014082156D008E01EE
:20CE2000821402A56D008A01822402E56D008601823402B56D008201824402956D007E0196
:20CE40008254910000F7D9FF306054FF370F70506D0074018264910000F7D9FF346054FFA4
:20CE6000370F70506D006A013BA000403B4016506D0064013B8000403BB01B506D005E01E9
:20CE80003B9000403B901D506D005801911000F7D9FF445D09FFC008EE0B3BB000409110E3
:20CEA00000F7D9FF445D09F5C2086D0047013BD000403B003350A6856D0040013B10034015
:20CEC0003B7002506D003A013B2003403BA001506D0034013B30034082556D002F013B5094
:20CEE0000340911000F7D9FF445D09F5CE086D0025013B4032F15FDF92803B900C4002A5CB
:20CF00006D001C013BA00C4002E56D0017013BB00C4002B56D0012013BC00C4002956D003B
:20CF20000D013BD00C40910000F7D9FF306054FF370F70506D0002013BE00C40910000F7E4
:20CF4000D9FF346054FF370F70506D00F7003B100D403B4016506D00F1003BF00C403BB06F
:20CF60001B506D00EB003B000D403B901D506D00E500911000F7D9FF445D09FFC008EE0B02
:20CF80003B200D40911000F7D9FF445D09F5C2086D00D4003BE000403B003350A6856D001E
:20CFA000CD003B9003403B7002506D00C7003BA003403BA001506D00C1003BB003408255E8
:20CFC0006D00BC003B600340911000F7D9FF445D09F5CE086D00B20086E876883B20074038
:20CFE0003B0001506D00AA003C063B20074082056D00A4003BF000403B1010506D009E00F1
:20D000003B7004403B1008506D0098003B800440BBC0FE5F6D0092003C133BF000403B109E
:20D0200001506D008B003B7004403B1008506D0085003B800440BB70FE5F6D007F008274BA
:20D040003B8038506D007A003BC001403B3030506D0074003BC0024082356D006F0091102D
:20D0600000F7D9FF445D09FFC008EE073BF00A4082056D0063003C583B500A40911000F7AE
:20D08000D9FF445D09F5C0086D0058003B600A4082256D0053003B800A4082256D004E00D9
:20D0A000911000F7D9FF445D09FFC608911000F7D9FF445D09F0C808E20F82404B0F01029F
:20D0C0007B1000F07FF01300911000F7D9FF445D09FFC608911000F7D9FF445D09F0C80892
:20D0E000E20F82404B0F01023C03BBF0FF0F3B000B40370070506D0021003BE00A403B403D
:20D1000001506D001B003BF00A403B1010506D0015003BD00A40911000F7D9FF445D09F530
:20D12000C2086D000B003BE00F40BBD0EA5D6D00050002C23C010090025F91100047D94408
:20D140006C4D8F8F3F506D00641B91100047D9446C4D3B000F40370F68506D005A1B0090C5
:20D1600020083B80024049A4000A82656D00DB00910000F7D9FF38600CA18F8F20F014A0DD
:20D18000A60FB4FF910000F7D9FF3C600CA38F8F20000CA2A6F0B4F0910000F7D9FF007086
:20D1A0000CA58F8F20000CA4A6F0B4F0009020083B20024049A4000A82656D00B4009100B1
:20D1C00000F7D9FF04700CA18F8F20F014A0A60FB4FF910000F7D9FF08700CA38F8F200050
:20D1E0000CA2A6F0B4F0910000F7D9FF0C700CA58F8F20000CA4A6F0B4F000902010820848
:20D200003B4001406D002B0FDA07B4AFDA0CACA23BB01AF0ACA482048205BB0068699B8634
:20D22000096082076D001E1C3BD028408215821682376D0097146D00A700DF021100820456
:20D2400091100048D944C0D491100058D955DCD43BD010506DFF15F582183C313BD000402A
:20D2600082356D00AA003B0001403BC003506D00A4003B1001403BC005506D009E003B20C3
:20D2800001403B4004506D0098003B30014082256D0093003B40014082056D008E003B505D
:20D2A000014082056D0089003B60014082056D0084003B80014082156D007F0002823C011C
:20D2C00000900248DA006E0A3BD028406D00C013B0423B0000F2742F3C093BD028406D0088
:20D2E000B713B0427B0000F2742F82048F0848516D00FE210228DA016E0A3BD028406D00C3
:20D30000A713B0423B0000F2742F3C093BD028406D009E13B0427B0000F2742F02823C01F8
:20D3200000900248404F0259DA006E0A3BD028406D008E13B0423B0000F2742F3C093BD044
:20D3400028406D008513B0427B0000F2742F82048F08485140F402966D001222DA016E0AE8
:20D360003BD028406D007413B0423B0000F2742F3C093BD028406D006B13B0427B0000F282
:20D38000742F0090820982080280C21837087080DAFF7F0F048082193C0C3BF000406DFF15
:20D3A00092FF022A82146D005A0EDA6B5FAFEEFF02923C0100900B451088DA006E0A3BD05F
:20D3C00028406D004513B0423B0000F2742F3C093BD028406D003C13B0427B0000F2742FE8
:20D3E0008204028502966D00BE22DA016E0A3BD028406D002D13B0423B0000F2742F3C09C1
:20D400003BD028406D002413B0427B0000F2742F0090910000F7D9FF287009FFC008532F19
:20D4200020406DFFBDEF402C910000F7D9FF1C7014FFEE13DA006E093B201E406D00081376
:20D44000B042DA04742F3C093B201E406D000013B0427B4000F0742F82048205910000F706
:20D46000D9FF287009FFC008C2FF370F7060910000F7D9FF207009FFC008C2FF370F7070EE
:20D480006D00830482003C0E532020F010CF91000027D9221070092FC008B4FFC21037007B
:20D4A0007000910000F7D9FF287009FFC0083FF0EDFFDA003C0D910000F7D9FF287009F401
:20D4C000C00840C46D000808C21F370F70F0910000F7D9FF207009F0C0083F0FEEFF9100FF
:20D4E00000F7D9FF1C7014FFEE13DA016E093B201E406D00AD12B042DA04742F3C093B2073
:20D500001E406D00A512B0427B4000F0742F40C46DFF01D60090201849A4000A6DFFA3F53F
:20D52000DA01B4AF910000F7D9FF287009FFC008ACA1910000F7D9FF207009FFC008ACA28A
:20D54000910000F7D9FF187014FF82003E0682103E0982203E0C3C0CDA062CA6DA082CA796
:20D560003C07DA082CA6DA102CA73C023C01911000F8D9FF00CEF803911000F8D9FF520D72
:20D58000F80449A4000A6DFF32F500902008024F0B561088027A09ABC808910000F7D9FFA3
:20D5A000287009F0C0080B0F304191100048D944C8E43BF021506DFFDDF2910000F7D9FF9E
:20D5C000207009F0C0080B08304191100048D944C8E43B0022506DFFCDF2910000F7D9FF8C
:20D5E000287009F0C0080B09304191100048D944C8E43B1022506DFFBDF2910000F7D9FF63
:20D60000207009F0C0080B0A304191100048D944C8E43B2022506DFFADF27F9F0580821074
:20D6200074A03C0382F074A07FA80480821E3C0282FEBE910BA880004B00410152914B01CA
:20D6400041114B1051D04B0861014B0F61116BD171C03C123C090B98104802B66D00530008
:20D6600042E8370870805FA8F8FF0B9A104802B66D0049003C460BA880000E040BA88000EE
:20D680003C040BA88000325052910E1352913C03529132517F011D003C130BF8104802B60A
:20D6A0006D00310042E8370870804B0861F16B0C31FF4BDF51406DFF4EC4370270F05FA84E
:20D6C000EEFF0BFA104802B66D001D003C1A3C120BF8104802B66D00160054A0420F370FF9
:20D6E00070F04B0F61016BD0614C6DFF34C4370270805F9FEFFF0B98104802B66D0003008A
:20D7000000900B451088026A910000F7D9FF287009FFC0080BF8304191100048D944C8E437
:20D720003B1020506DFF26F2910000F7D9FF207009FFC0080BF9304191100048D944C8E4C3
:20D740003B2020506DFF16F2910000F7D9FF1C7014FFEE13DA006E093B201E406D0078118A
:20D76000B042DA04742F3C093B201E406D007011B0427B4000F0742F0B8910480B89106812
:20D780006D00030302A46D001306910000F7D9FF1C7014FFEE13DA016E093B201E406D0072
:20D7A0005711B042DA04742F3C093B201E406D004F11B0427B4000F0742F00902010DF04E0
:20D7C0005580910000F7D9FF1C70DA0034FF910000F7D9FF34703B101EF0B4FF910000F7E3
:20D7E000D9FF2C703B401EF0B4FF910000F7D9FF30703B201EF0B4FFDAD3B4AFDAD9ACA24C
:20D800003BB01AF0ACA482248205BB0070689B3639603BE00C706D0025193B001E40821527
:20D82000820682376D009E11910000F7D9FF347094F48215820682376D009411910000F78D
:20D84000D9FF307094F48215821682376D008A11910000F7D9FF2C7094F48215821682376C
:20D860006D0080111D008500910000F7D9FF1C70DA0134FF910000F7D9FF34703B001EF0C1
:20D88000B4FF910000F7D9FF2C703B401EF0B4FF910000F7D9FF30703B201EF0B4FF3B0046
:20D8A0001E408215820682376D005C11910000F7D9FF2C7094F48215820682376D0052112C
:20D8C000910000F7D9FF307094F48215821682376D0048113B301E408215820682376D0004
:20D8E00041113B501E408215820682376D003A113B101E408215821682376D0033113B9050
:20D9000016408215821682376D002C113BA016408215821682376D0025113BB0164082158B
:20D92000821682376D001E113BC016408215821682376D0017113B001A40821582168237AF
:20D940006D0010113B101A408215821682376D0009113B201A408215821682376D00021108
:20D960003B301A408215821682376D00FB10910000F7D9FF147014F46D00DC01910000F7C4
:20D98000D9FF247009F4C008910000F7D9FF107009F5C0086D00C301DA016E14910000F79A
:20D9A000D9FF2C7094F46D005310B0428210910000F7D9FF2C7094FF161F0FF010007420B0
:20D9C0003C14910000F7D9FF2C7094F46D004010B0427B100000910000F7D9FF2C7094FFAA
:20D9E000161F0FF010007420DA006E14910000F7D9FF347094F46D002B10B04282109100AA
:20DA000000F7D9FF347094FF161F0FF0100074203C14910000F7D9FF347094F46D001810B7
:20DA2000B0427B100000910000F7D9FF347094FF161F0FF01000742082546D00100BDA01C1
:20DA40006E14910000F7D9FF347094F46D000010B0428210910000F7D9FF347094FF161FEB
:20DA60000FF0100074203C14910000F7D9FF347094F46D00ED0FB0427B100000910000F7B9
:20DA8000D9FF347094FF161F0FF0100074203B8007406D00E40A910000F7D9FF1C7014FF43
:20DAA000EE13DA006E093B201E406D00D10FB042DA04742F3C093B201E406D00C90FB04266
:20DAC0007B4000F0742F3B1001406D000D063B8007406D00C40A3B6003406D0005069100C8
:20DAE00000F7D9FF147014FF82003E0882103E0A82203E0D8230BE003C1482046D008A05EF
:20DB00003C103B000C406D0085053C0B3B0007406D0080053C063B000A406D007B053C018F
:20DB20003BA003406D00E00582546D0073053B200B406D00D9053BC000406D006B053BC0B6
:20DB400000406D00670582046D0064053B3003406D0060053B3003406D005C053B700B405E
:20DB60006D00C2053B5003406D0054053BB00B406D00BA053B9002406D004C053B200C4009
:20DB80006D00B20582146D0045053B300C406D00AB053B9001406D003D053B400C406D0051
:20DBA000A3053B0002406D0035053B500C406D009B053BA001406D002D053B600C406D00A6
:20DBC00093053BF001406D0025053B000D406D008B053B400A406D001D053B100A406D00CF
:20DBE00019053B000E406D007F053B000D406D0011053B8000406D000D053BE000406D0040
:20DC000009053B9000406D0005053B9000406D00010582546D00FE043B1003406D00FA04B8
:20DC20003B3003406D00F6043B8004406D00F2043B7001406D00EE043B4001406D00EA040B
:20DC40003B5001406D00E6043B1003406D00E2043B4003406D00DE043B100E406D00440564
:20DC60003B000D406D00D6043B8000406D00D2043BE000406D00CE043B9000406D00CA04B7
:20DC80003B9000406D00C6043B5001406D00C2043B1003406D00BE043B3003406D00BA04AD
:20DCA0003B8004406D00B6043B7001406D00B2043B4001406D00AE043B5001406D00AA046D
:20DCC0003B1003406D00A6043B4003406D00A2043B1002406D0008053B9002406D00040544
:20DCE000910000F7D9FF1C7014FFEE13DA016E093B201E406D00AC0EB042DA04742F3C093A
:20DD00003B201E406D00A40EB0427B4000F0742F6DFF81FB6DFF01FC0090910000F7D9FFAA
:20DD20002470B4F4910000F7D9FF1070B4F50090910000F7D9FF147034F4DA003E48DA0147
:20DD40003E46DA02BE42DA03BE403C1D910000F7D9FF2870DAF0B4FF910000F7D9FF2070CA
:20DD60003B0014F0B4FF3C0F910000F7D9FF28703B0014F0B4FF910000F7D9FF2070DAF0C2
:20DD8000B4FF3C010090024F0B561088027A910000F7D9FF287009F0C0080B0F3041911058
:20DDA0000048D944C8E43BA014506DFFE3EE910000F7D9FF207009F0C0080B083041911000
:20DDC0000048D944C8E43BB014506DFFD3EE910000F7D9FF287009F0C0080B0930419110D7
:20DDE0000048D944C8E43BC014506DFFC3EE910000F7D9FF207009F0C0080B0A30419110BE
:20DE00000048D944C8E43BD014506DFFB3EE3BA002406D00690402F46D00CA0202946D004C
:20DE2000C7023BB002406D005F0402846D00C00202A46D00BD023BC002406D005504009002
:20DE400049AA00CA0B451088026A910000F7D9FF287009F0C0080B08304191100048D9446E
:20DE6000C8E43BE025506DFF85EE910000F7D9FF207009F0C0080B09304191100048D9444B
:20DE8000C8E43BF025506DFF75EE910000F7D9FF1C7014FFEE13DA006E093B201E406D00F0
:20DEA000D70DB042824074203C093B201E406D00CF0DB0427B4000F0742F910000F7D9FF4F
:20DEC000187014F0DA003E09DA015F0F4C00DA025F0FC2001D00C1009A58370F70609A79FB
:20DEE000370F70700B8910486DFF4FFF82003C318B0A1EF0536F20F0911000F8D9FF7CB451
:20DF000010FF01F000F614F182023C206F011000DA0603F20AF0532F20F010AF91000027CE
:20DF2000D9222470092FC008B4FF3C0EDA0603F20AF0532F20F010AF91000027D922107002
:20DF4000092FC008B4FF86F1C212BF82E1FFC210BF60D0FF49A4000A3B0003406D00BC0242
:20DF60003C7B9A78370F70608BF900F0370F70700B8910486DFF09FF82033C648B0A1E00F0
:20DF8000530021F0911000F8D9FFA44410FF01F300F614F08B0A1E10530121F0911000F806
:20DFA000D9FFA44410FF01F300F6088482013C206F001000DA0803F10A23532220F010AF77
:20DFC00091000027D92224700922C008B4F23C0EDA0803F10A23532220F010AF9100002718
:20DFE000D92210700922C008B4F286F0C211BF81E1FF82003C246F041200DA0803F00A134B
:20E000008B0104F0532F20F010AF91000027D9222470092FC008B4FF3C10DA0803F00AF317
:20E020008B0F04F0532F20F010AF91000027D9221070092FC008B4FF86F4C210BF80DDFFB4
:20E04000C213BF839DFF49A4000A3B0008406D0043023C023C01910000F7D9FF1C7014FF67
:20E06000EE13DA016E093B201E406D00F10CB042DA04742F3C093B201E406D00E90CB04265
:20E080007B4000F0742F009020180B4510880B6710A809AC5808910000F7D9FF287009F052
:20E0A000C0080B08304191100048D944C8E43BA032506DFF5FED910000F7D9FF207009F064
:20E0C000C0080B09304191100048D944C8E43BB032506DFF4FED82000BB030419110004895
:20E0E000D944C8E43BC032506DFF44EDDA080BBF504191100048D944C8E43BD032506DFF55
:20E1000039EDDA000BCF304191100048D944C8E43BE032506DFF2EEDDA060BCF50419110F2
:20E120000048D944C8E43BF032506DFF23ED7B00F8D349A4000A82043B1001506DFFE5E90C
:20E1400049A4000A3B0002401ACB92256DFFDDE93C067B0012F44BFD41D0C2FBFF1BFBFF90
:20E160004B0A31F14B0D31014B0F01024B0041F16BDF714A49A4000A02C56DFFEFF149A4C8
:20E18000000A0B8910486D00BD0000900B451088404C0B6710A809ACC00809ADC40809AE7B
:20E1A0004808910000F7D9FF287009F0C0080B08304191100048D944C8E43B2039506DFFD0
:20E1C000D9EC910000F7D9FF207009FFC0080BF9304191100048D944C8E43B3039506DFF33
:20E1E000C9ECA00F01CF104491100048D944C8E43B4039506DFFBEEC532C20406DFFD0E8C8
:20E20000402D910000F7D9FF1C7014FFEE13DA006E093B201E406D001B0CB042DA04742F80
:20E220003C093B201E406D00130CB0427B4000F0742F1AC8C2FF370F70601AD9C2FF370F61
:20E2400070700B8910486DFFA0FD82083C3C73B80AF04BDF110273A00AF010CF82023C2CAD
:20E2600073A20AF04BCF110201F000261420DF0E15808FD03FF0161F8FBF20108FE03FF0B6
:20E28000163F865FA6F186D08FF001F1A6F1532220F010D2B4213C0F7FE00880532220F05C
:20E2A00010D2DA00B42F3C07532220F010D2BBF0FFFFB42FC2123FC2D5FF40D402C46D0099
:20E2C0000B01C2183FD8C5FF910000F7D9FF1C7014FFEE13DA016E093B201E406D00B80B42
:20E2E000B042DA04742F3C093B201E406D00B00BB0427B4000F0742F40D46DFF0CCF00905A
:20E300000B451088404C910000F7D9FF287009FFC0080BF8304191100048D944C8E43BB0B0
:20E320002B506DFF27EC910000F7D9FF207009FFC0080BF9304191100048D944C8E43BC001
:20E340002B506DFF17EC820A3C2C910000F7D9FF187014F0DA003E07DA01BE0282215F0136
:20E360001D003C1C8260030A0AF8370F704001CA00F609F6000802956DFF64FD3C0FDA08E8
:20E3800003FA0AF8370F704001CA00F609F6000802956DFF57FD3C023C01C21A370A70A0C1
:20E3A00001CA00F609FF0008EED100900248910000F7D9FF1C7014FFEE07822402856D0065
:20E3C0002D1A1D008800DA006E093B201E406D003F0BB042824074203C093B201E406D00DD
:20E3E000370BB0427B4000007420DA016E093B301E406D002D0BB042DA08742F3C093B30B3
:20E400001E406D00250BB0427B8000007420DA006E093B501E406D001B0BB042DA20742F24
:20E420003C093B501E406D00130BB0427B0002F0742F8F883F406D000A02DA016E093B5035
:20E440001E406D00050BB042DA20742F3C093B501E406D00FD0AB0427B0002F0742FDA00D4
:20E460006E093B501E406D00F30AB042DA20742F3C093B501E406D00EB0AB0427B0002F054
:20E48000742F8FF80F416D00E201DA016E093B501E406D00DD0AB042DA20742F3C093B50C4
:20E4A0001E406D00D50AB0427B0002F0742FDA016E093B201E406D00CB0AB042DA04742FF0
:20E4C0003C093B201E406D00C30AB0427B4000F0742F0090404F024891000027D9221C701C
:20E4E000142FEE08822440F402856D00D0191D009000DA006E093B201E406D00A90AB04263
:20E50000DA04742F3C093B201E406D00A10AB0427B4000F0742FDA016E093B301E406D009C
:20E52000970AB042DA08742F3C093B301E406D008F0AB0427B8000F0742F3C55DA006E094D
:20E540003B501E406D00840AB042DA20742F3C093B501E406D007C0AB0427B0002F0742F25
:20E5600009F4C00886846D007201DA016E093B501E406D006D0AB042DA20742F3C093B506E
:20E580001E406D00650AB0427B0002F0742FDA006E093B501E406D005B0AB042DA20742FA4
:20E5A0003C093B501E406D00530AB0427B0002F0742F09FFC0088FFF0F416D004801DA0122
:20E5C0006E093B501E406D00430AB042DA20742F3C093B501E406D003B0AB0427B0002F053
:20E5E000742FB02F028FC2F8EEAADA016E093B201E406D002D0AB042DA04742F3C093B20F4
:20E600001E406D00250AB0427B4000F0742F00900248910000F7D9FF1C7014FFEE0682244D
:20E6200002856D007C193C5EDA006E093B201E406D000E0AB042DA04742F3C093B201E40B7
:20E640006D00060AB0427B4000F0742FDA016E093B301E406D00FC09B042DA08742F3C09B4
:20E660003B301E406D00F409B0427B8000F0742FDA006E093B501E406D00EA09B042DA2061
:20E68000742F3C093B501E406D00E209B0427B0002F0742F02846D00DA00DA016E093B50A5
:20E6A0001E406D00D509B042DA20742F3C093B501E406D00CD09B0427B0002F0742FDA01D4
:20E6C0006E093B201E406D00C309B042DA04742F3C093B201E406D00BB09B0427B4000F092
:20E6E000742F00900248910000F7D9FF1C7014FFEE2BDA006E093B001E406D00A909B0428A
:20E70000DA01742F3C093B001E406D00A109B0427B1000F0742F822402856D000019DA01E8
:20E720006E093B001E406D009309B042DA01742F3C093B001E406D008B09B0427B1000F004
:20E74000742F1D008300DA006E093B201E406D007F09B042DA04742F3C093B201E406D0099
:20E760007709B0427B4000F0742FDA006E093B101E406D006D09B042DA02742F3C093B10FB
:20E780001E406D006509B0427B2000F0742FDA016E093B301E406D005B09B042DA08742FBD
:20E7A0003C093B301E406D005309B0427B8000F0742FDA006E093B501E406D004909B04217
:20E7C000DA20742F3C093B501E406D004109B0427B0002F0742F02846D003900DA016E0937
:20E7E0003B501E406D003409B042DA20742F3C093B501E406D002C09B0427B0002F0742F25
:20E80000DA016E093B201E406D002209B042DA04742F3C093B201E406D001A09B0427B40A7
:20E8200000F0742FDA016E093B101E406D001009B042DA02742F3C093B101E406D000809E7
:20E84000B0427B2000F0742F0090911000F8D9FFD013C8828F9420F0911000F8D9FFD013E3
:20E86000C88F54F0B7008404A60F742F911000F8D9FFD013C8C286C4911000F8D9FFD013EA
:20E88000C8CF54FFB70F04F0A6F474240090911000FF8250530022F010F2530022F010FFC5
:20E8A00039FF1F029604E92F1F02911000FFDA05534F20F010FF39FFC081370F61F18B0F41
:20E8C00020F23C016E1F910000F7D9FF3870DA0034FF82546D00E403911000FF8250534018
:20E8E00020F010F2534020F010FF39FFC2819604E92FC281911000F7D9FF585DDA0134FFB1
:20E900003C2D911000F7D9FF5C5D91100027D9225C5D142FC21F34FF911000F7D9FF5C5D69
:20E9200014FF911000F7D9FFC06214F03F0F1780911000F7D9FF5C5DDA0034FF910000F78B
:20E94000D9FF2080DA0034FF910000F7D9FF3870DA0134FF82546D00A30300902008404CEF
:20E960008208DA007801910000F7D9FF0C9009FFC0083B0023003E023C03DA093C03DA080D
:20E980003C0192F93C57910000F7D9FF0C9009F0C0083B0023107F100980534920F010CF4E
:20E9A00094F0DA097E023C45DAA534AFDAF12CA1534920F010CF94FF370F70F08F8F3F00D4
:20E9C00089A002082CA3821449A4000A82456D009B1F820A91100047D944544D6DFF9FEC91
:20E9E000BF321980DA03780191100047D944544D49A5000A49A6040A82046DFFC7EB53495C
:20EA000020F010CF0CA18F8F20000CA2A6F0A8103C0B82146D00230302A0C21A370A70A0E1
:20EA2000DA803FF0D9FFDA807FAF048082183C04C2F9FF19AAFF02823C010090200882090F
:20EA40008208DA007801DAA534AFDAF12CA1DAF28F8F3F0089A002082CA3821449A4000A27
:20EA600082456D00511F91100047D944544D6DFF56ECBF321580DA03780191100047D944BD
:20EA8000544D49A5000A49A6040A82046DFF7EEB0CA18F8F20800CA2A6F83C0B82146D0084
:20EAA000DE020290C21937097090DA803FF0DDFF02823C0100902018DA003B800C406D008D
:20EAC000CE02911000F7D9FFC462821034F0823491100048D944D24E91100058D9558E2E5B
:20EAE000A0066D008E0149A4000A82043B0032503B3004603B2004706D00DD0D49A4000A4E
:20EB000091000057D95524806DFF6AEEDF027300911000F7D9FFC462820034F08234911090
:20EB20000048D944D24E91100058D9558E2E91100068D966E03E6D0064016DFFCBED82147B
:20EB40003B005852824682276D00B017821482156D00751B91100047D944544D6DFFA3EA62
:20EB6000910000F7D9FF0C906DFF6AFFB4F291000047D94424806D005300DF021B00820443
:20EB800091100048D944F4E491100058D955D0F43BE01E506DFF75E8821482056D004F1B66
:20EBA0008204A004A005A0066D002B01DA013C3491000047D9443C706DFFD2FEDF021B0023
:20EBC000820491100048D944FCF491100058D955D0F43BB01F506DFF54E8821482056D0042
:20EBE0002E1B8204A004A005A0066D000A01DA013C1382046DFF40984924240A911000F7B8
:20EC0000D9FFC06291100057D955605D3B0082456DFF6EED34F202F23C0100902008404CB3
:20EC200082198208DA007801910000F7D9FF0C9009FFC0083B0023003E023C043B9000A047
:20EC40003C043B8000A03C013C1DDAA534AF534A20F010CF94FF2CA1534A20F010CF881F02
:20EC6000370F70008F803FF02CA289A00308821449A4000A82456D00471E82246D00EF0175
:20EC8000C2FADAFF3FFAE3FF91100047D944544D6DFF45EBBF321980DA03780191100047BA
:20ECA000D944544D49A5000A49A6040A82046DFF6DEA0CA13BF00F003E050CA23BF00F0046
:20ECC0007E0382093C0B82146D00C9010280C21837087080DA803FF0D9FF02923C010090C7
:20ECE0002008DA0034AF821449A4000A6D00941A14A0DAA57E0791100047D944544D6DFFBD
:20ED0000D2E991100047D944544D14A46DFFE3EB009082346DFF9BAE911000F7D9FF5C5D7C
:20ED2000DA0034FF911000F7D9FF585D14FF6E2E911000F7D9FF585DDA0034FF911000FF20
:20ED40008250534020F010F2534020F010FF39FFC0819601E92FC08182046DFF8D9749249E
:20ED6000240A911000F7D9FFC062825491100057D955605D827582163B0082756D00AC013F
:20ED800034F282546D009A013C34911000F7D9FFC06214FFDF1F2B80911000F7D9FF605D84
:20EDA00080FFB70F1CF07B00000DFE034DC0E1FF16073C01911000F7D9FF605D80F0B700DE
:20EDC0000C0AB770030E7B000011E21FA2F03C06911000F7D9FF605D80F0911000FFDA0568
:20EDE000530F22F010FF59F00C0282546D006601910000F7D9FF2080DA0134FF0090910060
:20EE000000F7D9FF149034F47C6691100068D966CC9E3C01910000F7D9FF1890F4F67C46D2
:20EE200091100048D944CC9E3C01910000F7D9FF1C90F4F47C5691100058D955CC9E3C0191
:20EE4000910000F7D9FF1090F4F5009000900D00000282046DFF3AECC5F4000182046DFFD6
:20EE600023B5910000F7D9FF2890DA0034FF0D00400200800D00000282046DFF27ECC5F4F9
:20EE8000004182046DFF10B5910000F7D9FF2C90DA0034FF0D00400200800D0000028204ED
:20EEA0006DFF14ECC5F4008182046DFFFDB4910000F7D9FF3090DA0034FF0D00400200800D
:20EEC00002484DC0E1FF16073C01370F48404DC0E20F3700E1078B0020F23C013C01EE0DA4
:20EEE0006DFF00B5092010093C013C014C243C01A20F3F8FFDFF3C5582FF5F4F5200DA0021
:20EF00003E47DA01BE4DDA025F4F33003C4A910000F7D9FF2890DA0134FF6DFFC7EB85FF7B
:20EF2000100142F8A5F8300102246DFFCFEB3C01910000F7D9FF289014FFEEFB3C3291001C
:20EF400000F7D9FF2C90DA0134FF6DFFAFEB85FF1041428FA5FF304102246DFFB7EB3C01E6
:20EF6000910000F7D9FF2C9014FFEEFB3C1A910000F7D9FF3090DA0134FF6DFF97EB85FF83
:20EF80001081428FA5FF308102246DFF9FEB3C01910000F7D9FF309014FFEEFB3C023C01CA
:20EFA000009020104DC0E2FF370FE1F78B0F20823C010D00400300003C013C01820034A0EC
:20EFC000DA002CA2DA1F2CA3DA002CA1DA017801DADCACA4DA002CAAC5F4000149A5000A5E
:20EFE0006DFFABB4C5F4000182046DFF5DB4DA0034AFDA002CA2DA1F2CA3DA002CA1DA01DA
:20F000007801DADDACA4DA022CAAC5F4004149A5000A6DFF92B4C5F4004182046DFF44B436
:20F02000DA0034AFDA002CA2DA1F2CA3DA002CA1DA017801DADEACA4DA032CAAC5F40081B3
:20F0400049A5000A6DFF79B4C5F4008182046DFF2BB476830D0000030090024FBB00C409A2
:20F060007FF017803C0A3B0080429BB4E64E6DFF29FFBB00C409A20FBB00C4093FF0F5FF4C
:20F080003B50C3400654E2F46DFF1CFF3C073B50C3400654E2F46DFF15FF0090911000FF7A
:20F0A000534420F010F2534420F010FF39FFC2819602E92FC2810090911000FF534420F0AC
:20F0C00010F2534420F010FF39FFC2819601E92FC281009020500248404C405D02790254C7
:20F0E00002656D00990349A40C0A9110005F6DFF219249A4100A49A50C0A6DFF829249A406
:20F10000140A49A5100A6DFF6292DA084BF911028B01004291100048D94418053B8005502F
:20F120006DFF28E5821C4BC911A23B0000047FA01D803C1A4BC91102020A3B0000F43FAF50
:20F1400006804BC91102F6123C10C21C370C68C0BFBC0B80820491100048D94418053B90EB
:20F1600006506DFF07E53CE7DF1C0C80DA0089AF3E08DA0089AF3208DA0089AF22093C30EA
:20F18000DA0C89AF3E08DA0189AF3208911000F7D9FF00C349FF200A80FFB70F1C007B003D
:20F1A00000FDFE054DC0E1FF16073C01911000F7D9FF00C349FF200A80F0B7000C0AB770FF
:20F1C000030E7B000011E21FA2F03C08911000F7D9FF00C349FF200A80F089A02209DA0078
:20F1E00089AF3108DA0089AF3308DA0289AF360880CFB70F1C007B0000FD7E0F4DC0E1FFDC
:20F2000016073C0180C0B7000C0AB770030E7B000011E21FA2F03C0280C089A01A09DA008C
:20F2200089AF3A08DA0189AF3F08DA0089AF3B0889A81808DA0089AF3708DA0189AF0418D4
:20F24000DA4689AF8818DA0089AF0A1880DFB70F1C007B0000FD7E0F4DC0E1FF16073C01F5
:20F2600080D0B7000C0AB770030E7B000011E21FA2F03C0280D089A01E0989AAAE0849A466
:20F28000000A49A5140A6DFF5791BF2C8F8082081D008A00738A0AF010DF80F0B7001C00B0
:20F2A0007B0000FDFE034DC0E1FF8F7F00013C01738A0AF010DF80FFB70F0CFAB77F03FE34
:20F2C0007B000011E210A20F3C05738A0AF010DF80FF89AF1E099AFC5F8F2680911000F738
:20F2E000D9FF00C380FFB70F1C007B0000FDFE034DC0E1FF16073C01911000F7D9FF00C31F
:20F3000080F0B7000C0AB770030E7B000011E21FA2F03C06911000F7D9FF00C380F089A04B
:20F3200022093C319A18530F22F0911000F7D9FF00C310FF80FFB70F1C007B0000FDFE08EE
:20F340004DC0E1FF8F7F00013C019A18530F22F0911000F7D9FF00C310FF80FFB70F0CFAC1
:20F36000B77F03FE7B000011E210A20F3C0A9A18530F22F0911000F7D9FF00C310FF80FFFA
:20F3800089AF220989AAAE08530822F0911000F7D9FF00C310F449A5140A6DFF2F91C2186B
:20F3A000370868803FC878FF911000F7D9FF00C349FF005AD4F209FF0408BC21534F20F06A
:20F3C00060FF9140003F30F3D93F30D83C013C01B03F14FF960234FF02C23C010090DA00C9
:20F3E0003E4ADA013E4CDA023E4EDA03BE40DA04BE423C15DA00A5FFB4013C11DA00A5FFB0
:20F40000B8013C0DDA00A5FFBC013C09DA00A5FF80113C05DA00A5FF84113C010090024FE9
:20F420000B561088C5F480016DFFEE90821005F195053701820125F09501820005F1A10509
:20F440003701820125F0A1010BF8104802966D00ED0082003E0F82105F0F2A0082205F0FE4
:20F46000440082305F0F5E0082405F0F78001D009300821005F190053701030025F0900174
:20F48000821005F191053701010025F09101821005F190053701830125F09001821005F167
:20F4A00090053701010325F090013C75821005F194053701030025F09401821005F19505FC
:20F4C0003701010025F09501821005F194053701830125F09401821005F194053701010364
:20F4E00025F094013C58821005F198053701030025F09801821005F199053701010025F04C
:20F500009901821005F198053701830125F09801821005F198053701010325F098013C3B3C
:20F52000821005F19C053701030025F09C01821005F19D053701010025F09D01821005F117
:20F540009C053701830125F09C01821005F19C053701010325F09C013C1E821005F1A005FE
:20F560003701030025F0A001821005F1A1053701010025F0A101821005F1A0053701830193
:20F5800025F0A001821005F1A0053701010325F0A0013C01910000F7D9FF349010FFDA014B
:20F5A00034FF0090DA003E4BDA01BE41DA02BE47DA03BE4DDA045F4F23003C2985FFB40135
:20F5C000370F70F03C01370F50203C2285FFB801370F70F03C01370F50203C1A85FFBC01C7
:20F5E000370F70F03C01370F50203C1285FF8011370F70F03C01370F50203C0A85FF841117
:20F60000370F70F03C01370F50203C028202910000F7D9FF349001F400F614FFEE04DA049D
:20F620004BF201223C010090026F82005F40100082105F403A0082205F40570082305F40A7
:20F640007A0082405F40A4001D00C900F656911000F8D9FFF0923C11DF150780911000F8A5
:20F66000D9FFC4A23C0A820491100048D94400153BE003506DFF7EE2EE06911000C8D9CC29
:20F68000C8923C105E16911000C8D9CCDC923C0A820491100048D94400153B2004506DFFD2
:20F6A00069E21D009C00DF250780911000F8D9FFECA23C0A820491100048D94400153B801A
:20F6C00004506DFF57E25E26911000C8D9CCD8A23C0A820491100048D94400153BB00450FF
:20F6E0006DFF48E23C7BDF350780911000F8D9FFE8B23C0A820491100048D94400153B10E5
:20F7000005506DFF37E25E36911000C8D9CCC0B23C105E46911000C8D9CCD4B23C0A8204AB
:20F7200091100048D94400153B5005506DFF22E23C55DF450780911000F8D9FFE4C23C11BE
:20F74000DF550780911000F8D9FFF8C23C0A820491100048D94400153BC005506DFF0AE234
:20F760005E56911000C8D9CCFCB23C105E66911000C8D9CCD0C23C0A820491100048D94497
:20F7800000153B0006506DFFF5E13C28DF650780911000F8D9FFE0D23C11DF750780911066
:20F7A00000F8D9FFF4D23C0A820491100048D94400153B7006506DFFDDE15E76911000C864
:20F7C000D9CCCCD23C0A820491100048D94400153BA006506DFFCEE13C013B000140820573
:20F7E00040F46DFF688F3B000140820540C46DFF1A8F0090DA003C0C534F2000600F9140A2
:20F80000003F30F3D93F8028820074F0C21FBF4FF57F009020080B4510A84DC0E20F370088
:20F82000E1078B0020E23C010D00400300003C013C0102A46D008700402F3B000150C824CB
:20F8400008C46DFF3592084409F550086DFFF8AC084F74AFDA034BFA01C2DA034BFA0182F3
:20F86000DA003EB6DA013EBBDA02BEB03C1654A46DFF86A954A46DFFBBAB3C1854A46DFF35
:20F880009DAA54A46DFF0BAA3C1154A46DFF96AA54A46DFFADAB3C0A820491100048D94489
:20F8A0002C153B500A506DFF65E154A46DFF2DAC54A402C56DFFD5A88216028454A56DFF08
:20F8C0004EAD02846DFF07AB821502846DFFE8ADDA044BF80102534120F060FF9140003F34
:20F8E00030F3D93F8028DA034BFA0102DA044BF00102DA003E18DA013E19DA023E1ADA0371
:20F900003E1B3C0D8200DA3C3C0A8200DA3D3C078210DA053C048200DA3E3C0114F137F1D6
:20F9200008F034FF081F370F83F12CF1083F96022CF3081F96042CF102EF6E030D00000350
:20F940000090DA015F4F2D00DA045F4F2F00DA065F4F3100DA075F4F3300DA085F4F350060
:20F96000DA095F4F3700DA0A5F4F3900DA0B5F4F3B00DA0C5F4F3D00DA0D5F4F3F00DA0F98
:20F980005F4F4100DA125F4F4300DA135F4F4500DA155F4F4700DA165F4F49003C4C9110C7
:20F9A0000028D92254043C5191100028D92268043C4C91100028D92264143C4791100028FF
:20F9C000D92250143C4291100028D9227C043C3D91100028D92260243C3891100028D9220D
:20F9E00078143C3391100028D9224C243C2E91100028D92248343C2991100028D92274246D
:20FA00003C2491100028D9225C343C1F91100028D92244443C1A91100028D92270343C157C
:20FA200091100028D9226C443C1091100028D92258443C0B820491100048D9442C153B5007
:20FA400004506DFF97E0A0023C010090BB00FEFF26F4DA005F4F3200DA405F4F34003B003D
:20FA600014F05F4F35003B0016F05F4F36003B001AF05F4F37003B001CF05F4F38003B00E8
:20FA80001EF05F4F39003B0028F05F4F3A003B002AF05F4F3B003B002CF05F4F3C003B007C
:20FAA0002EF05F4F3D003B0040F05F4F3E003B0042F05F4F3F003C429140002FD922000A09
:20FAC0003C3E9140002FD922008A3C399140002FD922808A3C349140002FD92280CA3C2F8D
:20FAE0009140002FD922C04A3C2A9140002FD922C08A3C259140002FD922C0CA3C20914043
:20FB0000002FD922400B3C1B9140002FD922404B3C169140002FD922408B3C119140002F2E
:20FB2000D92240CB3C0C9140002FD922000C3C079140002FD922004C3C023C013C0100909E
:20FB4000024F02F46DFF84FF161F09202409570061FF6E0382123C0282023C013C0100905C
:20FB60000B451088026AF69DDA003E74DA023E743C05DA003C05DA083C03DA103C013C089C
:20FB8000DA043E723C03DAC03C03DA803C0102846DFF5EFF8FF80141402402F56DFF889031
:20FBA00002846DFF55FF8FF80141820540246DFFB190DF19198076AC02846DFF49FF8FF82A
:20FBC00001F182100FF01000892004093C0C02846DFF3EFF8FF801F17B1000000FF0100052
:20FBE000892004090090024F765B02F46DFF30FF161F82100FF01000892004093C0B02F443
:20FC00006DFF26FF161F7B1000000FF01000892004090090911000F8D9FFC082D4F46DFF57
:20FC20001388911000F8D9FFC082C8246DFF0C88009020880249025A4DC0E2FF370FE1F79F
:20FC40008B0F20B23C010D00400300003C013C01DA024BF901426DFF2288402F49A4240A2E
:20FC600040F56DFF488B6DFFA2A102246DFFA9B10B2310C882083C1C820702A60BCD10482C
:20FC80006DFFD0810B231048BB0024649BF6006082076DFFB782BBF0FFFF7FF203803C0BDB
:20FCA0008FFD1F1077CD800F0B0110C8C218DA103FF8E4FFDA103FF80280DA003E98DA01C6
:20FCC0003E9DDA02BE92DA03BE973C1DDA0089AF2418DA3289AFA2183C16DA0089AF2A18A0
:20FCE000DA3389AFA8183C0FDA0089AF2418DA3489AFA2183C08DA0089AF2A18DA3589AF87
:20FD0000A8183C01DA024BF90102DF011780DA0089AF0018DA0789AF2018DA0189AF211885
:20FD200089A228090BCD10486DFF2DB289A22409DA0089AF0C183C15DA0189AF0018DA09FF
:20FD400089AF2618DA0289AF271889A230090BCD10486DFF18B289A22C09DA0089AF141872
:20FD6000DA0089AF9A18DA0089AF9C18DA0089AF012849A4000A49A5240A6DFFF78802BFFF
:20FD80006E030D0000034D00D0FF16015E19DA0182103700010E37F0040C89F0283949A487
:20FDA000000A6DFFC28A0090DA853F4F0D00DA003FF40A005AF4911000F8D9FF3C2590FF31
:20FDC000D4FFDC0F1D000E0391100028D922ECF21D00120391100028D922C8E21D000C03C9
:20FDE00091100028D922D8F21D00060391100028D922C4F21D00000391100028D922F0E21F
:20FE00001D00FA0291100028D922DCE21D00F40291100028D92200031D00EE029110002897
:20FE2000D92214031D00E80291100028D92228031D00E20291100028D92238131D00DC02AF
:20FE400091100028D92224131D00D60291100028D92210131D00D00291100028D9223C03D9
:20FE60001D00CA0291100028D9220C231D00C40291100028D92220231D00BE029110002816
:20FE8000D9221C331D00B80291100028D92208331D00B20291100028D92234231D00AC028B
:20FEA00091100028D92230331D00A60291100028D92204431D00A00291100028D922005375
:20FEC0001D009A0291100028D9222C431D00940291100028D92218431D008E0291100028EE
:20FEE000D92214531D00880291100028D92228531D00820291100028D92238631D007C021F
:20FF000091100028D92224631D00760291100028D92210631D00700291100028D9223C53E8
:20FF20001D006A0291100028D9220C731D00640291100028D92208831D005E0291100028DD
:20FF4000D92234731D00580291100028D92220731D00520291100028D9221C831D004C02F2
:20FF600091100028D92218931D00460291100028D92204931D00400291100028D92230837C
:20FF80001D003A0291100028D9222C931D00340291100028D92214A31D002E0291100028A1
:20FFA000D92200A31D00280291100028D9220CC31D00220291100028D92228A31D001C02BE
:20FFC00091100028D92238B31D00160291100028D92210B31D00100291100028D92224B3EC
:20FFE0001D000A0291100028D9223CA31D00040291100028D92234C31D00FE019110002872
:02000004800179
:20000000D92208D31D00F80191100028D9221CD31D00F20191100028D92220C31D00EC0180
:2000200091100028D92200F31D00E60191100028D92218E31D00E00191100028D9222CE375
:200040001D00DA0191100028D92204E31D00D40191100028D92230D31D00CE01911000288F
:20006000D9223CF31D00C80191100028D92250031D00C20191100028D92214F31D00BC01D4
:2000800091100028D92228F31D00B60191100028D9224C131D00B00191100028D92278037D
:2000A0001D00AA0191100028D92264031D00A40191100028D92248231D009E0191100028D7
:2000C000D9225C231D00980191100028D92260131D00920191100028D92274131D008C0114
:2000E00091100028D92270231D00860191100028D92244331D00800191100028D9225833DD
:200100001D007A0191100028D92240431D00740191100028D9226C331D006E0191100028B6
:20012000D92254431D00680191100028D9227C431D00620191100028D92264531D005C01AF
:2001400091100028D92250531D00560191100028D92268431D00500191100028D922785358
:200160001D004A0191100028D92274631D00440191100028D92248731D003E019110002876
:20018000D92260631D00380191100028D9224C631D00320191100028D9225C731D002C01AB
:2001A00091100028D92258831D00260191100028D92244831D00200191100028D9227073EC
:2001C0001D001A0191100028D9226C831D00140191100028D92268931D000E01911000284E
:2001E000D92240931D00080191100028D92254931D00020191100028D92250A31D00FC0070
:2002000091100028D9227C931D00F60091100028D92278A31D00F00091100028D92264A341
:200220001D00EA0091100028D9224CB31D00E40091100028D92274B31D00DE009110002844
:20024000D92260B31D00D80091100028D92270C31D00D20091100028D92248C31D00CC00FD
:2002600091100028D9225CC31D00C60091100028D92240E31D00C00091100028D9226CD3F1
:200280001D00BA0091100028D92258D31D00B40091100028D92244D31D00AE009110002858
:2002A000D92254E31D00A80091100028D92250F31D00A20091100028D9227CE31D009C00A5
:2002C00091100028D92268E31D00960091100028D92264F31D00900091100028D9228C0341
:2002E0001D008A0091100028D92278F31D00840091100028D922A0033C7E91100028D922A2
:200300009C133C7991100028D922B4033C7491100028D92288133C6F91100028D9228423D9
:200320003C6A91100028D922B0133C6591100028D922AC233C6091100028D92298233C5BAA
:2003400091100028D92280333C5691100028D922A8333C5191100028D92294333C4C9110B4
:200360000028D922A4433C4791100028D922BC333C4291100028D92290433C3D91100028E6
:20038000D922A0533C3891100028D9228C533C3391100028D922B8433C2E91100028D922FC
:2003A000B4533C2991100028D922B0633C2491100028D9229C633C1F91100028D9228863CD
:2003C0003C1A91100028D92284733C1591100028D922AC733C1091100028D92298733C0B76
:2003E000820491100048D94414253BD00D506DFFC1DBA0023C01009020389100014F6DFFB4
:20040000A289910001FF19FF00C0AE1F9100014F8204BB0068599B85B9546DFFA58B91003E
:20042000014F82246DFF848B49A4000A9100015F6DFF288B82083C1982093C13370868F0F4
:200440002CA4370948F02CA549A4240A49A5000A6DFF778A49A4240A82146DFF558BC2192B
:20046000DA083FF9ED7FC218BF48E87F00902038024F0B5610883B0071020B905041911001
:200480000048D94414253B3013506DFF73DB02F46DFF8CFC402F14FF82003E0882103E072B
:2004A00082203E0682303E053C053C053C043C033C023C019100014F6DFF45899100012F09
:2004C000192F00C0AE1F9100014F8204BB0068599B85B9546DFF488B9100014F82246DFF05
:2004E000278B49A4000A9100015F6DFFCB8A14FF2CA409FF01082CA5BB0068F99B8FB9F4E9
:200500004B0861014B0F51F04B0F71F17802F807DA0189AF130814FF82003E0A8210BE08F3
:2005200082205F0F260082305F0F33003C418205029409A6080982076DFF747DFB00716224
:200540000B2310486DFF5E7E89A20C093C328205029409A6080982076DFF647DFB0071629E
:200560000B2310486DFF4E7E89A20C093C228205029409A6080982076DFF547DFB007162AE
:200580000B2310486DFF3E7E89A20C093C128205029409A6080982076DFF447DFB007162BE
:2005A0000B2310486DFF2E7E89A20C093C023C0149A4240A49A5000A6DFFC38949A4240AFC
:2005C00082146DFF8D8A0090024F02583B0071020B80504191100048D94414253B10115012
:2005E0006DFFC8DA02F46DFFE1FB402F14FF3B008000E20F60F291F0013F3023D934000806
:2006000009F401086DFF2C8914FF82003E0A8210BE0682205F0F220082305F0F2D003C398C
:2006200082050284820702266DFFFC7CFB0071620B2310486DFFE67D02283C2C8205028456
:20064000820702266DFFEE7CFB0071620B2310486DFFD87D02283C1E8205028482070226BC
:200660006DFFE07CFB0071620B2310486DFFCA7D02283C1082050284820702266DFFD27CBD
:20068000FB0071620B2310486DFFBC7D02283C023C0114FF3B008000E20F60F291F0013FEA
:2006A0003023D934000809F4010802856DFFFA880090404F024F0B561088027A0BA910416D
:2006C00091100048D94414B53B102A506DFF52DA74F9681A2CF889F80A0902946DFFB8F994
:2006E000E84202A46DFFB4F9E85282158216823702946DFF37FA82158216824702A46DFFB2
:2007000031FA0090404F024982083B8000A0C8427B10000054FF161F0FF01000892004097D
:2007200009FF0A093C02C2FFEEFFC8528210481F161F0FF01000892004093C27C8427B10AD
:20074000000054FF161F0FF010008920040909F00A093C01020FC2F0EEFEC842821054FF65
:20076000161F0FF010008920040909F00A093C01020FC2F0EEFE8618481F370F50406DFF40
:20078000E1F9A6283708688002AFC2FA370A68A0EED6C8427B10000054FF161F0FF01000E4
:2007A0008920040909FF0A093C02C2FFEEFF40F402946D00470002823C010090404F0248D4
:2007C00040F46D00AF00088F861F370F684040F46D00720040F402846D006E0040F46D0056
:2007E000CA0040F46D009E00088F861F9601370F684040F46D006000821440F46DFF84FF75
:20080000022F40F46D00B70002F23C010090404F0B45108840F46D008500088F861F370F6F
:20082000684040F46D00480040F402846D00440040F402946D00400040F46D009C00009078
:20084000CC447B100000544F161F0FF0100068107649CC4582104C41161F0FF010006810F3
:200860003C09CC457B1000004C41161F0FF010006810094F0A093C02C2FFEEFFCC44821055
:20088000544F161F0FF010006810094F0A093C02C2FFEEFFCC447B100000544F161F0FF030
:2008A00010006810CC4582104C41161F0FF0100068100090404F02483B0008903C26481FBF
:2008C000370F50400F9880506DFF8FF986F909F00A093C01020FC2F0EEFEC842821054FF71
:2008E000161F0FF010008920040909F00A093C01020FC2F0EEFEC8427B10000054FF161FE9
:200900000FF0100089200409DF09DBFF40F46D006000DF12048082023C0282123C010090B7
:20092000CC448210544F161F0FF010006810CC4582104C41161F0FF010006810094F0A095F
:200940003C02C2FFEEFFCC457B1000004C41161F0FF010006810094F0A093C02C2FFEEFF6F
:20096000CC447B100000544F161F0FF0100068100090CC457B1000004C41161F0FF0100080
:200980006810CC447B100000544F161F0FF010006810094F0A093C02C2FFEEFFCC448210EC
:2009A000544F161F0FF010006810094F0A093C02C2FFEEFFCC4582104C41161F0FF010000D
:2009C0006810094F0A093C02C2FFEEFF0090404F8208C8427B10000054FF161F0FF0100073
:2009E00089200409C8528210481F161F0FF010008920040909FF0A093C02C2FFEEFFC84223
:200A0000821054FF161F0FF010008920040909FF0A093C02C2FFEEFF481F370F50406DFF47
:200A200091F876228218C8427B10000054FF161F0FF010008920040909FF0A093C02C2FFFF
:200A4000EEFF02823C010090094F4218370FE3013C04094F10293C01020FC2F0EEFB009032
:200A600049AA10BA0B4510880B6710A809ACB04809ADB44809AEB848DA644BFB01020B08F7
:200A8000004191100048D94400C53BC03E506DFF71D8DA644BFC01020B0800419110004847
:200AA000D94400C53BD03E506DFF64D8DA644BFD01020B08004191100048D94400C53BE050
:200AC0003E506DFF57D83BB01AF03EEEDA644BFE01020B08004191100048D94400C53B10D8
:200AE0003F506DFF47D8911000F7D9FFDC62B4FE370848406DFF8A8B402CB4AE49A4203A1F
:200B000049A5383A0B8B10480BCD10686D00950149A4040A40C56DFFCF8FDA002CA4BB0005
:200B2000C2FB9BEFC3F47805DA002CAC49AF203AF80949A4300A49A5040A6DFF948D49A498
:200B4000004A49A5300A6DFF708D4B0A61F17841DA003E99DA01BE93DA02BE9EDA035F9F6A
:200B600027003C3109AF4848B70F81F189AF084809AF4848961089AF08483C2509AF4848BA
:200B8000B70F81F189AF084809AF4848B70F01F289AF08483C1809AF4848960889AF08484A
:200BA00009AF4848961089AF08483C0D09AF4848960889AF084809AF4848B70F01F289AFCF
:200BC00008483C0109AF4848962089AF084809A0C848DA0837F006F389AF884809AF4948F6
:200BE000B70F01F289AF094809A2F83989A2DC493BB01AF07EE609AF4848960489AF0848C4
:200C000049A43C1A49A5004A6DFF0B8C3BB01AF05FEF3280D840D4FFC8AF09FF5108B70FD8
:200C200001F389FF110882048205820640C46DFF368B911000F7D9FFDC623BB01AF0B4FF03
:200C4000DA003E8ADA013E8BDA023E8CDA033E8DDA043E8E3C103B2001E03C0D3B8007E0E3
:200C60003C0A3BE00DE03C073B4014E03C043BA01AE03C01DA0509C0560837F003F289CFA8
:200C80001608534820F0911000F7D9FFC86210FF4CC674FF534820F0911000F7D9FFC86218
:200CA00010FF534820F091100027D922C8621022092FC208B77F85F3ACF1534820F09110C2
:200CC00000F7D9FFC86210FF534820F091100027D922C8621022142FB71F03F234FF534866
:200CE00020F0911000F7D9FFC86210FF534820F091100027D922C8621022142FB71F83F0E5
:200D000034FF534820F0911000F7D9FFC86210F2534820F0911000F7D9FFC86210FF081FDE
:200D2000B71F03F12C21534820F0911000F7D9FFC86210FF534820F091100027D922C862B0
:200D40001022092FC008B71F83F3B4FF534820F0911000F7D9FFC86210F2534820F09110CF
:200D600000F7D9FFC86210FF082F96202C22534820F0911000F7D9FFC86210F2534820F03E
:200D8000911000F7D9FFC86210FF082FB70F81F12C22534820F0911000F7D9FFC86210F2A6
:200DA000534820F0911000F7D9FFC86210FF082FB70F01F32C22534820F0911000F7D9FF85
:200DC000C86210F2534820F0911000F7D9FFC86210FF082FB71F03F02C22534820F09110F9
:200DE00000F7D9FFC86210F2534820F0911000F7D9FFC86210FF081FB71F83F22C2153484A
:200E000020F0911000F7D9FFC86210F2534820F0911000F7D9FFC86210FF0830DA664BFE11
:200E20000122DA064BF301229AD2370F68F037F004F22C2300900B67108894AF404F405CD0
:200E40003B80000089F014083B00080028C03B0008002840820089F01508820089C005087C
:200E60003B00080089C0040882005F40100082105F40C50082205F40970182305F409302F4
:200E800082405F4065031D003204F65791100028D922C843F4F23C12DF15088091100028A1
:200EA000D922D843F4F23C0A820491100048D94400C53B3004506DFF5DD6DF6808809110D1
:200EC0000028D922E833E8223C12DF78088091100028D922F833E8223C0A820491100048EF
:200EE000D94400C53B7004506DFF44D63BC000005F09088091100028D922D833E8423C0A61
:200F0000820491100048D94400C53BA004506DFF31D63B2001007E07911000F8D9FFE84361
:200F2000F4CF3C6A3B8001007E07911000F8D9FFD053F4CF3C613BE001007E07911000F8D9
:200F4000D9FFE453F4CF3C583B4002007E07911000F8D9FFF853F4CF3C4F3BA002007E07BD
:200F6000911000F8D9FFCC63F4CF3C463B0003007E07911000F8D9FFE063F4CF3C3D3B603E
:200F800003007E07911000F8D9FFF463F4CF3C343BC003007E07911000F8D9FFC873F4CFDC
:200FA0003C2B3B2004007E07911000F8D9FFDC73F4CF3C223B8004007E07911000F8D9FF50
:200FC000F073F4CF3C193B0006007E07911000F8D9FFFC43F4CF3C103BB01A007E04A00FDB
:200FE000F4CF3C0A820491100048D94400C53B8005506DFFBFD51D007A033B6006005F05E8
:20100000088091100028D922D493F4F23C143B7006005F05088091100028D922E493F4F229
:201020003C0A820491100048D94400C53B0006506DFFA0D53BC006005F08088091100028EE
:20104000D922E483E8223C1E3BD006005F08088091100028D922F483E8223C143BE0060014
:201060005F08088091100028D922C493E8223C0A820491100048D94400C53B5006506DFF78
:2010800079D53B2007005F09088091100028D922C483E8423C143B3007005F090880911028
:2010A0000028D922D483E8423C0A820491100048D94400C53B9006506DFF5CD53B80070075
:2010C0007E07911000F8D9FFF493F4CF3C6A3BE007007E07911000F8D9FFDCA3F4CF3C6133
:2010E0003B4008007E07911000F8D9FFF0A3F4CF3C583BA008007E07911000F8D9FFC4B33D
:20110000F4CF3C4F3B0009007E07911000F8D9FFD8B3F4CF3C463B6009007E07911000F8B5
:20112000D9FFECB3F4CF3C3D3BC009007E07911000F8D9FFC0C3F4CF3C343B200A007E0762
:20114000911000F8D9FFD4C3F4CF3C2B3B800A007E07911000F8D9FFE8C3F4CF3C223BE0BB
:201160000A007E07911000F8D9FFFCC3F4CF3C193B400B007E07911000F8D9FFC8A3F4CFEE
:201180003C103BB01A007E04A00FF4CF3C0A820491100048D94400C53B7007506DFFEAD447
:2011A0001D00A5023BC00C005F05088091100028D922D0F3F4F23C323BD00C005F0508809A
:2011C00091100028D922E0F3F4F23C283BE00C005F05088091100028D922F0F3F4F23C1E34
:2011E0003BF00C005F05088091100028D9220004F4F23C143B000D005F05088091100028D1
:20120000D9221004F4F23C0A820491100048D94400C53B1008506DFFADD43B200D005F08E3
:20122000088091100028D922E0E3E8223C1E3B300D005F08088091100028D922F0E3E82233
:201240003C143B400D005F08088091100028D922C0F3E8223C0A820491100048D94400C5AF
:201260003B6008506DFF86D43B800D005F09088091100028D922D0E3E8423C323B900D0016
:201280005F09088091100028D922D0D3E8423C283BA00D005F09088091100028D922E0D31A
:2012A000E8423C1E3BB00D005F09088091100028D922F0D3E8423C143BC00D005F090880C9
:2012C00091100028D922C0E3E8423C0A820491100048D94400C53BD008506DFF4BD43BE0DD
:2012E0000D007E07911000F8D9FF2004F4CF3C583B400E007E07911000F8D9FF3404F4CFF6
:201300003C4F3BA00E007E07911000F8D9FF0814F4CF3C463B000F007E07911000F8D9FFC2
:201320001C14F4CF3C3D3BC00F007E07911000F8D9FF3014F4CF3C343B2010007E07911039
:2013400000F8D9FF0424F4CF3C2B3B8010007E07911000F8D9FF1824F4CF3C223BE0100022
:201360007E07911000F8D9FF2C24F4CF3C193B4011007E07911000F8D9FF0034F4CF3C104A
:201380003BB01A007E04A00FF4CF3C0A820491100048D94400C53B9009506DFFEBD31D0052
:2013A000A6013B2013005F05088091100028D9223444F4F23C143B3013005F0508809110AF
:2013C0000028D9222444F4F23C0A820491100048D94400C53BF009506DFFCCD33B801300A8
:2013E0005F08088091100028D9220444E8223C1E3BA013005F08088091100028D922144495
:20140000E8223C143B9013005F08088091100028D9223434E8223C0A820491100048D9449D
:2014200000C53B400A506DFFA5D33BE013005F09088091100028D9221434E8423C143BF05F
:2014400013005F09088091100028D9222434E8423C0A820491100048D94400C53B800A5097
:201460006DFF88D33B4014007E07911000F8D9FF0454F4CF3C6A3BA014007E07911000F852
:20148000D9FF1854F4CF3C613B0015007E07911000F8D9FF2C54F4CF3C583B6015007E0756
:2014A000911000F8D9FF0064F4CF3C4F3B7015007E07911000F8D9FF1464F4CF3C463BC09B
:2014C00015007E07911000F8D9FF2864F4CF3C3D3BD015007E07911000F8D9FF3C64F4CFC0
:2014E0003C343B2016007E07911000F8D9FF1074F4CF3C2B3B8016007E07911000F8D9FFA0
:201500002474F4CF3C223BE016007E07911000F8D9FF3874F4CF3C193B4017007E0791106F
:2015200000F8D9FF0C84F4CF3C103BB01A007E04A00FF4CF3C0A820491100048D94400C5AC
:201540003B600B506DFF16D31D00D1003B8019005F05088091100028D92210A4F4F23C28D0
:201560003B9019005F05088091100028D92220A4F4F23C1E3BA019005F050880911000282A
:20158000D92230A4F4F23C143BB019005F05088091100028D92200B4F4F23C0A820491108B
:2015A0000048D94400C53BE00B506DFFE3D23BE019005F08088091100028D9222094E822C5
:2015C0003C1E3BF019005F08088091100028D9223094E8223C143B001A005F0808809110B7
:2015E0000028D92200A4E8223C0A820491100048D94400C53B300C506DFFBCD23B401A002D
:201600005F09088091100028D9223084E8423C283B501A005F09088091100028D9220094E7
:20162000E8423C1E3B601A005F09088091100028D9221094E8423C143B701A005F090880EA
:2016400091100028D9222084E8423C0A820491100048D94400C53B900C506DFF8BD23BC076
:201660001B007E07911000F8D9FF0CC4F4CF3C3D3B401D007E07911000F8D9FF34C4F4CF04
:201680003C343B501D007E07911000F8D9FF20C4F4CF3C2B3B601B007E07911000F8D9FF82
:2016A00038B4F4CF3C223B001B007E07911000F8D9FF24B4F4CF3C193BA01A007E079110C6
:2016C00000F8D9FF10B4F4CF3C103BB01A007E04A00FF4CF3C0A820491100048D94400C5D7
:2016E0003B200D506DFF46D23C0100900B451088370848406DFF8A85402C40C46DFFA6F93C
:20170000534820F0911000F7D9FFC86210FF54FF8200370F01F089CF201989C924193C010C
:2017200009CF4218370FE3F16EFC40C46DFF8EF9534820F0911000F7D9FFC86210FF54FF55
:201740008210370F01F089CF2019DA0089CF24193C0109CF4218370FE3F16EFC3C0109CFB8
:2017600041186F3FFE7FBBF0FFFF89CF141909CF10293C01370F68203C0100900B541088D7
:20178000404C026A370948406DFF4085402D40D46DFF5CF9534920F0911000F7D9FFC862D0
:2017A00010FF54F082013710010089D0201989D824193C0109D042183700E3F16EFC40D4E2
:2017C0006DFF44F9DF1A0F80534920F0911000F7D9FFC86210FF54FF8210370F01F089DFFF
:2017E0002019DA0089DF24193C0109DF4218370FE3F16EFC09DF10293C0134CFB01CC2FA45
:20180000DF0AE2FF3C0109DF41186F3FFE7FBBF0FFFF89DF141900900B45108837084840D8
:201820006DFFF484534820F0911000F7D9FFC86210FF54F082013710010089202019BB00C4
:20184000F00F26908680892024193C01092F42181607EEFD534820F0911000F7D9FFC862CB
:2018600010FF54FF8210370F01F0892F20198FF90FF1892F24193C01092F41186F3FFE7FD6
:20188000BBF0FFFF892F141900900248404C0259370848406DFFBA84534820F0911000F745
:2018A000D9FFC86210FF54F08201371001008920201909C0C008BB00F01F261086808920E6
:2018C00024193C01092F42181607EEFDDF190F80534820F0911000F7D9FFC86210FF54FFC6
:2018E0008210370F01F0892F201909CFC00816FFB02C892F24193C01092F42181607EEFDD1
:20190000C2F9DF09D8FF3C01092F41186F3FFE7FBBF0FFFF892F14190090024F0258370F45
:2019200048406DFF7384534F20F0911000F7D9FFC86210FF54FF8210370F01F0892F201954
:20194000892824193C01092F42181607EEFD3C01092F41186F3FFE7FBBF0FFFF892F14193B
:2019600000900B451088026A370848406DFF4E84402C534820F0911000F7D9FFC86210FFBE
:2019800054FF8200370F01F089CF201940C46DFF5DF889C924193C0109CF42181607EEFDDF
:2019A000534820F0911000F7D9FFC86210FF54FF8210370F01F089CF201989CA24193C0159
:2019C00009CF42181607EEFD3C0109CF41186F3FFE7FBBF0FFFF89CF14190090A00FDA00ED
:2019E0005F4F2100DA015F4F2300DA025F4F2500DA035F4F2700DA045F4F2900DA055F4FC9
:201A00002B00DA065F4F2D00DA085F4F2F00DA095F4F3100DA0A5F4F3300DA0B5F4F3500D2
:201A20003C38911000F7D9FFE0623C3C911000F7D9FFE4B23C37911000F7D9FFD0D23C320F
:201A4000911000F7D9FFFCE23C2D911000F7D9FF28033C28911000F7D9FF14233C23911029
:201A600000F7D9FF00433C1E911000F7D9FF2C533C19911000F7D9FF18733C14911000F7D3
:201A8000D9FFCC823C0F911000F7D9FFF8923C0A820491100048D94428C53B7012506DFFA3
:201AA00069D040F23C01009020200B4510A80B7610884DC0E2FF370FE1F78B0F20C23C01C8
:201AC0000D00400300003C013C01370A48406DFF347491100047D944049340256DFF127868
:201AE00002A46D00D60302A46D007205911000F7D9FF0493DA0289FF2C08911000F7D9FF61
:201B00000493DA04ACF4911000F7D9FF04934B0B61F16CF1911000F7D9FF0493DA072CFA96
:201B2000A00FF4AFA00FF80449A4180A49A5080A0BA9104802866D002800DA102CACDA8054
:201B400089AF1C08DA0089AF1D08911000F7D9FF049349A2000AE8A202A46DFF41FF911079
:201B60000057D955049340246DFF8475820502A46D006503820502A46D009C0602CF6E0300
:201B80000D00000300900268405C82005F40220082105F40670082205F40FF0082305F4033
:201BA000730182405F40E70182505F400A0282605F404802DA085F4F7402DA095F4F9702F0
:201BC000DA0A5F4FB902DA0B5F4FFF021D002203F658910000F8D9FF2C3080FF744F3C2534
:201BE000DF150980911000F8D9FF9C5280FF744F3C1CDF250980911000F8D9FFAC5280FFF4
:201C0000744F3C13DF350980911000F8D9FFBC5280FF744F3C0A820491100048D94428C595
:201C20003B7013506DFFA6CFF688910000F8D9FF0C3080FF74CF3C13DF180980910000F880
:201C4000D9FF1C3080FF74CF3C0A820491100048D94428C53BB013506DFF8CCF1D00DB02D0
:201C6000DF450980911000F8D9FFAC9280FF744F3C52DF550980911000F8D9FFBC9280FF3D
:201C8000744F3C49DF650980911000F8D9FF8CA280FF744F3C40DF750980911000F8D9FF84
:201CA0009CA280FF744F3C37DA087E58911000F8D9FFACA280FF744F3C2EDA097E589110B4
:201CC00000F8D9FFBCA280FF744F3C25DA0A7E58911000F8D9FF8CB280FF744F3C1CDA0B4B
:201CE0007E58911000F8D9FF9CB280FF744F3C13DA0C7E58911000F8D9FFACB280FF744FF1
:201D00003C0A820491100048D94428C53B9014506DFF30CFDF480980911000F8D9FF8C823B
:201D200080FF74CF3C37DF580980911000F8D9FF9C8280FF74CF3C2EDF680980911000F88A
:201D4000D9FFAC8280FF74CF3C25DF380980911000F8D9FFBC8280FF74CF3C1CDF78098011
:201D6000911000F8D9FF8C9280FF74CF3C13DF280980911000F8D9FF9C9280FF74CF3C0A8C
:201D8000820491100048D94428C53B1015506DFFF1CE1D004002DA0D7E58911000F8D9FF62
:201DA0008CD280FF744F3C37DA0E7E58911000F8D9FF9CD280FF744F3C2EDA0F7E58911067
:201DC00000F8D9FFACD280FF744F3C25DA107E58911000F8D9FFBCD280FF744F3C1CDA11CE
:201DE0007E58911000F8D9FF8CE280FF744F3C13DA127E58911000F8D9FF9CE280FF744FAA
:201E00003C0A820491100048D94428C53BC015506DFFB0CEDA0B7E88911000F8D9FFBCB2EF
:201E200080FF74CF3C2EDA097E88911000F8D9FF8CC280FF74CF3C25DA0A7E88911000F828
:201E4000D9FF9CC280FF74CF3C1CDA0C7E88911000F8D9FFACC280FF74CF3C13DA087E886E
:201E6000911000F8D9FFBCC280FF74CF3C0A820491100048D94428C53B4016506DFF7ACE5D
:201E80001D00C901DA137E58911000F8D9FFACF280FF744F3C40DA147E58911000F8D9FF96
:201EA000BCF280FF744F3C37DA157E58911000F8D9FFCC0280FF744F3C2EDA167E589110A8
:201EC00000F8D9FFDC0280FF744F3C25DA177E58911000F8D9FFEC0280FF744F3C1CDA18FF
:201EE0007E58911000F8D9FFFC0280FF744F3C13DA197E58911000F8D9FFCC1280FF744FB2
:201F00003C0A820491100048D94428C53B0017506DFF30CEDA0E7E88911000F8D9FFACE209
:201F200080FF74CF3C25DA0F7E88911000F8D9FFBCE280FF74CF3C1CDA0D7E88911000F8E0
:201F4000D9FF8CF280FF74CF3C13DA107E88911000F8D9FF9CF280FF74CF3C0A82049110FC
:201F60000048D94428C53B6017506DFF03CE1D005201DA1A7E58911000F8D9FFEC1280FFA8
:201F8000744F3C0A820491100048D94428C53BC017506DFFEFCDDA117E88911000F8D9FFD3
:201FA000DC1280FF74CF3C0A820491100048D94428C53BF017506DFFDDCD1D002C01DA1BCB
:201FC0007E58911000F8D9FFEC2280FF744F3C13DA1C7E58911000F8D9FFFC2280FF744F7E
:201FE0003C0A820491100048D94428C53B6018506DFFC0CDDA127E88911000F8D9FFFC12B5
:2020000080FF74CF3C1CDA137E88911000F8D9FFDC2280FF74CF3C13DA147E88911000F8A6
:20202000D9FFCC2280FF74CF3C0A820491100048D94428C53BB018506DFF9CCD1D00EB0029
:20204000DA1D7E58911000F8D9FFEC3280FF744F3C0A820491100048D94428C53B1019506F
:202060006DFF88CDDA157E88911000F8D9FFCC3280FF74CF3C13DA167E88911000F8D9FFC3
:20208000DC3280FF74CF3C0A820491100048D94428C53B5019506DFF6DCD1D00BC00DA1E46
:2020A0007E58911000F8D9FFCC4280FF744F3C0A820491100048D94428C53BB019506DFF0A
:2020C00059CDDA177E88911000F8D9FFFC3280FF74CF3C0A820491100048D94428C53BE0A8
:2020E00019506DFF47CD1D009600DA1F7E58911000F8D9FFEC4280FF744F3C0A8204911027
:202100000048D94428C53B401A506DFF33CDDA187E88911000F8D9FFDC4280FF74CF3C0A8D
:20212000820491100048D94428C53B701A506DFF21CD3C70DA207E58911000F8D9FF8C72CC
:2021400080FF744F3C13DA217E58911000F8D9FF9C7280FF744F3C0A820491100048D9448A
:2021600028C53BE01A506DFF05CDDA197E88911000F8D9FF8C6280FF74CF3C25DA1A7E883A
:20218000911000F8D9FF9C6280FF74CF3C1CDA1B7E88911000F8D9FFAC6280FF74CF3C132B
:2021A000DA1C7E88911000F8D9FFBC6280FF74CF3C0A820491100048D94428C53B401B502D
:2021C0006DFFD8CC3C27DA227E58911000F8D9FFBC7280FF744F3C0A820491100048D94407
:2021E00028C53BB01B506DFFC5CCDA1D7E88911000F8D9FFAC7280FF74CF3C0A82049110E4
:202200000048D94428C53BE01B506DFFB3CC3C023C010090404F82086DFFE2FBD424094F3E
:202220005208161F3C016E07D424821440F56DFF1F71821802823C0100900258911000F7C1
:20224000D9FF0493D4FF370448406DFF767091100047D944049340256DFF547440F46DFF52
:20226000EE70370868F06E03DA013C02DA0009F0431837F001F289FF031876850C21960432
:202280002C213C050C21B70F01F12C210090DA005F4F2200DA015F4F4100DA025F4F600090
:2022A000DA035F4F7F00DA045F4F9E00DA055F4FBD00DA065F4FDC00DA085F4FFB00DA09C8
:2022C0005F4F1901DA0A5F4F3701DA0B5F4F55011D007401911000F7D9FF04939110002722
:2022E000D922E472E8C2911000F7D9FF049391100027D922FC62E8E2911000F7D9FF0493EA
:20230000DA0189FFAE08911000F7D9FF0493DA0189FFB4081D005B01911000F7D9FF0493FE
:2023200091100027D922E8C2E8C2911000F7D9FF049391100027D922C0C2E8E2911000F7D8
:20234000D9FF0493DA0189FFAE08911000F7D9FF0493DA0189FFB4081D003901911000F7E0
:20236000D9FF049391100027D922D4E2E8C2911000F7D9FF049391100027D922ECD2E8E279
:20238000911000F7D9FF0493DA0189FFAE08911000F7D9FF0493DA0189FFB4081D001701C2
:2023A000911000F7D9FF049391100027D9220003E8C2911000F7D9FF049391100027D922DC
:2023C000D8F2E8E2911000F7D9FF0493DA0189FFAE08911000F7D9FF0493DA0189FFB40823
:2023E0001D00F500911000F7D9FF049391100027D9222C13E8C2911000F7D9FF0493911070
:202400000027D9220413E8E2911000F7D9FF0493DA0189FFAE08911000F7D9FF0493DA01B7
:2024200089FFB4081D00D300911000F7D9FF049391100027D9221833E8C2911000F7D9FF39
:20244000049391100027D9223023E8E2911000F7D9FF0493DA0189FFAE08911000F7D9FF75
:202460000493DA0189FFB4081D00B100911000F7D9FF049391100027D9220453E8C291106C
:2024800000F7D9FF049391100027D9221C43E8E2911000F7D9FF0493DA0189FFAE08911029
:2024A00000F7D9FF0493DA0189FFB4081D008F00911000F7D9FF049391100027D92230638E
:2024C000E8C2911000F7D9FF049391100027D9220863E8E2911000F7D9FF0493DA0189FFE9
:2024E000AE08911000F7D9FF0493DA0189FFB4083C6D911000F7D9FF049391100027D9228D
:202500001C83E8C2911000F7D9FF049391100027D9223473E8E2911000F7D9FF0493DA0155
:2025200089FFAE08911000F7D9FF0493DA0189FFB4083C4C911000F7D9FF049391100027E0
:20254000D922D092E8C2911000F7D9FF049391100027D922E882E8E2911000F7D9FF04936F
:20256000DA0189FFAE08911000F7D9FF0493DA0189FFB4083C2B911000F7D9FF049391100D
:202580000027D922FCA2E8C2911000F7D9FF049391100027D922D4A2E8E2911000F7D9FF57
:2025A0000493DA0189FFAE08911000F7D9FF0493DA0189FFB4083C0A820491100048D94473
:2025C00028C53BC010506DFFD5CA0090DA005F4F2200DA015F4F3D00DA025F4F5800DA03E9
:2025E0005F4F7300DA045F4F8E00DA055F4FA900DA065F4FC400DA085F4FDE00DA095F4F19
:20260000F800DA0A5F4F1201DA0B5F4F2C011D004701911000F7D9FF0493DA0B89FFA008DC
:20262000911000F7D9FF0493DA0A89FFA208911000F7D9FF0493DA0C89FFA408911000F7C4
:20264000D9FF0493DA0089FF26081D003201911000F7D9FF0493DA0D89FFA008911000F775
:20266000D9FF0493DA0E89FFA208911000F7D9FF0493DA0F89FFA408911000F7D9FF0493A6
:20268000DA0089FF26081D001401911000F7D9FF0493DA1089FFA008911000F7D9FF049350
:2026A000DA1189FFA208911000F7D9FF0493DA1289FFA408911000F7D9FF0493DA0089FF6D
:2026C00026081D00F600911000F7D9FF0493DA1389FFA008911000F7D9FF0493DA1489FF18
:2026E000A208911000F7D9FF0493DA1589FFA408911000F7D9FF0493DA0089FF26081D0052
:20270000D800911000F7D9FF0493DA1689FFA008911000F7D9FF0493DA1789FFA2089110EF
:2027200000F7D9FF0493DA1889FFA408911000F7D9FF0493DA0089FF26081D00BA009110FE
:2027400000F7D9FF0493DA1989FFA008911000F7D9FF0493DA1A89FFA208911000F7D9FF53
:202760000493DA1B89FFA408911000F7D9FF0493DA0089FF26081D009C00911000F7D9FFD9
:202780000493DA1C89FFA008911000F7D9FF0493DA1D89FFA208911000F7D9FF0493DA1E4D
:2027A00089FFA408911000F7D9FF0493DA0089FF26083C7E911000F7D9FF0493DA1F89FF0C
:2027C000A008911000F7D9FF0493DA2089FFA208911000F7D9FF0493DA2189FFA408911047
:2027E00000F7D9FF0493DA0089FF26083C61911000F7D9FF0493DA2289FFA008911000F77B
:20280000D9FF0493DA2389FFA208911000F7D9FF0493DA2489FFA408911000F7D9FF0493DA
:20282000DA0089FF26083C44911000F7D9FF0493DA2589FFA008911000F7D9FF0493DA264B
:2028400089FFA208911000F7D9FF0493DA2789FFA408911000F7D9FF0493DA0089FF260873
:202860003C27911000F7D9FF0493DA2889FFA008911000F7D9FF0493DA2989FFA2089110DF
:2028800000F7D9FF0493DA2A89FFA408911000F7D9FF0493DA0089FF26083C0A8204911096
:2028A0000048D94428C53B000B506DFF63C900900258911000F7D9FF0493D4FF3704484011
:2028C0006DFF3B6D91100047D944049340256DFF197140F46DFFC06D370868F06E03DA013D
:2028E0003C02DA0009F0431837F081F389FF031876850C2196042C213C050C21B70F01F1F9
:202900002C2100900248404F025F3C0714F502846D000600C2FFB01FEEFA0090200834A552
:202920006DFF5EF83C01D42F08EF161F3C01EEFCD42449A5000A82146DFF906E0090024878
:20294000404F3C0909FF0008B01F370F685002846DFFE6FF09FF0008EEF60090000600F075
:2029600000AE03F00100000090000000000600F000AF03F00200000090000000000600F005
:2029800000AF03F00300000090000000000A2CF000A003F00400000000000000000A2CF01F
:2029A00000A003F00800000001000000000A2CF000AD03F00000000002000000000A2CF08D
:2029C00000AD03F00100000003000000000A2CF000A003F00800000098000000000A2CF0D4
:2029E00000AD03F00000000090000000000B2CF000B503F00200000004000000000B2CF0AB
:202A000000B503F00500000098000000000700F000AF03F00100000000000000000700F0E0
:202A200000AF03F00500000001000000000700F000B403F00900000002000000000700F04E
:202A400000AB03F00A00000004000000000700F000C103F00D00000005000000000700F016
:202A600000A203F00300000006000000000700F000A203F00200000090000000000700F0A3
:202A800000AB03F00C00000090000000000700F000AF03F00000000090000000000700F0DC
:202AA00000AF03F00100000090000000000700F000AF03F00400000090000000000700F0BF
:202AC00000AF03F00500000090000000000700F000B403F00A00000090000000000700F090
:202AE00000C103F00C00000090000000000700F000C103F00D00000090000000000800F046
:202B000000AE03F00300000000000000000800F000A203F00100000001000000000800F08A
:202B200000AA03F00600000003000000000800F000C103F00800000004000000000800F03F
:202B400000A203F00000000006000000000800F000A203F00000000090000000000800F0C5
:202B600000AA03F00500000090000000000800F000AE03F00200000090000000000800F000
:202B800000AE03F00300000090000000000800F000C103F00800000090000000000800F0C5
:202BA00000C103F00900000090000000000900F000AF03F00700000000000000000900F02D
:202BC00000B403F00300000002000000000900F000A003F00100000004000000000900F0BF
:202BE00000B503F00600000005000000000900F000A003F00000000098000000000900F005
:202C000000A003F00100000090000000000900F000AF03F00600000090000000000900F066
:202C200000AF03F00700000090000000000900F000B403F00000000090000000000900F032
:202C400000B403F00300000090000000000900F000B503F00700000090000000000A00F008
:202C600000A003F00C00000000000000000A00F000A003F009000000A8000000000B00F07C
:202C800000A003F00600000000000000000B00F000C103F00400000001000000000B00F0EC
:202CA00000B603F00300000002000000000B00F000A003F00700000090000000000B00F046
:202CC00000B603F00200000090000000000C00F000B603F00000000004000000000C00F014
:202CE00000B703F00100000005000000000C00F000B603F000000000B8000000000E00F0C9
:202D000000C103F00600000003000000000E00F000C103F007000000A0000000000F00F09E
:202D200000B403F00600000004000000000F00F000B403F00700000090000000000600F0AF
:202D400000000000000700F001000000000800F002000000000900F003000000000A00F08B
:202D600004000000000B00F005000000000C00F006000000000D00F007000000000E00F04B
:202D800008000000000F00F009000000000A2CF00A000000000B2CF00B0000000050C34866
:202DA000640000000050C348640000001400000000000000000000000100000000000000DB
:202DC0000000000000000000000000000000000000000000000001010700000000000901E0
:202DE000000000000602000000000A030000000000000000000000000101000000000000BC
:202E0000002A00F000000000002B00F001000000000000000000000000000000000000007C
:202E2000000000000000000000000000000000000000010000010F00010F00000000000071
:202E40000000000000000000001800F00200000000A003F00800000000000000001800F0C5
:202E60000200000000C103F00600000001000000001800F00200000000A003F007000000F1
:202E800000000000001800F00200000000C103F00700000001000000001800F00300000061
:202EA00000A203F00700000000000000001800F00300000000A203F00600000000000000D0
:202EC000001800F00400000000A003F00900000000000000001800F00400000000C103F08A
:202EE0000500000001000000001800F00400000000A203F00800000000000000001800F01B
:202F00000500000000B503F00600000000000000001800F00500000000AA03F00100000053
:202F200001000000001800F00500000000B503F00700000000000000001800F005000000C7
:202F400000AA03F00300000001000000001800F00600000000B403F000000000000000001B
:202F6000001800F00600000000B403F00300000000000000001800F00600000000AA03F0EE
:202F80000200000001000000000002000000000000A203F00000000088000000000002000D
:202FA0003000000000B603F00100000088000000000002003500000000B503F002000000CE
:202FC00088000000000002005500000000AE03F005000000880000000000020008000000DA
:202FE00000A203F00800000088000000000002000900000000A003F0000000008800000086
:20300000000102000A00000000A003F00100000088000000000102000B00000000A003F0E6
:203020000200000088000000000102000100000000A203F0010000008800000000010200E1
:203040001F00000000C103F00900000088000000000102002F00000000B603F00000000031
:2030600088000000000102003600000000B503F00300000088000000000102005400000005
:2030800000AE03F00400000088000000000202000C00000000A003F00300000088000000D5
:2030A000000202000200000000A203F00200000088000000000202002100000000C103F012
:2030C0000B00000088000000000202003700000000B503F0040000008800000000020200EA
:2030E0005300000000AE03F00300000088000000000302000D00000000A003F004000000A8
:2031000088000000000302000300000000A203F003000000880000000003020031000000C9
:2031200000B603F00200000088000000000302003800000000B503F00500000088000000EA
:20314000000302005200000000AE03F00200000088000000000402000E00000000A003F046
:203160000500000088000000000402000400000000A203F004000000880000000004020091
:203180003200000000B603F00300000088000000000402003900000000B503F006000000DC
:2031A00088000000000402003D00000000B403F003000000880000000004020051000000BB
:2031C00000AE03F00100000088000000000502000F00000000A003F006000000880000008E
:2031E000000502002800000000C003F00400000088000000000502003A00000000B503F078
:203200000700000088000000000502000500000000A203F0050000008800000000060200E9
:203220001000000000A003F00700000088000000000602002A00000000B703F0010000007F
:2032400088000000000602003B00000000B403F00000000088000000000602000600000066
:2032600000A203F00600000088000000000702001100000000A003F00800000088000000EE
:20328000000702004000000000B403F00800000088000000000702000700000000A203F009
:2032A0000700000088000000010003000000000000A203F00000000088000000010002005B
:2032C0004400000000B403F00C00000088000000010002004C00000000AF03F00500000079
:2032E00088000000010002004D00000000AF03F006000000880000000100030008000000BA
:2033000000A203F00800000088000000010003000900000000A003F0000000008800000060
:20332000010102006700000000AA03F00100000088000000010103000A00000000A003F05A
:203340000100000088000000010103000B00000000A003F0020000008800000001010300B2
:203360000100000000A203F00100000088000000010103001F00000000C103F0090000004D
:2033800088000000010102004500000000B403F00D00000088000000010102004E000000CE
:2033A00000AF03F00700000088000000010102004F00000000AF03F0080000008800000057
:2033C000010102005600000000AE03F00600000088000000010202006800000000AA03F05A
:2033E0000200000088000000010202006B00000000AA03F0050000008800000001020300A3
:203400000C00000000A003F00300000088000000010203000200000000A203F002000000E3
:2034200088000000010203002100000000C103F00B0000008800000001020200460000004B
:2034400000B403F00E00000088000000010202005000000000AE03F00000000088000000B1
:20346000010302006900000000AA03F00300000088000000010302006C00000000AA03F0A6
:203480000600000088000000010303000D00000000A003F004000000880000000103030064
:2034A0000300000000A203F00300000088000000010302004700000000AF03F000000000FA
:2034C00088000000010403000E00000000A003F00500000088000000010403000400000022
:2034E00000A203F00400000088000000010403003D00000000B403F0030000008800000034
:20350000010402004800000000AF03F00100000088000000010503000F00000000A003F086
:203520000600000088000000010503002800000000C003F004000000880000000105030084
:203540000500000000A203F00500000088000000010502004100000000B403F0090000004B
:2035600088000000010502004900000000AF03F0020000008800000001060300100000002C
:2035800000A003F00700000088000000010603002A00000000B703F00100000088000000A2
:2035A000010602004200000000B403F00A00000088000000010603000600000000A203F0E2
:2035C0000600000088000000010602004A00000000AF03F0030000008800000001070300D2
:2035E0001100000000A003F00800000088000000010702004300000000B403F00B00000098
:2036000088000000010702004B00000000AF03F0040000008800000001070300070000008D
:2036200000A203F00700000088000000020002001200000000A003F009000000880000002C
:20364000020002001A00000000C103F00400000088000000020002002000000000C103F034
:203660000A00000088000000020002005E00000000AD03F003000000880000000201020026
:203680001B00000000C103F00500000088000000020102005F00000000AB03F002000000CA
:2036A00088000000020202001C00000000C103F006000000880000000202020060000000B8
:2036C00000AB03F00300000088000000020302001500000000A003F00C000000880000007E
:2036E000020302001D00000000C103F00700000088000000020302006100000000AB03F05D
:203700000600000088000000020402001E00000000C103F0080000008800000002040200A9
:203720002200000000C103F00C00000088000000020402006200000000AB03F0090000000E
:2037400088000000020502002300000000C103F00D0000008800000002050900410000001B
:2037600000B403F00900000088000000020502005B00000000AD03F0000000008800000085
:20378000020502006300000000AB03F00A00000088000000020602006400000000AB03F081
:2037A0000B00000088000000020602002400000000C003F000000000880000000206020003
:2037C0003E00000000B403F00600000088000000020602005C00000000AD03F0010000006F
:2037E00088000000020702006500000000AB03F00C00000088000000020702003F00000055
:2038000000B403F00700000088000000020702005D00000000AD03F00200000088000000E0
:20382000030003001200000000A003F00900000088000000030003001A00000000C103F078
:203840000400000088000000030003002000000000C103F00A00000088000000030003006A
:203860005E00000000AD03F00300000088000000030103001B00000000C103F005000000E4
:2038800088000000030103005F00000000AB03F00200000088000000030203001C000000EE
:2038A00000C103F00600000088000000030203006000000000AB03F0030000008800000035
:2038C000030303001500000000A003F00C00000088000000030303001D00000000C103F0C9
:2038E0000700000088000000030303006100000000AB03F006000000880000000304030099
:203900001E00000000C103F00800000088000000030403002200000000C103F00C00000059
:2039200088000000030403006200000000AB03F00900000088000000030503002300000036
:2039400000C103F00D00000088000000030503005B00000000AD03F0000000008800000090
:20396000030503006300000000AB03F00A00000088000000030603006400000000AB03F09B
:203980000B00000088000000030603002400000000C003F00000000088000000030603001D
:2039A0003E00000000B403F00600000088000000030603005C00000000AD03F0010000008B
:2039C00088000000030703006500000000AB03F00C00000088000000030703003F0000006F
:2039E00000B403F00700000088000000030703005D00000000AD03F00200000088000000FD
:203A0000608124F002388700FFFFFFFF648124F066D00000FFFFFFFF688124F0023807008B
:203A2000FFFFFFFF6C8124F026980000FFFFFFFF248124F0C9000000FFFFFFFF088124F0B4
:203A400001003630FFFFFFFF0C8124F00807690BFFFFFFFF288124F08E042101FFFFFFFF76
:203A6000488124F0B6730835FFFFFFFF4C8124F0466C9402FFFFFFFF088124F002003630DD
:203A8000FFFFFFFF108124F03B033600FFFFFFFF148124F01008690BFFFFFFFF508124F0FF
:203AA0000E710834FFFFFFFF548124F0446C9402FFFFFFFF188124F009003600FFFFFFFF3C
:203AC0001C8124F00808690BFFFFFFFF208124F0941C2300FFFFFFFF588124F0B622081B49
:203AE000FFFFFFFF5C8124F0466C9402FFFFFFFF2C8124F034040000FFFFFFFF308124F0DB
:203B0000825A0000FFFFFFFF348124F009090712FFFFFFFF08000000003A0180ACC5A737CB
:203B200002000000603A0180ACC5A7370D000000783A0180ACC5A73703000000143B0180B7
:203B400016000000483B0180608124F002388700FFFFFFFF648124F066D00000FFFFFFFF6E
:203B6000688124F002380700FFFFFFFF6C8124F026980000FFFFFFFF248124F0C9000000CE
:203B8000FFFFFFFF0C8124F00807690BFFFFFFFF288124F08E042101FFFFFFFF488124F0BF
:203BA000B6730835FFFFFFFF4C8124F0466C9402FFFFFFFF088124F002003630FFFFFFFF7D
:203BC000108124F03B033600FFFFFFFF148124F01008690BFFFFFFFF508124F00E710834FF
:203BE000FFFFFFFF548124F0446C9402FFFFFFFF188124F009003600FFFFFFFF1C8124F005
:203C00000808690BFFFFFFFF208124F0941C2300FFFFFFFF588124F0B622081BFFFFFFFFBC
:203C20005C8124F0466C9402FFFFFFFF2C8124F034040000FFFFFFFF308124F0825A0000B9
:203C4000FFFFFFFF348124F009090712FFFFFFFF00A003F00000000000A103F00100000050
:203C600000A203F00200000000AA03F00A00000000AB03F00B00000000AC03F00C000000B2
:203C800000AD03F00D00000000AE03F00E00000000AF03F00F00000000B403F0140000005C
:203CA00000B503F01500000000B603F01600000000B703F01700000000C003F020000000F4
:203CC00000C103F02100000000C203F02200000000C803F028000000001C00F000B403F0A2
:203CE0000C00000000000000001C00F000B403F00C000000A0000000001C00F000B403F0A6
:203D00000E00000098000000001C00F000B403F00B00000098000000001C00F000B403F0F4
:203D20000D000000A8000000001C00F00000000000B403F00800000098000000001C00F06F
:203D40000D00000000AF03F00000000098000000001C00F00100000000B403F0090000005F
:203D600098000000001C00F00200000000B403F00D00000098000000001C00F00300000042
:203D800000AB03F00A00000098000000001C00F00400000000AB03F00B0000009800000092
:203DA000001C00F00500000000AB03F00200000098000000001C00F00600000000B403F001
:203DC0000A00000098000000001C00F00700000000C103F00500000090000000001C00F0D9
:203DE0000800000000B403F00600000098000000001C00F00900000000B403F003000000B7
:203E000098000000001D00F000AA03F00100000000000000001D00F000AB03F003000000B1
:203E200001000000001D00F000AA03F00100000090000000001D00F000AA03F00300000099
:203E400098000000001D00F000AB03F00900000098000000001D00F000AA03F002000000D2
:203E600098000000001D00F000AB03F00600000098000000001D00F00000000000B403F0AD
:203E800008000000A0000000001D00F00A00000000AA03F00000000098000000001D00F021
:203EA0000100000000B403F009000000A0000000001D00F00200000000B403F00D000000EE
:203EC000A0000000001D00F00300000000AB03F00A000000A0000000001D00F004000000D9
:203EE00000AB03F00B000000A0000000001D00F00500000000AB03F002000000A000000027
:203F0000001D00F00600000000C103F00A00000090000000001D00F00700000000C103F078
:203F20000500000098000000001D00F00800000000AA03F00400000098000000001D00F089
:203F40000900000000AA03F005000000A0000000001E00F000AF03F0040000000000000062
:203F6000001E00F000AF03F00700000001000000001E00F000B503F00200000002000000CF
:203F8000001E00F000B503F00300000002000000001E00F000AF03F00200000004000000B0
:203FA000001E00F000AD03F00300000098000000001E00F000AF03F005000000980000006B
:203FC000001E00F000AF03F00600000098000000001E00F000AD03F000000000980000004D
:203FE000001E00F000AD03F00100000098000000001E00F000AF03F003000000980000002F
:20400000001E00F000AF03F006000000A8000000001E00F000AF03F00800000098000000F2
:20402000001E00F00000000000AF03F00200000098000000001E00F00100000000AE03F086
:204040000200000098000000001E00F00200000000AE03F00600000098000000001E00F069
:204060000300000000AE03F00300000098000000001E00F00500000000AF03F0010000004B
:2040800098000000001E00F00600000000C103F00D000000A0000000001E00F007000000FE
:2040A00000B403F00A000000A0000000001E00F00800000000B403F006000000A00000004C
:2040C000001E00F00900000000B403F003000000A0000000001F00F000A203F005000000D6
:2040E00000000000001F00F000A103F00500000002000000001F00F000A103F0060000006D
:20410000A0000000001F00F000A203F00600000098000000001F00F000AA03F0060000000B
:2041200098000000001F00F000A103F007000000A0000000001F00F000A203F007000000F2
:2041400098000000001F00F00000000000A203F00400000098000000001F00F00100000077
:2041600000A203F00000000098000000001F00F00200000000A203F00100000098000000D3
:20418000001F00F00300000000A003F00500000098000000001F00F00300000000A203F036
:2041A0000200000098000000001F00F00400000000A003F002000000B0000000001F00F0FE
:2041C0000400000000A203F00300000098000000001F00F00500000000A203F008000000FA
:2041E00090000000001F00F00600000000A003F00800000090000000001F00F007000000D9
:2042000000A003F00900000090000000001F00F00800000000AA03F0050000009800000021
:20422000002000F000C103F00D00000000000000002000F000B603F00100000001000000F2
:20424000002000F000B503F00200000002000000002000F000B503F00300000002000000E5
:20426000002000F000B603F003000000A0000000002000F000B603F0000000009800000091
:20428000002000F000C103F00C00000098000000002000F000B603F000000000A00000005D
:2042A000002000F000B603F001000000A0000000002000F000B603F0030000009800000050
:2042C000002000F000C103F00B00000098000000002000F00000000000C103F00A000000A9
:2042E00098000000002000F00100000000C103F00900000098000000002000F002000000AE
:2043000000C103F00800000098000000002000F00300000000B603F00200000098000000F3
:20432000002000F00700000000A203F00100000090000000002000F00700000000C103F075
:204340000700000098000000001C00F000000000001D00F001000000001E00F00200000094
:20436000001F00F003000000002000F004000000010102030405060608080A0A0C0C0C0FA4
:204380000000003F0000803F0000A03F0000C03F0000004000002040002D31010100001D24
:2043A0000500001F0101000017B75139030000000044018013012307FF0FFF0F1202112117
:2043C000BF0F3F3F011200000F3F000032000000FF000000000000003F00000000000000C0
:1E43E0003F000000000000003F000000F4430180FC43018000000000000000000000C9
:12440000030017B7D138020017B7D138010017B7D1381F
:20441400006003F00000000000AF03F00400000000000000006003F00100000000AE03F09A
:204434000300000000000000006003F00200000000AA03F00200000000000000006003F01E
:204454000200000000A203F00100000001000000006003F00200000000A003F004000000C3
:2044740002000000006003F00300000000AA03F00300000000000000006003F003000000DA
:2044940000AE03F00100000001000000006003F00300000000A203F0000000000200000078
:2044B400006003F00400000000C103F00700000000000000006003F00400000000AF03F0DD
:2044D4000500000003000000006003F00500000000AF03F00800000000000000006003F06B
:2044F4000600000000B403F00000000000000000006003F00600000000AB03F00A000000FA
:2045140003000000006003F00700000000B403F00900000000000000006003F00700000020
:2045340000AF03F00100000002000000001000F000000000001100F001000000001200F0BE
:20455400020000000002020202020202020203010101010202020202020202020202020212
:204574000202020202044040404040404040404040404040402020202020202020202040D9
:204594004040404040408888888888880808080808080808080808080808080808080808B7
:2045B4004040404040409090909090901010101010101010101010101010101010101010C7
:2045D4004040404002000000000000000000000000000000000000000000000000000000C5
:2045F4000000000000000000000000000000000000000000000000000000000000000000A7
:20461400000000000000000000000000000000000000000000000000000000000000000086
:20463400000000000000000000000000000000000000000000000000000000000000000066
:05465400000000000061
:09465C0066696C653A20257300C3
:0D46680066696C653A206D646B2F25730048
:094678006C696E653A20256400AE
:194684000D0A66696C65202573206C696E652025643A2025732E0D0A0006
:1546A0000D0A66696C65202573206C696E652025642E0D0A00E0
:0D46B800417373657274206572726F720039
:2046C8004C6F67206D657373616765002E2E2F6C69627261726965732F7A665F636F6D6D49
:2046E8006F6E2F7A665F636F6D6D6F6E5F6669666F2E63000000000000000000002F00001B
:2047080000000700070000147F147F1400242A7F2A120062640813230036495522500000F6
:204728000503000000001C224100000041221C000014083E08140008083E0808000000A0F7
:204748006000000808080808000060600000402010080402003E5149453E0000427F40002F
:20476800004261514946002141454B31001814127F10002745454539003C4A494930000146
:204788007109050300364949493600064949291E0000363600000000563600000008142233
:2047A800410000141414141400004122140800020151090600324959513E007C1211127CDA
:2047C800007F49494936003E41414122007F4141221C007F49494941007F09090901003E6B
:2047E8004149497A007F0808087F0000417F4100002040413F01007F08142241007F40406F
:204808004040007F020C027F007F0408107F003E4141413E007F09090906003E4151215EBA
:20482800007F091929460046494949310001017F0101003F4040403F001F2040201F003F50
:204848004038403F00631408146300070870080700615149454300007F4141000204081033
:204868002040000041417F00000402010204004040404040000001020400002054545478E7
:20488800007F4844443800384444442000384444487F00385454541800087E0901020018E8
:2048A800A4A4A47C007F080404780000447D4000004080847D00007F102844000000417F04
:2048C8004000007C04180478007C0804047800384444443800FC242424180018242418FC48
:2048E800007C0804040800485454542000043F444020003C4040207C001C2040201C003C85
:204908004030403C004428102844001CA0A0A07C004464544C44141414141414000000003F
:20492800000000000000000000000000000000F800000000000000333000000000100C06F2
:20494800100C0600000000000000000040C07840C0784000043F04043F040400007088FC77
:2049680008300000001820FF211E0000F008F000E018000000211C031E211E0000F0088884
:20498800700000001E2123241927211010160E00000000000000000000000000000000E094
:2049A80018040200000000071820400000020418E00000000040201807000000404080F0E5
:2049C800804040000202010F01020200000000F0000000000101011F0101010000000000A1
:2049E8000000000080B0700000000000000000000000000000010101010101010000000008
:204A08000000000000303000000000000000000080601804006018060100000000E01008BB
:204A28000810E000000F102020100F00001010F8000000000020203F2020000000700808A1
:204A480008887000003028242221300000300888884830000018202020110E000000C02028
:204A680010F8000000070424243F240000F80888880808000019212020110E0000E010883F
:204A880088180000000F112020110E0000380808C83808000000003F000000000070880860
:204AA80008887000001C222121221C0000E010080810E0000000312222110F00000000C0EB
:204AC800C0000000000000303000000000000080000000000000806000000000000080408E
:204AE800201008000001020408102000404040404040400004040404040404000008102023
:204B0800408000000020100804020100007048080808F0000000003036010000C030C82887
:204B2800E810E0000718272423140B000000C038E0000000203C23020227382008F88888FF
:204B480088700000203F202020110E00C030080808083800071820202010080008F8080888
:204B68000810E000203F202020100F0008F88888E8081000203F20202320180008F888883D
:204B8800E8081000203F200003000000C03008080838000007182020221E020008F80800A2
:204BA8000008F808203F210101213F20000808F8080800000020203F2020000000000808FC
:204BC800F8080800C08080807F00000008F888C028180800203F20012638200008F8080070
:204BE80000000000203F20202020300008F8F800F8F80800203F003F003F200008F830C0C1
:204C08000008F808203F200007183F00E01008080810E0000F10202020100F0008F8080801
:204C28000808F000203F210101010000E01008080810E0000F18242438504F0008F888889B
:204C480088887000203F2000030C302000708808080838000038202121221C00180808F8AE
:204C6800080818000000203F2000000008F808000008F808001F202020201F0008788800AF
:204C880000C83808000007380E010000F80800F80008F800033C0700073C0300081868802A
:204CA8008068180820302C03032C30200838C800C83808000000203F20000000100808082F
:204CC800C83808002038262120201800000000FE020202000000007F40404000000C30C08E
:204CE80000000000000000010638C00000020202FE000000004040407F0000000000040264
:204D080002020400000000000000000000000000000000008080808080808080000202047B
:204D280000000000000000000000000000008080808000000019242222223F2008F80080E9
:204D480080000000003F112020110E000000008080800000000E112020201100000000808C
:204D68008088F800000E112020103F200000808080800000001F222222221300008080F0B3
:204D8800888888180020203F202000000000808080808000006B94949493600008F8008082
:204DA80080800000203F210000203F2000809898000000000020203F2020000000000080FD
:204DC8009898000000C08080807F000008F8000080808000203F24022D302000000808F852
:204DE800000000000020203F202000008080808080808000203F20003F20003F80800080CF
:204E080080800000203F210000203F200000808080800000001F202020201F00808000804D
:204E28008000000080FFA12020110E000000008080808000000E112020A0FF80808080006D
:204E48008080800020203F212000010000008080808080000033242424241900008080E0CD
:204E6800808000000000001F202000008080000000808000001F202020103F20808080005D
:204E88000080808000010E300806010080800080008080800F300C030C300F0000808000A3
:204EA800808080000020312E0E312000808080000080808080818E701806010000808080EE
:204EC800808080000021302C2221300000000000807C020200000000003F4040000000009B
:204EE800FF00000000000000FF0000000002027C800000000040403F0000000000060101E5
:204F08000202040400000000000000002E2E2F6C69627261726965732F7A665F636F6D6D1B
:204F28006F6E2F7A665F636F6D6D6F6E5F66756E6374696F6E2E6300696D75363630726284
:134F48002073656C6620636865636B206572726F722E00F6
:204F5C002E2E2F6C69627261726965732F7A665F6465766963652F7A665F64657669636531
:204F7C005F696D7536363072622E63002E2E2F6C69627261726965732F7A665F646576690C
:164F9C0063652F7A665F6465766963655F6970733230302E63008B
:1A4FB4004D5439563033582073657420636F6E666967206572726F722E007E
:204FD0002E2E2F6C69627261726965732F7A665F6465766963652F7A665F646576696365BD
:0B4FF0005F6D7439763033782E63005B
:1A4FFC004D5439563033582067657420636F6E666967206572726F722E0042
:205018002E2E2F6C69627261726965732F7A665F6472697665722F7A665F6472697665723C
:075038005F646D612E63004F
:205040002E2E2F6C69627261726965732F7A665F6472697665722F7A665F64726976657214
:0B5060005F656E636F6465722E630075
:20506C002E2E2F6C69627261726965732F7A665F6472697665722F7A665F647269766572E8
:20508C005F657874692E63002E2E2F6C69627261726965732F7A665F6472697665722F7A6F
:0F50AC00665F6472697665725F70776D2E630060
:2050BC00C8FD0080D4FD0080E0FD0080ECFD0080F8FD008004FE008010FE00801CFE008059
:2050DC0028FE008034FE008040FE00804CFE008058FE008064FE008070FE00807CFE008034
:2050FC0088FE008094FE0080A0FE0080ACFE0080B8FE0080C4FE0080D0FE0080DCFE008014
:20511C00E8FE0080F4FE008000FF00800CFF008018FF008024FF008030FF00803CFF0080ED
:20513C0048FF008054FF008060FF00806CFF008078FF008084FF008090FF00809CFF0080CB
:20515C00A8FF0080B4FF0080C0FF0080CCFF0080D8FF0080E4FF0080F0FF0080FCFF0080AB
:20517C000800018014000180200001802C0001803800018044000180500001805C0001807B
:20519C006800018074000180800001808C00018098000180A4000180B0000180BC0001805B
:2051BC00C8000180D4000180E0000180EC000180F800018004010180100101801C01018038
:2051DC002801018034010180400101804C0101805801018064010180700101807C01018013
:2051FC008801018094010180A0010180AC010180B8010180C4010180D0010180DC010180F3
:20521C00E8010180F4010180000201800C0201801802018024020180300201803C020180CC
:20523C004802018054020180600201806C0201807802018084020180900201809C020180AA
:20525C00A8020180B4020180C0020180CC020180D8020180E4020180F0020180FA0201808C
:20527C00040301800E03018018030180220301802C03018036030180400301804A030180BA
:20529C00540301805E03018068030180720301807C03018086030180900301809A0301801A
:2052BC00A4030180AE030180B8030180C2030180CC030180D60301802E2E2F6C69627261B7
:2052DC00726965732F7A665F6472697665722F7A665F6472697665725F736F66745F6969BF
:2052FC00632E63002E2E2F6C69627261726965732F7A665F6472697665722F7A665F647218
:0B531C00697665725F7370692E630094
:205328002E2E2F6C69627261726965732F7A665F6472697665722F7A665F64726976657229
:205348005F756172742E6300913000FFD9FF0C9654FF370F6EF18FFF83813C01913000FFD8
:20536800D9FF28A654FF370F6EF18FFF83F13C019130004FD9440C9602846DFF948402F479
:205388006DFFAC84913000FFD9FF0C9654FF2E1B8F2800F0960154F0370070088F000100D2
:2053A800A60F74FF8F2800F0960254F0370070088F000100A60F74FF54FFDA00B70F81F06F
:2053C800CDCF20090D00C0040D00C004DA00B70F81F0CD0F04090D00C0040D00C004910031
:2053E8000000D900000091000080D988000091000090D9990000910000F8D9FF004080FFA7
:20540800CD4FE20F0D00C004910003F8D9FF000E80FFCD0FE20F0D00C004914000F7D9FF77
:2054280080C980FFCD8FE20F0D00C004913000FFD9FF0C9654FF2E1B8F2800F0960154F026
:20544800370070088F000100A60F74FF06288F3840F154F0370070088F000100A60F74FF0C
:2054680054FF6DFFDA836DFFBA81913000FF19FF28A66F1F12008F2220F09601913000FF03
:2054880019F028A6370070088F002100A60F913000FF59FF28A686228F2240F1913000FFE9
:2054A80019F028A6370070088F002100A60F913000FF59FF28A63C01913000FF19FF28A630
:2054C8001601DF1FFB7FDA00913000FF59FF18169120884F910003FAD9FF008080F46DFFC7
:0E54E8009984910000F8D9FFDAB7DC0F00902C
:2054F80091000010D91100003B0098F0CD4FE00F0D00C004913000FF19FF10167BD03801E8
:2055180026F07603DA003C248FBF0F01BF10138016FB913000FF19F018160F0FB0F18BFF99
:2055380001F1061F570062FF5E23DA013C02DA003C0FEF4F0400DA013C0B911088FF19FF21
:20555800000D370FE2F06E03DA013C02DA003C011E17911000F8D9FF4465DC0F3C06911050
:0A55780000F8D9FF6865DC0F009011
:20558400910000F8D9FF84952D0F2000910000F8D9FF96D52D0F2000911000F8D9FF6C85A7
:2055A400DC0F0090914000A7D9AA40890D008004914000F7D9FFC00991400027D922C00BF0
:2055C400A004802080FFA2F0DA404BF0114282003C1E80FFB70F1CF08F4F1F1080FFBBF066
:2055E400FF2F0662262F06AFA6F1F606CD81E30F0D00C0043C0274419AD47E05CDC1E30FFF
:205604000D00C00440F449FF001AC2103F40E3FFDA00744F0D0080040D00C004911000F854
:20562400D9FF48C5DC0F0090914000A7D9AA40890D008004914000F7D9FFC0099140002750
:20564400D922C00BA004802080FFA2F0DA404BF0114282003C1E80FFB70F1CF08F4F1F1049
:2056640080FFBBF0FF2F0662262F06AFA6F1F606CD81E30F0D00C0043C0274419AD47E05D4
:20568400CDC1E30F0D00C00440F449FF001AC2103F40E3FFDA00744F0D0080040D00C004ED
:2056A400911000F8D9FF70A5DC0F0090913000FFD9FF0C9654FF370F6EF18FFF83413C0124
:2056C400913000FFD9FF28A654FF370F6EF18FFF83F13C019130004FD9440C966DFF598312
:2056E40002F46DFF6E8391100048D94418E46DFFE474DF12038000A0911000F8D9FF48C5FB
:20570400DC0F0090911000F8D9FF54C5DC0F0090911000F8D9FF10D5DC0F00906DFFFF8544
:025724000090F3
:20572800007E03704CEE00804CEE00804CEE00804CEE00804CEE0080000000400AD7A33CCE
:205748000000F040000080BF00000000000068C20000A841E3A51B3DCDCCCC3F000000003B
:20576800000000000000000000000000000000000000000000000000000000000000000021
:2057880000000000000000003D0A57BE0000000000000000000000000000000000000000A5
:2057A8000000000000000000000000008FC2F5BC6F1283BA000050C29A99993EB81E853D6D
:2057C8000000003F000000000000804100000000000082429A9999BE000000006666C6BF22
:2057E80000000000000000000000000017B7D1385EBA493E00004040F4FD14420000000064
:20580800000000000000000000000000000000000000000000000000000000000000000080
:20582800000000000000000000000000000000000000000000000000000000000000000060
:20584800000000000000803F0000803F0000000000000000000000000000000000000000C2
:20586800000000000000000000000000000000000000000000000000000000000000000020
:205888000000000000000000000000000000000000000000000000000000803F0000004100
:2058A8000AD7233C9A99993F66660640000000000000000000000000000000000000000083
:2058C800000000004600000000000000000000000000000000000000000000000000FFFF7C
:2058E800400100F8F000E401E201E1010100000002000000030000000400000005000000BE
:2059080006000000070000000800000009000000000000000100000002005E0103003200CA
:205928000400BC0005007800060000000700000008003C00090000000000000001000001C6
:205948000000010001010100000000000100000000000070285701800400000001000000C5
:205968000400007040570180820100000100000088010070C2580180040000000100000076
:205988008C01007042590180010000000100000090010070C6580180020000000100000041
:2059A80094010070C8580180020000000100000098010070CA580180020000000100000087
:2059C8009C010070CC5801800200000001000000A0010070CE58018004000000010000004D
:2059E800A4010070435901800100000001000000A801007044590180010000000100000032
:205A0800AC010070455901800100000001000000B0010070D25801800A0000000100000069
:205A2800BC010070DC5801800200000001000000C0010070DE58018002000000010000008E
:205A4800C4010070E05801800200000001000000C8010070E2580180020000000100000056
:205A6800CC010070E45801800200000001000000D0010070E658018002000000010000001E
:205A8800D4010070465901800100000001000000D80100704759018001000000010000002B
:205AA800DC010070485901800100000001000000E0010070E8580180020000000100000058
:205AC800E4010070EA5801800200000001000000E8010070EC580180020000000100000082
:205AE800EC010070EE5801800200000001000000F0010070F058018002000000010000004A
:205B0800F4010070F25801800200000001000000F8010070495901800100000001000000BC
:205B2800FC010070F45801802400000001000000200200704A590180010000000100000046
:205B480024020070185901802A00000001000000500200702C5701800400000001000000BF
:205B6800540200704B5901800100000001000000580200703057018010000000010000004D
:205B8800680200704C59018001000000010000006C0200704D5901800100000001000000F4
:205BA800700200704E5901800100000001000000740200704F5901800500000002000000BB
:205BC8007C02007000000000F2D100000200000070D4007000000000020000000200000052
:205BE80074D400700000000017000000020000008CD4007000000000650000000200000095
:205C0800F4D400700000000065000000020000005CD5007000000000010000000200000039
:205C280060D50070000000002158000002000000842D017000000000010000000200000017
:205C4800882D0170000000001600000002000000A02D01700000000041000000020000007D
:205C6800E42D01700000000025000000020000000C2E017000000000410000000200000085
:205C8800502E0170000000002500000002000000782E01700000000041000000020000008C
:205CA800BC2E0170000000002500000002000000E42E017000000000410000000200000094
:205CC800282F0170000000002500000002000000502F01700000000041000000020000009A
:205CE800942F0170000000002500000002000000BC2F0170000000004100000002000000A2
:205D08000030017000000000250000000200000028300170000000004100000002000000A7
:205D28006C30017000000000250000000200000094300170000000004100000002000000AF
:205D4800D830017000000000250000000200000000310170000000004100000002000000B6
:205D6800443101700000000025000000020000006C310170000000004100000002000000BD
:205D8800B0310170000000002500000002000000D8310170000000004100000002000000C5
:205DA8001C32017000000000250000000200000044320170000000004000000002000000CC
:1C5DC80000330170000000004C01000000000000000000000000000000000000CE
:02000004802F4B
:0AE14000911000E8D9EE108BDC0E00
:0AE16000911000E8D9EE248BDC0ECC
:0AE18000911000E8D9EE347BDC0EAC
:0AE1A000911000E8D9EE248BDC0E8C
:0AE1C000911000E8D9EE08ABDC0E68
:0AE1E000911000E8D9EE2C9BDC0E34
:0AE20000911000E8D9EE248BDC0E2B
:0AE22000911000E8D9EE02BBDC0EFD
:0AE24000911000E8D9EE26ABDC0EC9
:0AE26000911000E8D9EE248BDC0ECB
:0AE28000911000E8D9EE3CBBDC0E63
:0AE2A000911000E8D9EE20BBDC0E5F
:0AE2C000911000E8D9EE248BDC0E6B
:0AE2E000911000E8D9EE248BDC0E4B
:0AE30000911000E8D9EE10CBDC0EFE
:0AE32000911000E8D9EE248BDC0E0A
:0AE34000911000E8D9EE248BDC0EEA
:0AE36000911000E8D9EE2CCBDC0E82
:0AE38000911000E8D9EE248BDC0EAA
:0AE3A000911000E8D9EE248BDC0E8A
:0AE3C000911000E8D9EE08DBDC0E36
:0AE3E000911000E8D9EE248BDC0E4A
:0AE40000911000E8D9EE248BDC0E29
:0AE42000911000E8D9EE24DBDC0EB9
:0AE44000911000E8D9EE248BDC0EE9
:0AE46000911000E8D9EE248BDC0EC9
:0AE48000911000E8D9EE00EBDC0E6D
:0AE4A000911000E8D9EE248BDC0E89
:0AE4C000911000E8D9EE248BDC0E69
:0AE4E000911000E8D9EE348BDC0E39
:0AE50000911000E8D9EE248BDC0E28
:0AE52000911000E8D9EE248BDC0E08
:0AE54000911000E8D9EE109BDC0EEC
:0AE64000911000E8D9EECCA9DC0E21
:0AE66000911000E8D9EE103BDC0E2B
:0AE68000911000E8D9EE323BDC0EE9
:0AE6A000911000E8D9EE144BDC0ED7
:0AE78000911000E8D9EE145BDC0EE6
:0AE7A000911000E8D9EE006BDC0ECA
:0AE7C000911000E8D9EE3A6BDC0E70
:0AE8C000911000E8D9EE364BDC0E93
:0AFB8000911000E8D9EECE9EDC0ED5
:0200000480304A
:200000000000000000000000000000000000000000000000000000000000000000000000E0
:200020000000000000000000000000000000000000000000000000000000000000000000C0
:200040000000000000000000000000000000000000000000000000000000000000000000A0
:20006000000000000000000000000000000000000000000000000000000000000000000080
:20008000000000000000000000000000000000000000000000000000000000000000000060
:2000A000000000000000000000000000000000000000000000000000000000000000000040
:2000C000000000000000000000000000000000000000000000000000000000000000000020
:2000E000000000000000000000000000000000000000000000000000000000000000000000
:200100000000000000000000000000000000000000000000000000000000000000000000DF
:200120000000000000000000000000000000000000000000000000000000000000000000BF
:2001400000000000000000000000000000000000000000000000000000000000000000009F
:2001600000000000000000000000000000000000000000000000000000000000000000007F
:2001800000000000000000000000000000000000000000000000000000000000000000005F
:2001A00000000000000000000000000000000000000000000000000000000000000000003F
:2001C00000000000000000000000000000000000000000000000000000000000000000001F
:2001E0000000000000000000000000000000000000000000000000000000000000000000FF
:20022C0085F81001913000FFD9FF189654FF370F6EF18FFF83113C01914000A6D9AA4089C4
:20024C000D0080043B0098F0CD4FE00F0D00C004913000FFD9FF189654FF2E1B8F2100F0E0
:20026C00960154F0370070088F000100A60F74FF8F2100F0960254F0370070088F00010075
:20028C00A60F74FF54FFDA00B70F81F0CDCF20090D00C0040D00C004DA00B70F81F0CD0F72
:2002AC0004090D00C0040D00C004910003F8D9FF000080FFCD4FE20F0D00C004910006F833
:2002CC00D9FF000C80FFCD0FE20F0D00C004914000F6D9FF80C980FFCD8FE20F0D00C0048C
:2002EC00913000FFD9FF189654FF2E1B8F2100F0960154F0370070088F000100A60F74FF2E
:20030C0006218F3140F154F0370070088F000100A60F74FF54FF91000000D90000009100C0
:20032C000010D911000091000080D988000091000090D9990000914000F6D9FFC009914079
:20034C000026D922C00BA004802080FFA2F0DA404BF0114282003C1E80FFB70F1CF08F4F9D
:20036C001F1080FFBBF0FF2F0662262F06AFA6F1F606CD81E30F0D00C0043C0274419AD473
:20038C007E05CDC1E30F0D00C00440F449FF001AC2103F40E3FFDA00744F0D0080040D0079
:2003AC00C0046DE8AA2CBB7071FB9B1F8DF34BF241F04B0F71013C0185FF1001A28F3F0FE6
:2003CC00FDFF9140884F910003FAD9FF208080F46DE81E2D911000F8D9FF3E38DC0F0090F1
:2003EC0085F81001913000FFD9FF249654FF370F6EF18FFF83113C01911000A5D9AA40852C
:20040C000D0080043B0098F0CD4FE00F0D00C004913000FFD9FF249654FF2E1B8F2100F012
:20042C00960154F0370070088F000100A60F74FF8F2100F0960254F0370070088F000100B3
:20044C00A60F74FF54FFDA00B70F81F0CDCF20090D00C0040D00C004DA00B70F81F0CD0FB0
:20046C0004090D00C0040D00C004910003F8D9FF004080FFCD4FE20F0D00C004910006F831
:20048C00D9FF000E80FFCD0FE20F0D00C004911000F5D9FF80C580FFCD8FE20F0D00C004FD
:2004AC00913000FFD9FF249654FF2E1B8F2100F0960154F0370070088F000100A60F74FF60
:2004CC0006218F3140F154F0370070088F000100A60F74FF54FF91000000D90000009100FF
:2004EC000010D911000091000080D988000091000090D9990000911000F5D9FFC00591101D
:20050C000025D922C007A004802080FFA2F0DA404BF0114282003C1E80FFB70F1CF08F4FE0
:20052C001F1080FFBBF0FF2F0662262F06AFA6F1F606CD81E30F0D00C0043C0274419AD4B1
:20054C007E05CDC1E30F0D00C00440F449FF001AC2103F40E3FFDA00744F0D0080040D00B7
:20056C00C0046DE8CA2BBB7071FB9B1F8DF34BF241F04B0F71013C0185FF1001A28F3F0F05
:0E058C00FDFF911000F8D9FF3E38DC0F009003
:02000004805F1B
:0ADBA000911000E8D9EEF49EDC0EAF
:0AFBC000911000E8D9EEDAAEDC0E79
:02000004A0005A
:20000000911000F8D9FF7835DC0F0090000000000000000000000000000000000000000047
:02000004A0302A
:20020000910003F8D9FF2C80DC0F0090000000000000000000000000000000000000000053
:0C022000910003F8D9FF2CF0DC0F0090D7
:02000004AF400B
:200000007E0059B3000000A0E2E59F801D1A607F00000000000000000000000000000000BA
:200020000000000000000000000000000000000000000000000000000000000000000000C0
:200040000000000000000000000000000000000000000000000000000000000000000000A0
:20006000000000000000000000000000000000000000000000000000000000000000000080
:20008000000000000000000000000000000000000000000000000000000000000000000060
:2000A000000000000000000000000000000000000000000000000000000000000000000040
:2000C000000000000000000000000000000000000000000000000000000000000000000020
:2000E000000000000000000000000000000000000000000000000000000000000000000000
:200100000000000000000000000000000000000000000000000000000000000000000000DF
:200120000000000000000000000000000000000000000000000000000000000000000000BF
:2001400000000000000000000000000000000000000000000000000000000000000000009F
:2001600000000000000000000000000000000000000000000000000000000000000000007F
:2001800000000000000000000000000000000000000000000000000000000000000000005F
:2001A00000000000000000000000000000000000000000000000000000000000000000003F
:2001C00000000000000000000000000000000000000000000000000000000000000000001F
:1401E000000000000000000000000000000000003412214361
:200200007E0059B3000000A0E2E59F801D1A607F00000000000000000000000000000000B8
:200220000000000000000000000000000000000000000000000000000000000000000000BE
:2002400000000000000000000000000000000000000000000000000000000000000000009E
:2002600000000000000000000000000000000000000000000000000000000000000000007E
:2002800000000000000000000000000000000000000000000000000000000000000000005E
:2002A00000000000000000000000000000000000000000000000000000000000000000003E
:2002C00000000000000000000000000000000000000000000000000000000000000000001E
:2002E0000000000000000000000000000000000000000000000000000000000000000000FE
:200300000000000000000000000000000000000000000000000000000000000000000000DD
:200320000000000000000000000000000000000000000000000000000000000000000000BD
:2003400000000000000000000000000000000000000000000000000000000000000000009D
:2003600000000000000000000000000000000000000000000000000000000000000000007D
:2003800000000000000000000000000000000000000000000000000000000000000000005D
:2003A00000000000000000000000000000000000000000000000000000000000000000003D
:2003C00000000000000000000000000000000000000000000000000000000000000000001D
:1403E00000000000000000000000000000000000341221435F
:200400007E0059B3000000A0E2E59F801D1A607F00000000000000000000000000000000B6
:200420000000000000000000000000000000000000000000000000000000000000000000BC
:2004400000000000000000000000000000000000000000000000000000000000000000009C
:2004600000000000000000000000000000000000000000000000000000000000000000007C
:2004800000000000000000000000000000000000000000000000000000000000000000005C
:2004A00000000000000000000000000000000000000000000000000000000000000000003C
:2004C00000000000000000000000000000000000000000000000000000000000000000001C
:2004E0000000000000000000000000000000000000000000000000000000000000000000FC
:200500000000000000000000000000000000000000000000000000000000000000000000DB
:200520000000000000000000000000000000000000000000000000000000000000000000BB
:2005400000000000000000000000000000000000000000000000000000000000000000009B
:2005600000000000000000000000000000000000000000000000000000000000000000007B
:2005800000000000000000000000000000000000000000000000000000000000000000005B
:2005A00000000000000000000000000000000000000000000000000000000000000000003B
:2005C00000000000000000000000000000000000000000000000000000000000000000001B
:1405E00000000000000000000000000000000000341221435D
:200600007E0059B3000000A0E2E59F801D1A607F00000000000000000000000000000000B4
:200620000000000000000000000000000000000000000000000000000000000000000000BA
:2006400000000000000000000000000000000000000000000000000000000000000000009A
:2006600000000000000000000000000000000000000000000000000000000000000000007A
:2006800000000000000000000000000000000000000000000000000000000000000000005A
:2006A00000000000000000000000000000000000000000000000000000000000000000003A
:2006C00000000000000000000000000000000000000000000000000000000000000000001A
:2006E0000000000000000000000000000000000000000000000000000000000000000000FA
:200700000000000000000000000000000000000000000000000000000000000000000000D9
:200720000000000000000000000000000000000000000000000000000000000000000000B9
:20074000000000000000000000000000000000000000000000000000000000000000000099
:20076000000000000000000000000000000000000000000000000000000000000000000079
:20078000000000000000000000000000000000000000000000000000000000000000000059
:2007A000000000000000000000000000000000000000000000000000000000000000000039
:2007C000000000000000000000000000000000000000000000000000000000000000000019
:1407E00000000000000000000000000000000000341221435B
:201000007E0059B3000000A0E2E59F801D1A607F00000000000000000000000000000000AA
:201020000000000000000000000000000000000000000000000000000000000000000000B0
:20104000000000000000000000000000000000000000000000000000000000000000000090
:20106000000000000000000000000000000000000000000000000000000000000000000070
:20108000000000000000000000000000000000000000000000000000000000000000000050
:2010A000000000000000000000000000000000000000000000000000000000000000000030
:2010C000000000000000000000000000000000000000000000000000000000000000000010
:2010E0000000000000000000000000000000000000000000000000000000000000000000F0
:201100000000000000000000000000000000000000000000000000000000000000000000CF
:201120000000000000000000000000000000000000000000000000000000000000000000AF
:2011400000000000000000000000000000000000000000000000000000000000000000008F
:2011600000000000000000000000000000000000000000000000000000000000000000006F
:2011800000000000000000000000000000000000000000000000000000000000000000004F
:2011A00000000000000000000000000000000000000000000000000000000000000000002F
:2011C00000000000000000000000000000000000000000000000000000000000000000000F
:1411E000000000000000000000000000000000003412214351
:201200007E0059B3000000A0E2E59F801D1A607F00000000000000000000000000000000A8
:201220000000000000000000000000000000000000000000000000000000000000000000AE
:2012400000000000000000000000000000000000000000000000000000000000000000008E
:2012600000000000000000000000000000000000000000000000000000000000000000006E
:2012800000000000000000000000000000000000000000000000000000000000000000004E
:2012A00000000000000000000000000000000000000000000000000000000000000000002E
:2012C00000000000000000000000000000000000000000000000000000000000000000000E
:2012E0000000000000000000000000000000000000000000000000000000000000000000EE
:201300000000000000000000000000000000000000000000000000000000000000000000CD
:201320000000000000000000000000000000000000000000000000000000000000000000AD
:2013400000000000000000000000000000000000000000000000000000000000000000008D
:2013600000000000000000000000000000000000000000000000000000000000000000006D
:2013800000000000000000000000000000000000000000000000000000000000000000004D
:2013A00000000000000000000000000000000000000000000000000000000000000000002D
:2013C00000000000000000000000000000000000000000000000000000000000000000000D
:1413E00000000000000000000000000000000000341221434F
:201400007E0059B3000000A0E2E59F801D1A607F00000000000000000000000000000000A6
:201420000000000000000000000000000000000000000000000000000000000000000000AC
:2014400000000000000000000000000000000000000000000000000000000000000000008C
:2014600000000000000000000000000000000000000000000000000000000000000000006C
:2014800000000000000000000000000000000000000000000000000000000000000000004C
:2014A00000000000000000000000000000000000000000000000000000000000000000002C
:2014C00000000000000000000000000000000000000000000000000000000000000000000C
:2014E0000000000000000000000000000000000000000000000000000000000000000000EC
:201500000000000000000000000000000000000000000000000000000000000000000000CB
:201520000000000000000000000000000000000000000000000000000000000000000000AB
:2015400000000000000000000000000000000000000000000000000000000000000000008B
:2015600000000000000000000000000000000000000000000000000000000000000000006B
:2015800000000000000000000000000000000000000000000000000000000000000000004B
:2015A00000000000000000000000000000000000000000000000000000000000000000002B
:2015C00000000000000000000000000000000000000000000000000000000000000000000B
:1415E00000000000000000000000000000000000341221434D
:201600007E0059B3000000A0E2E59F801D1A607F00000000000000000000000000000000A4
:201620000000000000000000000000000000000000000000000000000000000000000000AA
:2016400000000000000000000000000000000000000000000000000000000000000000008A
:2016600000000000000000000000000000000000000000000000000000000000000000006A
:2016800000000000000000000000000000000000000000000000000000000000000000004A
:2016A00000000000000000000000000000000000000000000000000000000000000000002A
:2016C00000000000000000000000000000000000000000000000000000000000000000000A
:2016E0000000000000000000000000000000000000000000000000000000000000000000EA
:201700000000000000000000000000000000000000000000000000000000000000000000C9
:201720000000000000000000000000000000000000000000000000000000000000000000A9
:20174000000000000000000000000000000000000000000000000000000000000000000089
:20176000000000000000000000000000000000000000000000000000000000000000000069
:20178000000000000000000000000000000000000000000000000000000000000000000049
:2017A000000000000000000000000000000000000000000000000000000000000000000029
:2017C000000000000000000000000000000000000000000000000000000000000000000009
:1417E00000000000000000000000000000000000341221434B
:04000005A000000057
:00000001FF
